standard_job,standard_category,month,month_index,demand_trend_type,planned_jd_count,is_active_month
大模型算法工程师,AI算法,2024-12,1,持续上升,2,yes
大模型算法工程师,AI算法,2025-01,2,持续上升,1,yes
大模型算法工程师,AI算法,2025-02,3,持续上升,1,yes
大模型算法工程师,AI算法,2025-03,4,持续上升,1,yes
大模型算法工程师,AI算法,2025-04,5,持续上升,2,yes
大模型算法工程师,AI算法,2025-05,6,持续上升,2,yes
大模型算法工程师,AI算法,2025-06,7,持续上升,2,yes
大模型算法工程师,AI算法,2025-07,8,持续上升,2,yes
大模型算法工程师,AI算法,2025-08,9,持续上升,2,yes
大模型算法工程师,AI算法,2025-09,10,持续上升,2,yes
大模型算法工程师,AI算法,2025-10,11,持续上升,3,yes
大模型算法工程师,AI算法,2025-11,12,持续上升,3,yes
大模型算法工程师,AI算法,2025-12,13,持续上升,3,yes
大模型算法工程师,AI算法,2026-01,14,持续上升,4,yes
大模型算法工程师,AI算法,2026-02,15,持续上升,3,yes
大模型算法工程师,AI算法,2026-03,16,持续上升,3,yes
大模型算法工程师,AI算法,2026-04,17,持续上升,3,yes
大模型算法工程师,AI算法,2026-05,18,持续上升,5,yes
大模型算法工程师,AI算法,2026-06,19,持续上升,4,yes
大模型算法工程师,AI算法,2026-07,20,持续上升,4,yes
大模型应用工程师,AI应用,2024-12,1,稳定波动,2,yes
大模型应用工程师,AI应用,2025-01,2,稳定波动,4,yes
大模型应用工程师,AI应用,2025-02,3,稳定波动,4,yes
大模型应用工程师,AI应用,2025-03,4,稳定波动,4,yes
大模型应用工程师,AI应用,2025-04,5,稳定波动,3,yes
大模型应用工程师,AI应用,2025-05,6,稳定波动,3,yes
大模型应用工程师,AI应用,2025-06,7,稳定波动,3,yes
大模型应用工程师,AI应用,2025-07,8,稳定波动,3,yes
大模型应用工程师,AI应用,2025-08,9,稳定波动,4,yes
大模型应用工程师,AI应用,2025-09,10,稳定波动,3,yes
大模型应用工程师,AI应用,2025-10,11,稳定波动,4,yes
大模型应用工程师,AI应用,2025-11,12,稳定波动,3,yes
大模型应用工程师,AI应用,2025-12,13,稳定波动,0,no
大模型应用工程师,AI应用,2026-01,14,稳定波动,2,yes
大模型应用工程师,AI应用,2026-02,15,稳定波动,3,yes
大模型应用工程师,AI应用,2026-03,16,稳定波动,4,yes
大模型应用工程师,AI应用,2026-04,17,稳定波动,4,yes
大模型应用工程师,AI应用,2026-05,18,稳定波动,4,yes
大模型应用工程师,AI应用,2026-06,19,稳定波动,3,yes
大模型应用工程师,AI应用,2026-07,20,稳定波动,2,yes
AI应用工程师,AI应用,2024-12,1,持续上升,2,yes
AI应用工程师,AI应用,2025-01,2,持续上升,2,yes
AI应用工程师,AI应用,2025-02,3,持续上升,2,yes
AI应用工程师,AI应用,2025-03,4,持续上升,1,yes
AI应用工程师,AI应用,2025-04,5,持续上升,1,yes
AI应用工程师,AI应用,2025-05,6,持续上升,1,yes
AI应用工程师,AI应用,2025-06,7,持续上升,2,yes
AI应用工程师,AI应用,2025-07,8,持续上升,2,yes
AI应用工程师,AI应用,2025-08,9,持续上升,1,yes
AI应用工程师,AI应用,2025-09,10,持续上升,2,yes
AI应用工程师,AI应用,2025-10,11,持续上升,2,yes
AI应用工程师,AI应用,2025-11,12,持续上升,2,yes
AI应用工程师,AI应用,2025-12,13,持续上升,2,yes
AI应用工程师,AI应用,2026-01,14,持续上升,3,yes
AI应用工程师,AI应用,2026-02,15,持续上升,3,yes
AI应用工程师,AI应用,2026-03,16,持续上升,3,yes
AI应用工程师,AI应用,2026-04,17,持续上升,3,yes
AI应用工程师,AI应用,2026-05,18,持续上升,4,yes
AI应用工程师,AI应用,2026-06,19,持续上升,4,yes
AI应用工程师,AI应用,2026-07,20,持续上升,4,yes
AI安全工程师,AI安全,2024-12,1,消失后再出现,2,yes
AI安全工程师,AI安全,2025-01,2,消失后再出现,0,no
AI安全工程师,AI安全,2025-02,3,消失后再出现,3,yes
AI安全工程师,AI安全,2025-03,4,消失后再出现,2,yes
AI安全工程师,AI安全,2025-04,5,消失后再出现,2,yes
AI安全工程师,AI安全,2025-05,6,消失后再出现,2,yes
AI安全工程师,AI安全,2025-06,7,消失后再出现,1,yes
AI安全工程师,AI安全,2025-07,8,消失后再出现,1,yes
AI安全工程师,AI安全,2025-08,9,消失后再出现,0,no
AI安全工程师,AI安全,2025-09,10,消失后再出现,2,yes
AI安全工程师,AI安全,2025-10,11,消失后再出现,0,no
AI安全工程师,AI安全,2025-11,12,消失后再出现,0,no
AI安全工程师,AI安全,2025-12,13,消失后再出现,0,no
AI安全工程师,AI安全,2026-01,14,消失后再出现,0,no
AI安全工程师,AI安全,2026-02,15,消失后再出现,0,no
AI安全工程师,AI安全,2026-03,16,消失后再出现,1,yes
AI安全工程师,AI安全,2026-04,17,消失后再出现,2,yes
AI安全工程师,AI安全,2026-05,18,消失后再出现,0,no
AI安全工程师,AI安全,2026-06,19,消失后再出现,0,no
AI安全工程师,AI安全,2026-07,20,消失后再出现,3,yes
AI Infra工程师,AI基础设施,2024-12,1,持续下降,3,yes
AI Infra工程师,AI基础设施,2025-01,2,持续下降,3,yes
AI Infra工程师,AI基础设施,2025-02,3,持续下降,0,no
AI Infra工程师,AI基础设施,2025-03,4,持续下降,3,yes
AI Infra工程师,AI基础设施,2025-04,5,持续下降,2,yes
AI Infra工程师,AI基础设施,2025-05,6,持续下降,2,yes
AI Infra工程师,AI基础设施,2025-06,7,持续下降,2,yes
AI Infra工程师,AI基础设施,2025-07,8,持续下降,2,yes
AI Infra工程师,AI基础设施,2025-08,9,持续下降,2,yes
AI Infra工程师,AI基础设施,2025-09,10,持续下降,2,yes
AI Infra工程师,AI基础设施,2025-10,11,持续下降,2,yes
AI Infra工程师,AI基础设施,2025-11,12,持续下降,1,yes
AI Infra工程师,AI基础设施,2025-12,13,持续下降,0,no
AI Infra工程师,AI基础设施,2026-01,14,持续下降,1,yes
AI Infra工程师,AI基础设施,2026-02,15,持续下降,1,yes
AI Infra工程师,AI基础设施,2026-03,16,持续下降,2,yes
AI Infra工程师,AI基础设施,2026-04,17,持续下降,1,yes
AI Infra工程师,AI基础设施,2026-05,18,持续下降,2,yes
AI Infra工程师,AI基础设施,2026-06,19,持续下降,1,yes
AI Infra工程师,AI基础设施,2026-07,20,持续下降,1,yes
AIGC算法工程师,AI算法,2024-12,1,稳定波动,2,yes
AIGC算法工程师,AI算法,2025-01,2,稳定波动,2,yes
AIGC算法工程师,AI算法,2025-02,3,稳定波动,3,yes
AIGC算法工程师,AI算法,2025-03,4,稳定波动,2,yes
AIGC算法工程师,AI算法,2025-04,5,稳定波动,2,yes
AIGC算法工程师,AI算法,2025-05,6,稳定波动,0,no
AIGC算法工程师,AI算法,2025-06,7,稳定波动,2,yes
AIGC算法工程师,AI算法,2025-07,8,稳定波动,2,yes
AIGC算法工程师,AI算法,2025-08,9,稳定波动,2,yes
AIGC算法工程师,AI算法,2025-09,10,稳定波动,3,yes
AIGC算法工程师,AI算法,2025-10,11,稳定波动,2,yes
AIGC算法工程师,AI算法,2025-11,12,稳定波动,1,yes
AIGC算法工程师,AI算法,2025-12,13,稳定波动,2,yes
AIGC算法工程师,AI算法,2026-01,14,稳定波动,2,yes
AIGC算法工程师,AI算法,2026-02,15,稳定波动,2,yes
AIGC算法工程师,AI算法,2026-03,16,稳定波动,3,yes
AIGC算法工程师,AI算法,2026-04,17,稳定波动,2,yes
AIGC算法工程师,AI算法,2026-05,18,稳定波动,2,yes
AIGC算法工程师,AI算法,2026-06,19,稳定波动,2,yes
AIGC算法工程师,AI算法,2026-07,20,稳定波动,1,yes
多模态算法工程师,AI算法,2024-12,1,先上升后下降,2,yes
多模态算法工程师,AI算法,2025-01,2,先上升后下降,2,yes
多模态算法工程师,AI算法,2025-02,3,先上升后下降,1,yes
多模态算法工程师,AI算法,2025-03,4,先上升后下降,2,yes
多模态算法工程师,AI算法,2025-04,5,先上升后下降,1,yes
多模态算法工程师,AI算法,2025-05,6,先上升后下降,2,yes
多模态算法工程师,AI算法,2025-06,7,先上升后下降,3,yes
多模态算法工程师,AI算法,2025-07,8,先上升后下降,3,yes
多模态算法工程师,AI算法,2025-08,9,先上升后下降,2,yes
多模态算法工程师,AI算法,2025-09,10,先上升后下降,3,yes
多模态算法工程师,AI算法,2025-10,11,先上升后下降,3,yes
多模态算法工程师,AI算法,2025-11,12,先上升后下降,3,yes
多模态算法工程师,AI算法,2025-12,13,先上升后下降,3,yes
多模态算法工程师,AI算法,2026-01,14,先上升后下降,0,no
多模态算法工程师,AI算法,2026-02,15,先上升后下降,4,yes
多模态算法工程师,AI算法,2026-03,16,先上升后下降,3,yes
多模态算法工程师,AI算法,2026-04,17,先上升后下降,3,yes
多模态算法工程师,AI算法,2026-05,18,先上升后下降,2,yes
多模态算法工程师,AI算法,2026-06,19,先上升后下降,1,yes
多模态算法工程师,AI算法,2026-07,20,先上升后下降,2,yes
NLP算法工程师,AI算法,2024-12,1,稳定波动,2,yes
NLP算法工程师,AI算法,2025-01,2,稳定波动,3,yes
NLP算法工程师,AI算法,2025-02,3,稳定波动,2,yes
NLP算法工程师,AI算法,2025-03,4,稳定波动,2,yes
NLP算法工程师,AI算法,2025-04,5,稳定波动,2,yes
NLP算法工程师,AI算法,2025-05,6,稳定波动,1,yes
NLP算法工程师,AI算法,2025-06,7,稳定波动,1,yes
NLP算法工程师,AI算法,2025-07,8,稳定波动,2,yes
NLP算法工程师,AI算法,2025-08,9,稳定波动,3,yes
NLP算法工程师,AI算法,2025-09,10,稳定波动,3,yes
NLP算法工程师,AI算法,2025-10,11,稳定波动,3,yes
NLP算法工程师,AI算法,2025-11,12,稳定波动,2,yes
NLP算法工程师,AI算法,2025-12,13,稳定波动,2,yes
NLP算法工程师,AI算法,2026-01,14,稳定波动,2,yes
NLP算法工程师,AI算法,2026-02,15,稳定波动,2,yes
NLP算法工程师,AI算法,2026-03,16,稳定波动,3,yes
NLP算法工程师,AI算法,2026-04,17,稳定波动,3,yes
NLP算法工程师,AI算法,2026-05,18,稳定波动,2,yes
NLP算法工程师,AI算法,2026-06,19,稳定波动,2,yes
NLP算法工程师,AI算法,2026-07,20,稳定波动,1,yes
计算机视觉算法工程师,AI算法,2024-12,1,稳定波动,2,yes
计算机视觉算法工程师,AI算法,2025-01,2,稳定波动,3,yes
计算机视觉算法工程师,AI算法,2025-02,3,稳定波动,3,yes
计算机视觉算法工程师,AI算法,2025-03,4,稳定波动,2,yes
计算机视觉算法工程师,AI算法,2025-04,5,稳定波动,2,yes
计算机视觉算法工程师,AI算法,2025-05,6,稳定波动,1,yes
计算机视觉算法工程师,AI算法,2025-06,7,稳定波动,2,yes
计算机视觉算法工程师,AI算法,2025-07,8,稳定波动,2,yes
计算机视觉算法工程师,AI算法,2025-08,9,稳定波动,2,yes
计算机视觉算法工程师,AI算法,2025-09,10,稳定波动,2,yes
计算机视觉算法工程师,AI算法,2025-10,11,稳定波动,2,yes
计算机视觉算法工程师,AI算法,2025-11,12,稳定波动,2,yes
计算机视觉算法工程师,AI算法,2025-12,13,稳定波动,2,yes
计算机视觉算法工程师,AI算法,2026-01,14,稳定波动,2,yes
计算机视觉算法工程师,AI算法,2026-02,15,稳定波动,2,yes
计算机视觉算法工程师,AI算法,2026-03,16,稳定波动,2,yes
计算机视觉算法工程师,AI算法,2026-04,17,稳定波动,3,yes
计算机视觉算法工程师,AI算法,2026-05,18,稳定波动,2,yes
计算机视觉算法工程师,AI算法,2026-06,19,稳定波动,2,yes
计算机视觉算法工程师,AI算法,2026-07,20,稳定波动,1,yes
语音算法工程师,AI算法,2024-12,1,先上升后稳定,2,yes
语音算法工程师,AI算法,2025-01,2,先上升后稳定,2,yes
语音算法工程师,AI算法,2025-02,3,先上升后稳定,0,no
语音算法工程师,AI算法,2025-03,4,先上升后稳定,1,yes
语音算法工程师,AI算法,2025-04,5,先上升后稳定,2,yes
语音算法工程师,AI算法,2025-05,6,先上升后稳定,2,yes
语音算法工程师,AI算法,2025-06,7,先上升后稳定,2,yes
语音算法工程师,AI算法,2025-07,8,先上升后稳定,2,yes
语音算法工程师,AI算法,2025-08,9,先上升后稳定,3,yes
语音算法工程师,AI算法,2025-09,10,先上升后稳定,3,yes
语音算法工程师,AI算法,2025-10,11,先上升后稳定,3,yes
语音算法工程师,AI算法,2025-11,12,先上升后稳定,3,yes
语音算法工程师,AI算法,2025-12,13,先上升后稳定,3,yes
语音算法工程师,AI算法,2026-01,14,先上升后稳定,3,yes
语音算法工程师,AI算法,2026-02,15,先上升后稳定,3,yes
语音算法工程师,AI算法,2026-03,16,先上升后稳定,3,yes
语音算法工程师,AI算法,2026-04,17,先上升后稳定,3,yes
语音算法工程师,AI算法,2026-05,18,先上升后稳定,3,yes
语音算法工程师,AI算法,2026-06,19,先上升后稳定,3,yes
语音算法工程师,AI算法,2026-07,20,先上升后稳定,3,yes
推荐算法工程师,算法,2024-12,1,先上升后下降,2,yes
推荐算法工程师,算法,2025-01,2,先上升后下降,1,yes
推荐算法工程师,算法,2025-02,3,先上升后下降,1,yes
推荐算法工程师,算法,2025-03,4,先上升后下降,2,yes
推荐算法工程师,算法,2025-04,5,先上升后下降,2,yes
推荐算法工程师,算法,2025-05,6,先上升后下降,2,yes
推荐算法工程师,算法,2025-06,7,先上升后下降,3,yes
推荐算法工程师,算法,2025-07,8,先上升后下降,0,no
推荐算法工程师,算法,2025-08,9,先上升后下降,3,yes
推荐算法工程师,算法,2025-09,10,先上升后下降,3,yes
推荐算法工程师,算法,2025-10,11,先上升后下降,4,yes
推荐算法工程师,算法,2025-11,12,先上升后下降,5,yes
推荐算法工程师,算法,2025-12,13,先上升后下降,4,yes
推荐算法工程师,算法,2026-01,14,先上升后下降,3,yes
推荐算法工程师,算法,2026-02,15,先上升后下降,3,yes
推荐算法工程师,算法,2026-03,16,先上升后下降,2,yes
推荐算法工程师,算法,2026-04,17,先上升后下降,2,yes
推荐算法工程师,算法,2026-05,18,先上升后下降,2,yes
推荐算法工程师,算法,2026-06,19,先上升后下降,2,yes
推荐算法工程师,算法,2026-07,20,先上升后下降,1,yes
搜索算法工程师,算法,2024-12,1,持续上升,2,yes
搜索算法工程师,算法,2025-01,2,持续上升,2,yes
搜索算法工程师,算法,2025-02,3,持续上升,2,yes
搜索算法工程师,算法,2025-03,4,持续上升,2,yes
搜索算法工程师,算法,2025-04,5,持续上升,2,yes
搜索算法工程师,算法,2025-05,6,持续上升,1,yes
搜索算法工程师,算法,2025-06,7,持续上升,1,yes
搜索算法工程师,算法,2025-07,8,持续上升,1,yes
搜索算法工程师,算法,2025-08,9,持续上升,1,yes
搜索算法工程师,算法,2025-09,10,持续上升,2,yes
搜索算法工程师,算法,2025-10,11,持续上升,0,no
搜索算法工程师,算法,2025-11,12,持续上升,2,yes
搜索算法工程师,算法,2025-12,13,持续上升,2,yes
搜索算法工程师,算法,2026-01,14,持续上升,2,yes
搜索算法工程师,算法,2026-02,15,持续上升,2,yes
搜索算法工程师,算法,2026-03,16,持续上升,2,yes
搜索算法工程师,算法,2026-04,17,持续上升,3,yes
搜索算法工程师,算法,2026-05,18,持续上升,3,yes
搜索算法工程师,算法,2026-06,19,持续上升,2,yes
搜索算法工程师,算法,2026-07,20,持续上升,3,yes
广告算法工程师,算法,2024-12,1,先上升后下降,2,yes
广告算法工程师,算法,2025-01,2,先上升后下降,2,yes
广告算法工程师,算法,2025-02,3,先上升后下降,1,yes
广告算法工程师,算法,2025-03,4,先上升后下降,1,yes
广告算法工程师,算法,2025-04,5,先上升后下降,1,yes
广告算法工程师,算法,2025-05,6,先上升后下降,2,yes
广告算法工程师,算法,2025-06,7,先上升后下降,2,yes
广告算法工程师,算法,2025-07,8,先上升后下降,2,yes
广告算法工程师,算法,2025-08,9,先上升后下降,2,yes
广告算法工程师,算法,2025-09,10,先上升后下降,3,yes
广告算法工程师,算法,2025-10,11,先上升后下降,3,yes
广告算法工程师,算法,2025-11,12,先上升后下降,3,yes
广告算法工程师,算法,2025-12,13,先上升后下降,3,yes
广告算法工程师,算法,2026-01,14,先上升后下降,0,no
广告算法工程师,算法,2026-02,15,先上升后下降,2,yes
广告算法工程师,算法,2026-03,16,先上升后下降,2,yes
广告算法工程师,算法,2026-04,17,先上升后下降,2,yes
广告算法工程师,算法,2026-05,18,先上升后下降,2,yes
广告算法工程师,算法,2026-06,19,先上升后下降,1,yes
广告算法工程师,算法,2026-07,20,先上升后下降,1,yes
风控算法工程师,算法,2024-12,1,持续下降,3,yes
风控算法工程师,算法,2025-01,2,持续下降,3,yes
风控算法工程师,算法,2025-02,3,持续下降,3,yes
风控算法工程师,算法,2025-03,4,持续下降,3,yes
风控算法工程师,算法,2025-04,5,持续下降,2,yes
风控算法工程师,算法,2025-05,6,持续下降,2,yes
风控算法工程师,算法,2025-06,7,持续下降,2,yes
风控算法工程师,算法,2025-07,8,持续下降,2,yes
风控算法工程师,算法,2025-08,9,持续下降,2,yes
风控算法工程师,算法,2025-09,10,持续下降,2,yes
风控算法工程师,算法,2025-10,11,持续下降,2,yes
风控算法工程师,算法,2025-11,12,持续下降,1,yes
风控算法工程师,算法,2025-12,13,持续下降,1,yes
风控算法工程师,算法,2026-01,14,持续下降,1,yes
风控算法工程师,算法,2026-02,15,持续下降,2,yes
风控算法工程师,算法,2026-03,16,持续下降,2,yes
风控算法工程师,算法,2026-04,17,持续下降,1,yes
风控算法工程师,算法,2026-05,18,持续下降,0,no
风控算法工程师,算法,2026-06,19,持续下降,2,yes
风控算法工程师,算法,2026-07,20,持续下降,1,yes
机器学习算法工程师,AI算法,2024-12,1,稳定波动,2,yes
机器学习算法工程师,AI算法,2025-01,2,稳定波动,3,yes
机器学习算法工程师,AI算法,2025-02,3,稳定波动,3,yes
机器学习算法工程师,AI算法,2025-03,4,稳定波动,2,yes
机器学习算法工程师,AI算法,2025-04,5,稳定波动,2,yes
机器学习算法工程师,AI算法,2025-05,6,稳定波动,2,yes
机器学习算法工程师,AI算法,2025-06,7,稳定波动,2,yes
机器学习算法工程师,AI算法,2025-07,8,稳定波动,2,yes
机器学习算法工程师,AI算法,2025-08,9,稳定波动,3,yes
机器学习算法工程师,AI算法,2025-09,10,稳定波动,3,yes
机器学习算法工程师,AI算法,2025-10,11,稳定波动,2,yes
机器学习算法工程师,AI算法,2025-11,12,稳定波动,2,yes
机器学习算法工程师,AI算法,2025-12,13,稳定波动,2,yes
机器学习算法工程师,AI算法,2026-01,14,稳定波动,2,yes
机器学习算法工程师,AI算法,2026-02,15,稳定波动,3,yes
机器学习算法工程师,AI算法,2026-03,16,稳定波动,3,yes
机器学习算法工程师,AI算法,2026-04,17,稳定波动,3,yes
机器学习算法工程师,AI算法,2026-05,18,稳定波动,3,yes
机器学习算法工程师,AI算法,2026-06,19,稳定波动,3,yes
机器学习算法工程师,AI算法,2026-07,20,稳定波动,2,yes
数据挖掘算法工程师,算法,2024-12,1,间歇出现,0,no
数据挖掘算法工程师,算法,2025-01,2,间歇出现,2,yes
数据挖掘算法工程师,算法,2025-02,3,间歇出现,2,yes
数据挖掘算法工程师,算法,2025-03,4,间歇出现,0,no
数据挖掘算法工程师,算法,2025-04,5,间歇出现,0,no
数据挖掘算法工程师,算法,2025-05,6,间歇出现,0,no
数据挖掘算法工程师,算法,2025-06,7,间歇出现,1,yes
数据挖掘算法工程师,算法,2025-07,8,间歇出现,2,yes
数据挖掘算法工程师,算法,2025-08,9,间歇出现,0,no
数据挖掘算法工程师,算法,2025-09,10,间歇出现,2,yes
数据挖掘算法工程师,算法,2025-10,11,间歇出现,2,yes
数据挖掘算法工程师,算法,2025-11,12,间歇出现,0,no
数据挖掘算法工程师,算法,2025-12,13,间歇出现,0,no
数据挖掘算法工程师,算法,2026-01,14,间歇出现,0,no
数据挖掘算法工程师,算法,2026-02,15,间歇出现,2,yes
数据挖掘算法工程师,算法,2026-03,16,间歇出现,0,no
数据挖掘算法工程师,算法,2026-04,17,间歇出现,0,no
数据挖掘算法工程师,算法,2026-05,18,间歇出现,0,no
数据挖掘算法工程师,算法,2026-06,19,间歇出现,2,yes
数据挖掘算法工程师,算法,2026-07,20,间歇出现,0,no
算法研究员,AI算法,2024-12,1,稳定波动,2,yes
算法研究员,AI算法,2025-01,2,稳定波动,2,yes
算法研究员,AI算法,2025-02,3,稳定波动,2,yes
算法研究员,AI算法,2025-03,4,稳定波动,2,yes
算法研究员,AI算法,2025-04,5,稳定波动,2,yes
算法研究员,AI算法,2025-05,6,稳定波动,1,yes
算法研究员,AI算法,2025-06,7,稳定波动,1,yes
算法研究员,AI算法,2025-07,8,稳定波动,2,yes
算法研究员,AI算法,2025-08,9,稳定波动,2,yes
算法研究员,AI算法,2025-09,10,稳定波动,2,yes
算法研究员,AI算法,2025-10,11,稳定波动,2,yes
算法研究员,AI算法,2025-11,12,稳定波动,0,no
算法研究员,AI算法,2025-12,13,稳定波动,1,yes
算法研究员,AI算法,2026-01,14,稳定波动,1,yes
算法研究员,AI算法,2026-02,15,稳定波动,1,yes
算法研究员,AI算法,2026-03,16,稳定波动,2,yes
算法研究员,AI算法,2026-04,17,稳定波动,2,yes
算法研究员,AI算法,2026-05,18,稳定波动,0,no
算法研究员,AI算法,2026-06,19,稳定波动,1,yes
算法研究员,AI算法,2026-07,20,稳定波动,1,yes
算法工程师,AI算法,2024-12,1,持续上升,2,yes
算法工程师,AI算法,2025-01,2,持续上升,1,yes
算法工程师,AI算法,2025-02,3,持续上升,1,yes
算法工程师,AI算法,2025-03,4,持续上升,1,yes
算法工程师,AI算法,2025-04,5,持续上升,1,yes
算法工程师,AI算法,2025-05,6,持续上升,2,yes
算法工程师,AI算法,2025-06,7,持续上升,2,yes
算法工程师,AI算法,2025-07,8,持续上升,2,yes
算法工程师,AI算法,2025-08,9,持续上升,3,yes
算法工程师,AI算法,2025-09,10,持续上升,2,yes
算法工程师,AI算法,2025-10,11,持续上升,3,yes
算法工程师,AI算法,2025-11,12,持续上升,4,yes
算法工程师,AI算法,2025-12,13,持续上升,3,yes
算法工程师,AI算法,2026-01,14,持续上升,4,yes
算法工程师,AI算法,2026-02,15,持续上升,4,yes
算法工程师,AI算法,2026-03,16,持续上升,5,yes
算法工程师,AI算法,2026-04,17,持续上升,3,yes
算法工程师,AI算法,2026-05,18,持续上升,5,yes
算法工程师,AI算法,2026-06,19,持续上升,6,yes
算法工程师,AI算法,2026-07,20,持续上升,5,yes
后端开发工程师,软件研发,2024-12,1,先上升后稳定,0,no
后端开发工程师,软件研发,2025-01,2,先上升后稳定,2,yes
后端开发工程师,软件研发,2025-02,3,先上升后稳定,2,yes
后端开发工程师,软件研发,2025-03,4,先上升后稳定,2,yes
后端开发工程师,软件研发,2025-04,5,先上升后稳定,3,yes
后端开发工程师,软件研发,2025-05,6,先上升后稳定,3,yes
后端开发工程师,软件研发,2025-06,7,先上升后稳定,3,yes
后端开发工程师,软件研发,2025-07,8,先上升后稳定,4,yes
后端开发工程师,软件研发,2025-08,9,先上升后稳定,4,yes
后端开发工程师,软件研发,2025-09,10,先上升后稳定,4,yes
后端开发工程师,软件研发,2025-10,11,先上升后稳定,4,yes
后端开发工程师,软件研发,2025-11,12,先上升后稳定,5,yes
后端开发工程师,软件研发,2025-12,13,先上升后稳定,4,yes
后端开发工程师,软件研发,2026-01,14,先上升后稳定,6,yes
后端开发工程师,软件研发,2026-02,15,先上升后稳定,5,yes
后端开发工程师,软件研发,2026-03,16,先上升后稳定,4,yes
后端开发工程师,软件研发,2026-04,17,先上升后稳定,4,yes
后端开发工程师,软件研发,2026-05,18,先上升后稳定,5,yes
后端开发工程师,软件研发,2026-06,19,先上升后稳定,4,yes
后端开发工程师,软件研发,2026-07,20,先上升后稳定,5,yes
前端开发工程师,软件研发,2024-12,1,先上升后稳定,0,no
前端开发工程师,软件研发,2025-01,2,先上升后稳定,1,yes
前端开发工程师,软件研发,2025-02,3,先上升后稳定,2,yes
前端开发工程师,软件研发,2025-03,4,先上升后稳定,2,yes
前端开发工程师,软件研发,2025-04,5,先上升后稳定,2,yes
前端开发工程师,软件研发,2025-05,6,先上升后稳定,3,yes
前端开发工程师,软件研发,2025-06,7,先上升后稳定,2,yes
前端开发工程师,软件研发,2025-07,8,先上升后稳定,3,yes
前端开发工程师,软件研发,2025-08,9,先上升后稳定,3,yes
前端开发工程师,软件研发,2025-09,10,先上升后稳定,3,yes
前端开发工程师,软件研发,2025-10,11,先上升后稳定,4,yes
前端开发工程师,软件研发,2025-11,12,先上升后稳定,3,yes
前端开发工程师,软件研发,2025-12,13,先上升后稳定,4,yes
前端开发工程师,软件研发,2026-01,14,先上升后稳定,4,yes
前端开发工程师,软件研发,2026-02,15,先上升后稳定,4,yes
前端开发工程师,软件研发,2026-03,16,先上升后稳定,3,yes
前端开发工程师,软件研发,2026-04,17,先上升后稳定,3,yes
前端开发工程师,软件研发,2026-05,18,先上升后稳定,4,yes
前端开发工程师,软件研发,2026-06,19,先上升后稳定,3,yes
前端开发工程师,软件研发,2026-07,20,先上升后稳定,4,yes
全栈开发工程师,软件研发,2024-12,1,先上升后下降,2,yes
全栈开发工程师,软件研发,2025-01,2,先上升后下降,1,yes
全栈开发工程师,软件研发,2025-02,3,先上升后下降,2,yes
全栈开发工程师,软件研发,2025-03,4,先上升后下降,2,yes
全栈开发工程师,软件研发,2025-04,5,先上升后下降,2,yes
全栈开发工程师,软件研发,2025-05,6,先上升后下降,3,yes
全栈开发工程师,软件研发,2025-06,7,先上升后下降,3,yes
全栈开发工程师,软件研发,2025-07,8,先上升后下降,3,yes
全栈开发工程师,软件研发,2025-08,9,先上升后下降,3,yes
全栈开发工程师,软件研发,2025-09,10,先上升后下降,3,yes
全栈开发工程师,软件研发,2025-10,11,先上升后下降,4,yes
全栈开发工程师,软件研发,2025-11,12,先上升后下降,3,yes
全栈开发工程师,软件研发,2025-12,13,先上升后下降,3,yes
全栈开发工程师,软件研发,2026-01,14,先上升后下降,3,yes
全栈开发工程师,软件研发,2026-02,15,先上升后下降,3,yes
全栈开发工程师,软件研发,2026-03,16,先上升后下降,2,yes
全栈开发工程师,软件研发,2026-04,17,先上升后下降,2,yes
全栈开发工程师,软件研发,2026-05,18,先上升后下降,2,yes
全栈开发工程师,软件研发,2026-06,19,先上升后下降,2,yes
全栈开发工程师,软件研发,2026-07,20,先上升后下降,1,yes
Java开发工程师,软件研发,2024-12,1,稳定波动,3,yes
Java开发工程师,软件研发,2025-01,2,稳定波动,4,yes
Java开发工程师,软件研发,2025-02,3,稳定波动,0,no
Java开发工程师,软件研发,2025-03,4,稳定波动,3,yes
Java开发工程师,软件研发,2025-04,5,稳定波动,2,yes
Java开发工程师,软件研发,2025-05,6,稳定波动,2,yes
Java开发工程师,软件研发,2025-06,7,稳定波动,2,yes
Java开发工程师,软件研发,2025-07,8,稳定波动,3,yes
Java开发工程师,软件研发,2025-08,9,稳定波动,4,yes
Java开发工程师,软件研发,2025-09,10,稳定波动,4,yes
Java开发工程师,软件研发,2025-10,11,稳定波动,3,yes
Java开发工程师,软件研发,2025-11,12,稳定波动,2,yes
Java开发工程师,软件研发,2025-12,13,稳定波动,2,yes
Java开发工程师,软件研发,2026-01,14,稳定波动,3,yes
Java开发工程师,软件研发,2026-02,15,稳定波动,3,yes
Java开发工程师,软件研发,2026-03,16,稳定波动,4,yes
Java开发工程师,软件研发,2026-04,17,稳定波动,4,yes
Java开发工程师,软件研发,2026-05,18,稳定波动,0,no
Java开发工程师,软件研发,2026-06,19,稳定波动,3,yes
Java开发工程师,软件研发,2026-07,20,稳定波动,2,yes
C++开发工程师,软件研发,2024-12,1,间歇出现,2,yes
C++开发工程师,软件研发,2025-01,2,间歇出现,2,yes
C++开发工程师,软件研发,2025-02,3,间歇出现,2,yes
C++开发工程师,软件研发,2025-03,4,间歇出现,0,no
C++开发工程师,软件研发,2025-04,5,间歇出现,0,no
C++开发工程师,软件研发,2025-05,6,间歇出现,2,yes
C++开发工程师,软件研发,2025-06,7,间歇出现,2,yes
C++开发工程师,软件研发,2025-07,8,间歇出现,0,no
C++开发工程师,软件研发,2025-08,9,间歇出现,0,no
C++开发工程师,软件研发,2025-09,10,间歇出现,0,no
C++开发工程师,软件研发,2025-10,11,间歇出现,0,no
C++开发工程师,软件研发,2025-11,12,间歇出现,0,no
C++开发工程师,软件研发,2025-12,13,间歇出现,2,yes
C++开发工程师,软件研发,2026-01,14,间歇出现,0,no
C++开发工程师,软件研发,2026-02,15,间歇出现,0,no
C++开发工程师,软件研发,2026-03,16,间歇出现,0,no
C++开发工程师,软件研发,2026-04,17,间歇出现,0,no
C++开发工程师,软件研发,2026-05,18,间歇出现,0,no
C++开发工程师,软件研发,2026-06,19,间歇出现,2,yes
C++开发工程师,软件研发,2026-07,20,间歇出现,0,no
Python开发工程师,软件研发,2024-12,1,消失后再出现,0,no
Python开发工程师,软件研发,2025-01,2,消失后再出现,0,no
Python开发工程师,软件研发,2025-02,3,消失后再出现,2,yes
Python开发工程师,软件研发,2025-03,4,消失后再出现,2,yes
Python开发工程师,软件研发,2025-04,5,消失后再出现,2,yes
Python开发工程师,软件研发,2025-05,6,消失后再出现,1,yes
Python开发工程师,软件研发,2025-06,7,消失后再出现,1,yes
Python开发工程师,软件研发,2025-07,8,消失后再出现,1,yes
Python开发工程师,软件研发,2025-08,9,消失后再出现,1,yes
Python开发工程师,软件研发,2025-09,10,消失后再出现,2,yes
Python开发工程师,软件研发,2025-10,11,消失后再出现,2,yes
Python开发工程师,软件研发,2025-11,12,消失后再出现,0,no
Python开发工程师,软件研发,2025-12,13,消失后再出现,0,no
Python开发工程师,软件研发,2026-01,14,消失后再出现,0,no
Python开发工程师,软件研发,2026-02,15,消失后再出现,0,no
Python开发工程师,软件研发,2026-03,16,消失后再出现,1,yes
Python开发工程师,软件研发,2026-04,17,消失后再出现,2,yes
Python开发工程师,软件研发,2026-05,18,消失后再出现,0,no
Python开发工程师,软件研发,2026-06,19,消失后再出现,2,yes
Python开发工程师,软件研发,2026-07,20,消失后再出现,2,yes
Go开发工程师,软件研发,2024-12,1,先上升后稳定,1,yes
Go开发工程师,软件研发,2025-01,2,先上升后稳定,1,yes
Go开发工程师,软件研发,2025-02,3,先上升后稳定,2,yes
Go开发工程师,软件研发,2025-03,4,先上升后稳定,2,yes
Go开发工程师,软件研发,2025-04,5,先上升后稳定,1,yes
Go开发工程师,软件研发,2025-05,6,先上升后稳定,0,no
Go开发工程师,软件研发,2025-06,7,先上升后稳定,1,yes
Go开发工程师,软件研发,2025-07,8,先上升后稳定,2,yes
Go开发工程师,软件研发,2025-08,9,先上升后稳定,2,yes
Go开发工程师,软件研发,2025-09,10,先上升后稳定,0,no
Go开发工程师,软件研发,2025-10,11,先上升后稳定,2,yes
Go开发工程师,软件研发,2025-11,12,先上升后稳定,2,yes
Go开发工程师,软件研发,2025-12,13,先上升后稳定,2,yes
Go开发工程师,软件研发,2026-01,14,先上升后稳定,2,yes
Go开发工程师,软件研发,2026-02,15,先上升后稳定,1,yes
Go开发工程师,软件研发,2026-03,16,先上升后稳定,2,yes
Go开发工程师,软件研发,2026-04,17,先上升后稳定,2,yes
Go开发工程师,软件研发,2026-05,18,先上升后稳定,2,yes
Go开发工程师,软件研发,2026-06,19,先上升后稳定,2,yes
Go开发工程师,软件研发,2026-07,20,先上升后稳定,2,yes
客户端开发工程师,软件研发,2024-12,1,先上升后下降,2,yes
客户端开发工程师,软件研发,2025-01,2,先上升后下降,1,yes
客户端开发工程师,软件研发,2025-02,3,先上升后下降,0,no
客户端开发工程师,软件研发,2025-03,4,先上升后下降,1,yes
客户端开发工程师,软件研发,2025-04,5,先上升后下降,1,yes
客户端开发工程师,软件研发,2025-05,6,先上升后下降,0,no
客户端开发工程师,软件研发,2025-06,7,先上升后下降,0,no
客户端开发工程师,软件研发,2025-07,8,先上升后下降,2,yes
客户端开发工程师,软件研发,2025-08,9,先上升后下降,3,yes
客户端开发工程师,软件研发,2025-09,10,先上升后下降,3,yes
客户端开发工程师,软件研发,2025-10,11,先上升后下降,4,yes
客户端开发工程师,软件研发,2025-11,12,先上升后下降,4,yes
客户端开发工程师,软件研发,2025-12,13,先上升后下降,3,yes
客户端开发工程师,软件研发,2026-01,14,先上升后下降,3,yes
客户端开发工程师,软件研发,2026-02,15,先上升后下降,3,yes
客户端开发工程师,软件研发,2026-03,16,先上升后下降,0,no
客户端开发工程师,软件研发,2026-04,17,先上升后下降,2,yes
客户端开发工程师,软件研发,2026-05,18,先上升后下降,2,yes
客户端开发工程师,软件研发,2026-06,19,先上升后下降,2,yes
客户端开发工程师,软件研发,2026-07,20,先上升后下降,1,yes
Android开发工程师,软件研发,2024-12,1,稳定波动,3,yes
Android开发工程师,软件研发,2025-01,2,稳定波动,3,yes
Android开发工程师,软件研发,2025-02,3,稳定波动,3,yes
Android开发工程师,软件研发,2025-03,4,稳定波动,3,yes
Android开发工程师,软件研发,2025-04,5,稳定波动,2,yes
Android开发工程师,软件研发,2025-05,6,稳定波动,2,yes
Android开发工程师,软件研发,2025-06,7,稳定波动,2,yes
Android开发工程师,软件研发,2025-07,8,稳定波动,3,yes
Android开发工程师,软件研发,2025-08,9,稳定波动,3,yes
Android开发工程师,软件研发,2025-09,10,稳定波动,4,yes
Android开发工程师,软件研发,2025-10,11,稳定波动,3,yes
Android开发工程师,软件研发,2025-11,12,稳定波动,3,yes
Android开发工程师,软件研发,2025-12,13,稳定波动,2,yes
Android开发工程师,软件研发,2026-01,14,稳定波动,2,yes
Android开发工程师,软件研发,2026-02,15,稳定波动,2,yes
Android开发工程师,软件研发,2026-03,16,稳定波动,3,yes
Android开发工程师,软件研发,2026-04,17,稳定波动,4,yes
Android开发工程师,软件研发,2026-05,18,稳定波动,3,yes
Android开发工程师,软件研发,2026-06,19,稳定波动,3,yes
Android开发工程师,软件研发,2026-07,20,稳定波动,2,yes
iOS开发工程师,软件研发,2024-12,1,先上升后稳定,2,yes
iOS开发工程师,软件研发,2025-01,2,先上升后稳定,2,yes
iOS开发工程师,软件研发,2025-02,3,先上升后稳定,1,yes
iOS开发工程师,软件研发,2025-03,4,先上升后稳定,1,yes
iOS开发工程师,软件研发,2025-04,5,先上升后稳定,1,yes
iOS开发工程师,软件研发,2025-05,6,先上升后稳定,2,yes
iOS开发工程师,软件研发,2025-06,7,先上升后稳定,2,yes
iOS开发工程师,软件研发,2025-07,8,先上升后稳定,2,yes
iOS开发工程师,软件研发,2025-08,9,先上升后稳定,2,yes
iOS开发工程师,软件研发,2025-09,10,先上升后稳定,2,yes
iOS开发工程师,软件研发,2025-10,11,先上升后稳定,3,yes
iOS开发工程师,软件研发,2025-11,12,先上升后稳定,2,yes
iOS开发工程师,软件研发,2025-12,13,先上升后稳定,3,yes
iOS开发工程师,软件研发,2026-01,14,先上升后稳定,3,yes
iOS开发工程师,软件研发,2026-02,15,先上升后稳定,0,no
iOS开发工程师,软件研发,2026-03,16,先上升后稳定,2,yes
iOS开发工程师,软件研发,2026-04,17,先上升后稳定,3,yes
iOS开发工程师,软件研发,2026-05,18,先上升后稳定,2,yes
iOS开发工程师,软件研发,2026-06,19,先上升后稳定,3,yes
iOS开发工程师,软件研发,2026-07,20,先上升后稳定,3,yes
系统软件工程师,软件研发,2024-12,1,持续下降,3,yes
系统软件工程师,软件研发,2025-01,2,持续下降,3,yes
系统软件工程师,软件研发,2025-02,3,持续下降,2,yes
系统软件工程师,软件研发,2025-03,4,持续下降,3,yes
系统软件工程师,软件研发,2025-04,5,持续下降,2,yes
系统软件工程师,软件研发,2025-05,6,持续下降,3,yes
系统软件工程师,软件研发,2025-06,7,持续下降,2,yes
系统软件工程师,软件研发,2025-07,8,持续下降,2,yes
系统软件工程师,软件研发,2025-08,9,持续下降,2,yes
系统软件工程师,软件研发,2025-09,10,持续下降,1,yes
系统软件工程师,软件研发,2025-10,11,持续下降,2,yes
系统软件工程师,软件研发,2025-11,12,持续下降,2,yes
系统软件工程师,软件研发,2025-12,13,持续下降,1,yes
系统软件工程师,软件研发,2026-01,14,持续下降,1,yes
系统软件工程师,软件研发,2026-02,15,持续下降,1,yes
系统软件工程师,软件研发,2026-03,16,持续下降,2,yes
系统软件工程师,软件研发,2026-04,17,持续下降,2,yes
系统软件工程师,软件研发,2026-05,18,持续下降,2,yes
系统软件工程师,软件研发,2026-06,19,持续下降,2,yes
系统软件工程师,软件研发,2026-07,20,持续下降,1,yes
嵌入式软件工程师,软件研发,2024-12,1,间歇出现,2,yes
嵌入式软件工程师,软件研发,2025-01,2,间歇出现,2,yes
嵌入式软件工程师,软件研发,2025-02,3,间歇出现,0,no
嵌入式软件工程师,软件研发,2025-03,4,间歇出现,0,no
嵌入式软件工程师,软件研发,2025-04,5,间歇出现,0,no
嵌入式软件工程师,软件研发,2025-05,6,间歇出现,2,yes
嵌入式软件工程师,软件研发,2025-06,7,间歇出现,2,yes
嵌入式软件工程师,软件研发,2025-07,8,间歇出现,2,yes
嵌入式软件工程师,软件研发,2025-08,9,间歇出现,0,no
嵌入式软件工程师,软件研发,2025-09,10,间歇出现,0,no
嵌入式软件工程师,软件研发,2025-10,11,间歇出现,2,yes
嵌入式软件工程师,软件研发,2025-11,12,间歇出现,0,no
嵌入式软件工程师,软件研发,2025-12,13,间歇出现,2,yes
嵌入式软件工程师,软件研发,2026-01,14,间歇出现,0,no
嵌入式软件工程师,软件研发,2026-02,15,间歇出现,1,yes
嵌入式软件工程师,软件研发,2026-03,16,间歇出现,0,no
嵌入式软件工程师,软件研发,2026-04,17,间歇出现,0,no
嵌入式软件工程师,软件研发,2026-05,18,间歇出现,0,no
嵌入式软件工程师,软件研发,2026-06,19,间歇出现,2,yes
嵌入式软件工程师,软件研发,2026-07,20,间歇出现,0,no
驱动开发工程师,软件研发,2024-12,1,稳定波动,2,yes
驱动开发工程师,软件研发,2025-01,2,稳定波动,3,yes
驱动开发工程师,软件研发,2025-02,3,稳定波动,0,no
驱动开发工程师,软件研发,2025-03,4,稳定波动,3,yes
驱动开发工程师,软件研发,2025-04,5,稳定波动,2,yes
驱动开发工程师,软件研发,2025-05,6,稳定波动,2,yes
驱动开发工程师,软件研发,2025-06,7,稳定波动,2,yes
驱动开发工程师,软件研发,2025-07,8,稳定波动,2,yes
驱动开发工程师,软件研发,2025-08,9,稳定波动,3,yes
驱动开发工程师,软件研发,2025-09,10,稳定波动,2,yes
驱动开发工程师,软件研发,2025-10,11,稳定波动,2,yes
驱动开发工程师,软件研发,2025-11,12,稳定波动,2,yes
驱动开发工程师,软件研发,2025-12,13,稳定波动,0,no
驱动开发工程师,软件研发,2026-01,14,稳定波动,2,yes
驱动开发工程师,软件研发,2026-02,15,稳定波动,2,yes
驱动开发工程师,软件研发,2026-03,16,稳定波动,2,yes
驱动开发工程师,软件研发,2026-04,17,稳定波动,2,yes
驱动开发工程师,软件研发,2026-05,18,稳定波动,3,yes
驱动开发工程师,软件研发,2026-06,19,稳定波动,2,yes
驱动开发工程师,软件研发,2026-07,20,稳定波动,1,yes
软件架构师,软件研发,2024-12,1,稳定波动,2,yes
软件架构师,软件研发,2025-01,2,稳定波动,2,yes
软件架构师,软件研发,2025-02,3,稳定波动,2,yes
软件架构师,软件研发,2025-03,4,稳定波动,2,yes
软件架构师,软件研发,2025-04,5,稳定波动,2,yes
软件架构师,软件研发,2025-05,6,稳定波动,2,yes
软件架构师,软件研发,2025-06,7,稳定波动,1,yes
软件架构师,软件研发,2025-07,8,稳定波动,2,yes
软件架构师,软件研发,2025-08,9,稳定波动,2,yes
软件架构师,软件研发,2025-09,10,稳定波动,0,no
软件架构师,软件研发,2025-10,11,稳定波动,2,yes
软件架构师,软件研发,2025-11,12,稳定波动,2,yes
软件架构师,软件研发,2025-12,13,稳定波动,2,yes
软件架构师,软件研发,2026-01,14,稳定波动,1,yes
软件架构师,软件研发,2026-02,15,稳定波动,2,yes
软件架构师,软件研发,2026-03,16,稳定波动,2,yes
软件架构师,软件研发,2026-04,17,稳定波动,2,yes
软件架构师,软件研发,2026-05,18,稳定波动,3,yes
软件架构师,软件研发,2026-06,19,稳定波动,2,yes
软件架构师,软件研发,2026-07,20,稳定波动,1,yes
软件开发工程师,软件研发,2024-12,1,稳定波动,3,yes
软件开发工程师,软件研发,2025-01,2,稳定波动,3,yes
软件开发工程师,软件研发,2025-02,3,稳定波动,4,yes
软件开发工程师,软件研发,2025-03,4,稳定波动,3,yes
软件开发工程师,软件研发,2025-04,5,稳定波动,3,yes
软件开发工程师,软件研发,2025-05,6,稳定波动,2,yes
软件开发工程师,软件研发,2025-06,7,稳定波动,3,yes
软件开发工程师,软件研发,2025-07,8,稳定波动,3,yes
软件开发工程师,软件研发,2025-08,9,稳定波动,3,yes
软件开发工程师,软件研发,2025-09,10,稳定波动,4,yes
软件开发工程师,软件研发,2025-10,11,稳定波动,3,yes
软件开发工程师,软件研发,2025-11,12,稳定波动,3,yes
软件开发工程师,软件研发,2025-12,13,稳定波动,2,yes
软件开发工程师,软件研发,2026-01,14,稳定波动,2,yes
软件开发工程师,软件研发,2026-02,15,稳定波动,3,yes
软件开发工程师,软件研发,2026-03,16,稳定波动,4,yes
软件开发工程师,软件研发,2026-04,17,稳定波动,4,yes
软件开发工程师,软件研发,2026-05,18,稳定波动,4,yes
软件开发工程师,软件研发,2026-06,19,稳定波动,3,yes
软件开发工程师,软件研发,2026-07,20,稳定波动,2,yes
大数据开发工程师,数据,2024-12,1,无样本不生成,0,no
大数据开发工程师,数据,2025-01,2,无样本不生成,0,no
大数据开发工程师,数据,2025-02,3,无样本不生成,0,no
大数据开发工程师,数据,2025-03,4,无样本不生成,0,no
大数据开发工程师,数据,2025-04,5,无样本不生成,0,no
大数据开发工程师,数据,2025-05,6,无样本不生成,0,no
大数据开发工程师,数据,2025-06,7,无样本不生成,0,no
大数据开发工程师,数据,2025-07,8,无样本不生成,0,no
大数据开发工程师,数据,2025-08,9,无样本不生成,0,no
大数据开发工程师,数据,2025-09,10,无样本不生成,0,no
大数据开发工程师,数据,2025-10,11,无样本不生成,0,no
大数据开发工程师,数据,2025-11,12,无样本不生成,0,no
大数据开发工程师,数据,2025-12,13,无样本不生成,0,no
大数据开发工程师,数据,2026-01,14,无样本不生成,0,no
大数据开发工程师,数据,2026-02,15,无样本不生成,0,no
大数据开发工程师,数据,2026-03,16,无样本不生成,0,no
大数据开发工程师,数据,2026-04,17,无样本不生成,0,no
大数据开发工程师,数据,2026-05,18,无样本不生成,0,no
大数据开发工程师,数据,2026-06,19,无样本不生成,0,no
大数据开发工程师,数据,2026-07,20,无样本不生成,0,no
数据开发工程师,数据,2024-12,1,稳定波动,1,yes
数据开发工程师,数据,2025-01,2,稳定波动,0,no
数据开发工程师,数据,2025-02,3,稳定波动,1,yes
数据开发工程师,数据,2025-03,4,稳定波动,1,yes
数据开发工程师,数据,2025-04,5,稳定波动,1,yes
数据开发工程师,数据,2025-05,6,稳定波动,1,yes
数据开发工程师,数据,2025-06,7,稳定波动,1,yes
数据开发工程师,数据,2025-07,8,稳定波动,1,yes
数据开发工程师,数据,2025-08,9,稳定波动,1,yes
数据开发工程师,数据,2025-09,10,稳定波动,2,yes
数据开发工程师,数据,2025-10,11,稳定波动,1,yes
数据开发工程师,数据,2025-11,12,稳定波动,1,yes
数据开发工程师,数据,2025-12,13,稳定波动,2,yes
数据开发工程师,数据,2026-01,14,稳定波动,1,yes
数据开发工程师,数据,2026-02,15,稳定波动,1,yes
数据开发工程师,数据,2026-03,16,稳定波动,2,yes
数据开发工程师,数据,2026-04,17,稳定波动,2,yes
数据开发工程师,数据,2026-05,18,稳定波动,1,yes
数据开发工程师,数据,2026-06,19,稳定波动,1,yes
数据开发工程师,数据,2026-07,20,稳定波动,1,yes
数据仓库工程师,数据,2024-12,1,稳定波动,2,yes
数据仓库工程师,数据,2025-01,2,稳定波动,1,yes
数据仓库工程师,数据,2025-02,3,稳定波动,2,yes
数据仓库工程师,数据,2025-03,4,稳定波动,1,yes
数据仓库工程师,数据,2025-04,5,稳定波动,1,yes
数据仓库工程师,数据,2025-05,6,稳定波动,0,no
数据仓库工程师,数据,2025-06,7,稳定波动,1,yes
数据仓库工程师,数据,2025-07,8,稳定波动,1,yes
数据仓库工程师,数据,2025-08,9,稳定波动,1,yes
数据仓库工程师,数据,2025-09,10,稳定波动,0,no
数据仓库工程师,数据,2025-10,11,稳定波动,2,yes
数据仓库工程师,数据,2025-11,12,稳定波动,1,yes
数据仓库工程师,数据,2025-12,13,稳定波动,0,no
数据仓库工程师,数据,2026-01,14,稳定波动,0,no
数据仓库工程师,数据,2026-02,15,稳定波动,1,yes
数据仓库工程师,数据,2026-03,16,稳定波动,2,yes
数据仓库工程师,数据,2026-04,17,稳定波动,1,yes
数据仓库工程师,数据,2026-05,18,稳定波动,1,yes
数据仓库工程师,数据,2026-06,19,稳定波动,1,yes
数据仓库工程师,数据,2026-07,20,稳定波动,0,no
数据平台工程师,数据,2024-12,1,稳定波动,0,no
数据平台工程师,数据,2025-01,2,稳定波动,2,yes
数据平台工程师,数据,2025-02,3,稳定波动,2,yes
数据平台工程师,数据,2025-03,4,稳定波动,1,yes
数据平台工程师,数据,2025-04,5,稳定波动,0,no
数据平台工程师,数据,2025-05,6,稳定波动,1,yes
数据平台工程师,数据,2025-06,7,稳定波动,1,yes
数据平台工程师,数据,2025-07,8,稳定波动,0,no
数据平台工程师,数据,2025-08,9,稳定波动,2,yes
数据平台工程师,数据,2025-09,10,稳定波动,2,yes
数据平台工程师,数据,2025-10,11,稳定波动,0,no
数据平台工程师,数据,2025-11,12,稳定波动,1,yes
数据平台工程师,数据,2025-12,13,稳定波动,1,yes
数据平台工程师,数据,2026-01,14,稳定波动,2,yes
数据平台工程师,数据,2026-02,15,稳定波动,0,no
数据平台工程师,数据,2026-03,16,稳定波动,2,yes
数据平台工程师,数据,2026-04,17,稳定波动,0,no
数据平台工程师,数据,2026-05,18,稳定波动,1,yes
数据平台工程师,数据,2026-06,19,稳定波动,1,yes
数据平台工程师,数据,2026-07,20,稳定波动,2,yes
数据治理工程师,数据,2024-12,1,稳定波动,1,yes
数据治理工程师,数据,2025-01,2,稳定波动,1,yes
数据治理工程师,数据,2025-02,3,稳定波动,2,yes
数据治理工程师,数据,2025-03,4,稳定波动,0,no
数据治理工程师,数据,2025-04,5,稳定波动,1,yes
数据治理工程师,数据,2025-05,6,稳定波动,0,no
数据治理工程师,数据,2025-06,7,稳定波动,0,no
数据治理工程师,数据,2025-07,8,稳定波动,0,no
数据治理工程师,数据,2025-08,9,稳定波动,0,no
数据治理工程师,数据,2025-09,10,稳定波动,1,yes
数据治理工程师,数据,2025-10,11,稳定波动,0,no
数据治理工程师,数据,2025-11,12,稳定波动,1,yes
数据治理工程师,数据,2025-12,13,稳定波动,1,yes
数据治理工程师,数据,2026-01,14,稳定波动,1,yes
数据治理工程师,数据,2026-02,15,稳定波动,1,yes
数据治理工程师,数据,2026-03,16,稳定波动,1,yes
数据治理工程师,数据,2026-04,17,稳定波动,1,yes
数据治理工程师,数据,2026-05,18,稳定波动,0,no
数据治理工程师,数据,2026-06,19,稳定波动,1,yes
数据治理工程师,数据,2026-07,20,稳定波动,0,no
数据分析师,数据,2024-12,1,持续上升,2,yes
数据分析师,数据,2025-01,2,持续上升,2,yes
数据分析师,数据,2025-02,3,持续上升,0,no
数据分析师,数据,2025-03,4,持续上升,2,yes
数据分析师,数据,2025-04,5,持续上升,1,yes
数据分析师,数据,2025-05,6,持续上升,1,yes
数据分析师,数据,2025-06,7,持续上升,1,yes
数据分析师,数据,2025-07,8,持续上升,1,yes
数据分析师,数据,2025-08,9,持续上升,2,yes
数据分析师,数据,2025-09,10,持续上升,2,yes
数据分析师,数据,2025-10,11,持续上升,2,yes
数据分析师,数据,2025-11,12,持续上升,2,yes
数据分析师,数据,2025-12,13,持续上升,2,yes
数据分析师,数据,2026-01,14,持续上升,2,yes
数据分析师,数据,2026-02,15,持续上升,3,yes
数据分析师,数据,2026-03,16,持续上升,2,yes
数据分析师,数据,2026-04,17,持续上升,3,yes
数据分析师,数据,2026-05,18,持续上升,3,yes
数据分析师,数据,2026-06,19,持续上升,2,yes
数据分析师,数据,2026-07,20,持续上升,3,yes
数据工程师,数据,2024-12,1,消失后再出现,2,yes
数据工程师,数据,2025-01,2,消失后再出现,2,yes
数据工程师,数据,2025-02,3,消失后再出现,2,yes
数据工程师,数据,2025-03,4,消失后再出现,2,yes
数据工程师,数据,2025-04,5,消失后再出现,0,no
数据工程师,数据,2025-05,6,消失后再出现,1,yes
数据工程师,数据,2025-06,7,消失后再出现,0,no
数据工程师,数据,2025-07,8,消失后再出现,0,no
数据工程师,数据,2025-08,9,消失后再出现,0,no
数据工程师,数据,2025-09,10,消失后再出现,1,yes
数据工程师,数据,2025-10,11,消失后再出现,1,yes
数据工程师,数据,2025-11,12,消失后再出现,0,no
数据工程师,数据,2025-12,13,消失后再出现,2,yes
数据工程师,数据,2026-01,14,消失后再出现,0,no
数据工程师,数据,2026-02,15,消失后再出现,2,yes
数据工程师,数据,2026-03,16,消失后再出现,2,yes
数据工程师,数据,2026-04,17,消失后再出现,2,yes
数据工程师,数据,2026-05,18,消失后再出现,0,no
数据工程师,数据,2026-06,19,消失后再出现,2,yes
数据工程师,数据,2026-07,20,消失后再出现,1,yes
大模型测试工程师,测试质量,2024-12,1,持续上升,2,yes
大模型测试工程师,测试质量,2025-01,2,持续上升,1,yes
大模型测试工程师,测试质量,2025-02,3,持续上升,2,yes
大模型测试工程师,测试质量,2025-03,4,持续上升,1,yes
大模型测试工程师,测试质量,2025-04,5,持续上升,1,yes
大模型测试工程师,测试质量,2025-05,6,持续上升,1,yes
大模型测试工程师,测试质量,2025-06,7,持续上升,2,yes
大模型测试工程师,测试质量,2025-07,8,持续上升,2,yes
大模型测试工程师,测试质量,2025-08,9,持续上升,2,yes
大模型测试工程师,测试质量,2025-09,10,持续上升,2,yes
大模型测试工程师,测试质量,2025-10,11,持续上升,2,yes
大模型测试工程师,测试质量,2025-11,12,持续上升,3,yes
大模型测试工程师,测试质量,2025-12,13,持续上升,2,yes
大模型测试工程师,测试质量,2026-01,14,持续上升,3,yes
大模型测试工程师,测试质量,2026-02,15,持续上升,3,yes
大模型测试工程师,测试质量,2026-03,16,持续上升,3,yes
大模型测试工程师,测试质量,2026-04,17,持续上升,4,yes
大模型测试工程师,测试质量,2026-05,18,持续上升,3,yes
大模型测试工程师,测试质量,2026-06,19,持续上升,3,yes
大模型测试工程师,测试质量,2026-07,20,持续上升,4,yes
测试开发工程师,测试质量,2024-12,1,稳定波动,2,yes
测试开发工程师,测试质量,2025-01,2,稳定波动,0,no
测试开发工程师,测试质量,2025-02,3,稳定波动,0,no
测试开发工程师,测试质量,2025-03,4,稳定波动,3,yes
测试开发工程师,测试质量,2025-04,5,稳定波动,2,yes
测试开发工程师,测试质量,2025-05,6,稳定波动,2,yes
测试开发工程师,测试质量,2025-06,7,稳定波动,2,yes
测试开发工程师,测试质量,2025-07,8,稳定波动,2,yes
测试开发工程师,测试质量,2025-08,9,稳定波动,4,yes
测试开发工程师,测试质量,2025-09,10,稳定波动,3,yes
测试开发工程师,测试质量,2025-10,11,稳定波动,2,yes
测试开发工程师,测试质量,2025-11,12,稳定波动,2,yes
测试开发工程师,测试质量,2025-12,13,稳定波动,2,yes
测试开发工程师,测试质量,2026-01,14,稳定波动,2,yes
测试开发工程师,测试质量,2026-02,15,稳定波动,2,yes
测试开发工程师,测试质量,2026-03,16,稳定波动,3,yes
测试开发工程师,测试质量,2026-04,17,稳定波动,4,yes
测试开发工程师,测试质量,2026-05,18,稳定波动,3,yes
测试开发工程师,测试质量,2026-06,19,稳定波动,2,yes
测试开发工程师,测试质量,2026-07,20,稳定波动,2,yes
质量工程师,测试质量,2024-12,1,稳定波动,2,yes
质量工程师,测试质量,2025-01,2,稳定波动,2,yes
质量工程师,测试质量,2025-02,3,稳定波动,2,yes
质量工程师,测试质量,2025-03,4,稳定波动,2,yes
质量工程师,测试质量,2025-04,5,稳定波动,0,no
质量工程师,测试质量,2025-05,6,稳定波动,1,yes
质量工程师,测试质量,2025-06,7,稳定波动,1,yes
质量工程师,测试质量,2025-07,8,稳定波动,2,yes
质量工程师,测试质量,2025-08,9,稳定波动,2,yes
质量工程师,测试质量,2025-09,10,稳定波动,2,yes
质量工程师,测试质量,2025-10,11,稳定波动,1,yes
质量工程师,测试质量,2025-11,12,稳定波动,1,yes
质量工程师,测试质量,2025-12,13,稳定波动,1,yes
质量工程师,测试质量,2026-01,14,稳定波动,1,yes
质量工程师,测试质量,2026-02,15,稳定波动,1,yes
质量工程师,测试质量,2026-03,16,稳定波动,2,yes
质量工程师,测试质量,2026-04,17,稳定波动,2,yes
质量工程师,测试质量,2026-05,18,稳定波动,2,yes
质量工程师,测试质量,2026-06,19,稳定波动,1,yes
质量工程师,测试质量,2026-07,20,稳定波动,1,yes
测试工程师,测试质量,2024-12,1,间歇出现,1,yes
测试工程师,测试质量,2025-01,2,间歇出现,0,no
测试工程师,测试质量,2025-02,3,间歇出现,2,yes
测试工程师,测试质量,2025-03,4,间歇出现,0,no
测试工程师,测试质量,2025-04,5,间歇出现,0,no
测试工程师,测试质量,2025-05,6,间歇出现,1,yes
测试工程师,测试质量,2025-06,7,间歇出现,0,no
测试工程师,测试质量,2025-07,8,间歇出现,2,yes
测试工程师,测试质量,2025-08,9,间歇出现,2,yes
测试工程师,测试质量,2025-09,10,间歇出现,0,no
测试工程师,测试质量,2025-10,11,间歇出现,0,no
测试工程师,测试质量,2025-11,12,间歇出现,0,no
测试工程师,测试质量,2025-12,13,间歇出现,0,no
测试工程师,测试质量,2026-01,14,间歇出现,0,no
测试工程师,测试质量,2026-02,15,间歇出现,1,yes
测试工程师,测试质量,2026-03,16,间歇出现,1,yes
测试工程师,测试质量,2026-04,17,间歇出现,0,no
测试工程师,测试质量,2026-05,18,间歇出现,0,no
测试工程师,测试质量,2026-06,19,间歇出现,1,yes
测试工程师,测试质量,2026-07,20,间歇出现,0,no
DevOps工程师,基础设施,2024-12,1,持续上升,1,yes
DevOps工程师,基础设施,2025-01,2,持续上升,1,yes
DevOps工程师,基础设施,2025-02,3,持续上升,1,yes
DevOps工程师,基础设施,2025-03,4,持续上升,0,no
DevOps工程师,基础设施,2025-04,5,持续上升,1,yes
DevOps工程师,基础设施,2025-05,6,持续上升,1,yes
DevOps工程师,基础设施,2025-06,7,持续上升,1,yes
DevOps工程师,基础设施,2025-07,8,持续上升,2,yes
DevOps工程师,基础设施,2025-08,9,持续上升,2,yes
DevOps工程师,基础设施,2025-09,10,持续上升,2,yes
DevOps工程师,基础设施,2025-10,11,持续上升,1,yes
DevOps工程师,基础设施,2025-11,12,持续上升,1,yes
DevOps工程师,基础设施,2025-12,13,持续上升,1,yes
DevOps工程师,基础设施,2026-01,14,持续上升,1,yes
DevOps工程师,基础设施,2026-02,15,持续上升,1,yes
DevOps工程师,基础设施,2026-03,16,持续上升,1,yes
DevOps工程师,基础设施,2026-04,17,持续上升,1,yes
DevOps工程师,基础设施,2026-05,18,持续上升,1,yes
DevOps工程师,基础设施,2026-06,19,持续上升,2,yes
DevOps工程师,基础设施,2026-07,20,持续上升,2,yes
运维工程师,基础设施,2024-12,1,消失后再出现,2,yes
运维工程师,基础设施,2025-01,2,消失后再出现,3,yes
运维工程师,基础设施,2025-02,3,消失后再出现,3,yes
运维工程师,基础设施,2025-03,4,消失后再出现,0,no
运维工程师,基础设施,2025-04,5,消失后再出现,3,yes
运维工程师,基础设施,2025-05,6,消失后再出现,2,yes
运维工程师,基础设施,2025-06,7,消失后再出现,2,yes
运维工程师,基础设施,2025-07,8,消失后再出现,0,no
运维工程师,基础设施,2025-08,9,消失后再出现,0,no
运维工程师,基础设施,2025-09,10,消失后再出现,0,no
运维工程师,基础设施,2025-10,11,消失后再出现,0,no
运维工程师,基础设施,2025-11,12,消失后再出现,2,yes
运维工程师,基础设施,2025-12,13,消失后再出现,2,yes
运维工程师,基础设施,2026-01,14,消失后再出现,2,yes
运维工程师,基础设施,2026-02,15,消失后再出现,2,yes
运维工程师,基础设施,2026-03,16,消失后再出现,3,yes
运维工程师,基础设施,2026-04,17,消失后再出现,0,no
运维工程师,基础设施,2026-05,18,消失后再出现,3,yes
运维工程师,基础设施,2026-06,19,消失后再出现,3,yes
运维工程师,基础设施,2026-07,20,消失后再出现,3,yes
云计算工程师,基础设施,2024-12,1,稳定波动,2,yes
云计算工程师,基础设施,2025-01,2,稳定波动,3,yes
云计算工程师,基础设施,2025-02,3,稳定波动,3,yes
云计算工程师,基础设施,2025-03,4,稳定波动,3,yes
云计算工程师,基础设施,2025-04,5,稳定波动,2,yes
云计算工程师,基础设施,2025-05,6,稳定波动,2,yes
云计算工程师,基础设施,2025-06,7,稳定波动,2,yes
云计算工程师,基础设施,2025-07,8,稳定波动,2,yes
云计算工程师,基础设施,2025-08,9,稳定波动,3,yes
云计算工程师,基础设施,2025-09,10,稳定波动,2,yes
云计算工程师,基础设施,2025-10,11,稳定波动,2,yes
云计算工程师,基础设施,2025-11,12,稳定波动,1,yes
云计算工程师,基础设施,2025-12,13,稳定波动,2,yes
云计算工程师,基础设施,2026-01,14,稳定波动,2,yes
云计算工程师,基础设施,2026-02,15,稳定波动,2,yes
云计算工程师,基础设施,2026-03,16,稳定波动,2,yes
云计算工程师,基础设施,2026-04,17,稳定波动,3,yes
云计算工程师,基础设施,2026-05,18,稳定波动,0,no
云计算工程师,基础设施,2026-06,19,稳定波动,2,yes
云计算工程师,基础设施,2026-07,20,稳定波动,1,yes
网络安全工程师,安全,2024-12,1,稳定波动,2,yes
网络安全工程师,安全,2025-01,2,稳定波动,3,yes
网络安全工程师,安全,2025-02,3,稳定波动,2,yes
网络安全工程师,安全,2025-03,4,稳定波动,0,no
网络安全工程师,安全,2025-04,5,稳定波动,1,yes
网络安全工程师,安全,2025-05,6,稳定波动,1,yes
网络安全工程师,安全,2025-06,7,稳定波动,2,yes
网络安全工程师,安全,2025-07,8,稳定波动,0,no
网络安全工程师,安全,2025-08,9,稳定波动,3,yes
网络安全工程师,安全,2025-09,10,稳定波动,2,yes
网络安全工程师,安全,2025-10,11,稳定波动,2,yes
网络安全工程师,安全,2025-11,12,稳定波动,2,yes
网络安全工程师,安全,2025-12,13,稳定波动,1,yes
网络安全工程师,安全,2026-01,14,稳定波动,2,yes
网络安全工程师,安全,2026-02,15,稳定波动,2,yes
网络安全工程师,安全,2026-03,16,稳定波动,2,yes
网络安全工程师,安全,2026-04,17,稳定波动,2,yes
网络安全工程师,安全,2026-05,18,稳定波动,2,yes
网络安全工程师,安全,2026-06,19,稳定波动,1,yes
网络安全工程师,安全,2026-07,20,稳定波动,1,yes
信息安全工程师,安全,2024-12,1,间歇出现,1,yes
信息安全工程师,安全,2025-01,2,间歇出现,2,yes
信息安全工程师,安全,2025-02,3,间歇出现,1,yes
信息安全工程师,安全,2025-03,4,间歇出现,0,no
信息安全工程师,安全,2025-04,5,间歇出现,0,no
信息安全工程师,安全,2025-05,6,间歇出现,0,no
信息安全工程师,安全,2025-06,7,间歇出现,1,yes
信息安全工程师,安全,2025-07,8,间歇出现,0,no
信息安全工程师,安全,2025-08,9,间歇出现,0,no
信息安全工程师,安全,2025-09,10,间歇出现,1,yes
信息安全工程师,安全,2025-10,11,间歇出现,0,no
信息安全工程师,安全,2025-11,12,间歇出现,0,no
信息安全工程师,安全,2025-12,13,间歇出现,2,yes
信息安全工程师,安全,2026-01,14,间歇出现,0,no
信息安全工程师,安全,2026-02,15,间歇出现,0,no
信息安全工程师,安全,2026-03,16,间歇出现,0,no
信息安全工程师,安全,2026-04,17,间歇出现,0,no
信息安全工程师,安全,2026-05,18,间歇出现,0,no
信息安全工程师,安全,2026-06,19,间歇出现,0,no
信息安全工程师,安全,2026-07,20,间歇出现,0,no
安全工程师,安全,2024-12,1,先上升后下降,1,yes
安全工程师,安全,2025-01,2,先上升后下降,2,yes
安全工程师,安全,2025-02,3,先上升后下降,0,no
安全工程师,安全,2025-03,4,先上升后下降,1,yes
安全工程师,安全,2025-04,5,先上升后下降,0,no
安全工程师,安全,2025-05,6,先上升后下降,1,yes
安全工程师,安全,2025-06,7,先上升后下降,1,yes
安全工程师,安全,2025-07,8,先上升后下降,1,yes
安全工程师,安全,2025-08,9,先上升后下降,2,yes
安全工程师,安全,2025-09,10,先上升后下降,2,yes
安全工程师,安全,2025-10,11,先上升后下降,2,yes
安全工程师,安全,2025-11,12,先上升后下降,2,yes
安全工程师,安全,2025-12,13,先上升后下降,2,yes
安全工程师,安全,2026-01,14,先上升后下降,2,yes
安全工程师,安全,2026-02,15,先上升后下降,2,yes
安全工程师,安全,2026-03,16,先上升后下降,1,yes
安全工程师,安全,2026-04,17,先上升后下降,1,yes
安全工程师,安全,2026-05,18,先上升后下降,1,yes
安全工程师,安全,2026-06,19,先上升后下降,2,yes
安全工程师,安全,2026-07,20,先上升后下降,2,yes
网络工程师,基础设施,2024-12,1,先上升后下降,1,yes
网络工程师,基础设施,2025-01,2,先上升后下降,2,yes
网络工程师,基础设施,2025-02,3,先上升后下降,0,no
网络工程师,基础设施,2025-03,4,先上升后下降,1,yes
网络工程师,基础设施,2025-04,5,先上升后下降,1,yes
网络工程师,基础设施,2025-05,6,先上升后下降,0,no
网络工程师,基础设施,2025-06,7,先上升后下降,1,yes
网络工程师,基础设施,2025-07,8,先上升后下降,0,no
网络工程师,基础设施,2025-08,9,先上升后下降,2,yes
网络工程师,基础设施,2025-09,10,先上升后下降,2,yes
网络工程师,基础设施,2025-10,11,先上升后下降,2,yes
网络工程师,基础设施,2025-11,12,先上升后下降,2,yes
网络工程师,基础设施,2025-12,13,先上升后下降,3,yes
网络工程师,基础设施,2026-01,14,先上升后下降,2,yes
网络工程师,基础设施,2026-02,15,先上升后下降,0,no
网络工程师,基础设施,2026-03,16,先上升后下降,1,yes
网络工程师,基础设施,2026-04,17,先上升后下降,0,no
网络工程师,基础设施,2026-05,18,先上升后下降,1,yes
网络工程师,基础设施,2026-06,19,先上升后下降,2,yes
网络工程师,基础设施,2026-07,20,先上升后下降,2,yes
数据库工程师,基础设施,2024-12,1,稳定波动,1,yes
数据库工程师,基础设施,2025-01,2,稳定波动,1,yes
数据库工程师,基础设施,2025-02,3,稳定波动,2,yes
数据库工程师,基础设施,2025-03,4,稳定波动,0,no
数据库工程师,基础设施,2025-04,5,稳定波动,1,yes
数据库工程师,基础设施,2025-05,6,稳定波动,1,yes
数据库工程师,基础设施,2025-06,7,稳定波动,2,yes
数据库工程师,基础设施,2025-07,8,稳定波动,1,yes
数据库工程师,基础设施,2025-08,9,稳定波动,1,yes
数据库工程师,基础设施,2025-09,10,稳定波动,1,yes
数据库工程师,基础设施,2025-10,11,稳定波动,1,yes
数据库工程师,基础设施,2025-11,12,稳定波动,1,yes
数据库工程师,基础设施,2025-12,13,稳定波动,2,yes
数据库工程师,基础设施,2026-01,14,稳定波动,1,yes
数据库工程师,基础设施,2026-02,15,稳定波动,0,no
数据库工程师,基础设施,2026-03,16,稳定波动,1,yes
数据库工程师,基础设施,2026-04,17,稳定波动,0,no
数据库工程师,基础设施,2026-05,18,稳定波动,2,yes
数据库工程师,基础设施,2026-06,19,稳定波动,2,yes
数据库工程师,基础设施,2026-07,20,稳定波动,1,yes
服务器工程师,基础设施,2024-12,1,间歇出现,0,no
服务器工程师,基础设施,2025-01,2,间歇出现,2,yes
服务器工程师,基础设施,2025-02,3,间歇出现,0,no
服务器工程师,基础设施,2025-03,4,间歇出现,0,no
服务器工程师,基础设施,2025-04,5,间歇出现,2,yes
服务器工程师,基础设施,2025-05,6,间歇出现,2,yes
服务器工程师,基础设施,2025-06,7,间歇出现,1,yes
服务器工程师,基础设施,2025-07,8,间歇出现,0,no
服务器工程师,基础设施,2025-08,9,间歇出现,2,yes
服务器工程师,基础设施,2025-09,10,间歇出现,0,no
服务器工程师,基础设施,2025-10,11,间歇出现,0,no
服务器工程师,基础设施,2025-11,12,间歇出现,0,no
服务器工程师,基础设施,2025-12,13,间歇出现,2,yes
服务器工程师,基础设施,2026-01,14,间歇出现,0,no
服务器工程师,基础设施,2026-02,15,间歇出现,2,yes
服务器工程师,基础设施,2026-03,16,间歇出现,0,no
服务器工程师,基础设施,2026-04,17,间歇出现,1,yes
服务器工程师,基础设施,2026-05,18,间歇出现,2,yes
服务器工程师,基础设施,2026-06,19,间歇出现,2,yes
服务器工程师,基础设施,2026-07,20,间歇出现,0,no
技术支持工程师,技术支持,2024-12,1,间歇出现,2,yes
技术支持工程师,技术支持,2025-01,2,间歇出现,3,yes
技术支持工程师,技术支持,2025-02,3,间歇出现,0,no
技术支持工程师,技术支持,2025-03,4,间歇出现,0,no
技术支持工程师,技术支持,2025-04,5,间歇出现,0,no
技术支持工程师,技术支持,2025-05,6,间歇出现,3,yes
技术支持工程师,技术支持,2025-06,7,间歇出现,3,yes
技术支持工程师,技术支持,2025-07,8,间歇出现,3,yes
技术支持工程师,技术支持,2025-08,9,间歇出现,0,no
技术支持工程师,技术支持,2025-09,10,间歇出现,0,no
技术支持工程师,技术支持,2025-10,11,间歇出现,0,no
技术支持工程师,技术支持,2025-11,12,间歇出现,0,no
技术支持工程师,技术支持,2025-12,13,间歇出现,2,yes
技术支持工程师,技术支持,2026-01,14,间歇出现,2,yes
技术支持工程师,技术支持,2026-02,15,间歇出现,0,no
技术支持工程师,技术支持,2026-03,16,间歇出现,0,no
技术支持工程师,技术支持,2026-04,17,间歇出现,0,no
技术支持工程师,技术支持,2026-05,18,间歇出现,2,yes
技术支持工程师,技术支持,2026-06,19,间歇出现,0,no
技术支持工程师,技术支持,2026-07,20,间歇出现,0,no
解决方案工程师,技术支持,2024-12,1,先上升后稳定,2,yes
解决方案工程师,技术支持,2025-01,2,先上升后稳定,1,yes
解决方案工程师,技术支持,2025-02,3,先上升后稳定,1,yes
解决方案工程师,技术支持,2025-03,4,先上升后稳定,2,yes
解决方案工程师,技术支持,2025-04,5,先上升后稳定,2,yes
解决方案工程师,技术支持,2025-05,6,先上升后稳定,2,yes
解决方案工程师,技术支持,2025-06,7,先上升后稳定,3,yes
解决方案工程师,技术支持,2025-07,8,先上升后稳定,0,no
解决方案工程师,技术支持,2025-08,9,先上升后稳定,4,yes
解决方案工程师,技术支持,2025-09,10,先上升后稳定,3,yes
解决方案工程师,技术支持,2025-10,11,先上升后稳定,4,yes
解决方案工程师,技术支持,2025-11,12,先上升后稳定,4,yes
解决方案工程师,技术支持,2025-12,13,先上升后稳定,4,yes
解决方案工程师,技术支持,2026-01,14,先上升后稳定,3,yes
解决方案工程师,技术支持,2026-02,15,先上升后稳定,4,yes
解决方案工程师,技术支持,2026-03,16,先上升后稳定,3,yes
解决方案工程师,技术支持,2026-04,17,先上升后稳定,4,yes
解决方案工程师,技术支持,2026-05,18,先上升后稳定,4,yes
解决方案工程师,技术支持,2026-06,19,先上升后稳定,4,yes
解决方案工程师,技术支持,2026-07,20,先上升后稳定,4,yes
机器人算法工程师,机器人,2024-12,1,先上升后稳定,0,no
机器人算法工程师,机器人,2025-01,2,先上升后稳定,1,yes
机器人算法工程师,机器人,2025-02,3,先上升后稳定,0,no
机器人算法工程师,机器人,2025-03,4,先上升后稳定,1,yes
机器人算法工程师,机器人,2025-04,5,先上升后稳定,1,yes
机器人算法工程师,机器人,2025-05,6,先上升后稳定,1,yes
机器人算法工程师,机器人,2025-06,7,先上升后稳定,0,no
机器人算法工程师,机器人,2025-07,8,先上升后稳定,1,yes
机器人算法工程师,机器人,2025-08,9,先上升后稳定,0,no
机器人算法工程师,机器人,2025-09,10,先上升后稳定,1,yes
机器人算法工程师,机器人,2025-10,11,先上升后稳定,1,yes
机器人算法工程师,机器人,2025-11,12,先上升后稳定,1,yes
机器人算法工程师,机器人,2025-12,13,先上升后稳定,1,yes
机器人算法工程师,机器人,2026-01,14,先上升后稳定,1,yes
机器人算法工程师,机器人,2026-02,15,先上升后稳定,1,yes
机器人算法工程师,机器人,2026-03,16,先上升后稳定,0,no
机器人算法工程师,机器人,2026-04,17,先上升后稳定,0,no
机器人算法工程师,机器人,2026-05,18,先上升后稳定,0,no
机器人算法工程师,机器人,2026-06,19,先上升后稳定,0,no
机器人算法工程师,机器人,2026-07,20,先上升后稳定,1,yes
机器人软件工程师,机器人,2024-12,1,稳定波动,0,no
机器人软件工程师,机器人,2025-01,2,稳定波动,1,yes
机器人软件工程师,机器人,2025-02,3,稳定波动,1,yes
机器人软件工程师,机器人,2025-03,4,稳定波动,1,yes
机器人软件工程师,机器人,2025-04,5,稳定波动,1,yes
机器人软件工程师,机器人,2025-05,6,稳定波动,1,yes
机器人软件工程师,机器人,2025-06,7,稳定波动,1,yes
机器人软件工程师,机器人,2025-07,8,稳定波动,1,yes
机器人软件工程师,机器人,2025-08,9,稳定波动,2,yes
机器人软件工程师,机器人,2025-09,10,稳定波动,1,yes
机器人软件工程师,机器人,2025-10,11,稳定波动,0,no
机器人软件工程师,机器人,2025-11,12,稳定波动,1,yes
机器人软件工程师,机器人,2025-12,13,稳定波动,1,yes
机器人软件工程师,机器人,2026-01,14,稳定波动,1,yes
机器人软件工程师,机器人,2026-02,15,稳定波动,1,yes
机器人软件工程师,机器人,2026-03,16,稳定波动,1,yes
机器人软件工程师,机器人,2026-04,17,稳定波动,0,no
机器人软件工程师,机器人,2026-05,18,稳定波动,1,yes
机器人软件工程师,机器人,2026-06,19,稳定波动,0,no
机器人软件工程师,机器人,2026-07,20,稳定波动,1,yes
自动驾驶算法工程师,自动驾驶,2024-12,1,消失后再出现,2,yes
自动驾驶算法工程师,自动驾驶,2025-01,2,消失后再出现,2,yes
自动驾驶算法工程师,自动驾驶,2025-02,3,消失后再出现,0,no
自动驾驶算法工程师,自动驾驶,2025-03,4,消失后再出现,2,yes
自动驾驶算法工程师,自动驾驶,2025-04,5,消失后再出现,2,yes
自动驾驶算法工程师,自动驾驶,2025-05,6,消失后再出现,2,yes
自动驾驶算法工程师,自动驾驶,2025-06,7,消失后再出现,1,yes
自动驾驶算法工程师,自动驾驶,2025-07,8,消失后再出现,1,yes
自动驾驶算法工程师,自动驾驶,2025-08,9,消失后再出现,1,yes
自动驾驶算法工程师,自动驾驶,2025-09,10,消失后再出现,0,no
自动驾驶算法工程师,自动驾驶,2025-10,11,消失后再出现,0,no
自动驾驶算法工程师,自动驾驶,2025-11,12,消失后再出现,0,no
自动驾驶算法工程师,自动驾驶,2025-12,13,消失后再出现,0,no
自动驾驶算法工程师,自动驾驶,2026-01,14,消失后再出现,0,no
自动驾驶算法工程师,自动驾驶,2026-02,15,消失后再出现,0,no
自动驾驶算法工程师,自动驾驶,2026-03,16,消失后再出现,0,no
自动驾驶算法工程师,自动驾驶,2026-04,17,消失后再出现,1,yes
自动驾驶算法工程师,自动驾驶,2026-05,18,消失后再出现,0,no
自动驾驶算法工程师,自动驾驶,2026-06,19,消失后再出现,2,yes
自动驾驶算法工程师,自动驾驶,2026-07,20,消失后再出现,2,yes
控制算法工程师,算法,2024-12,1,持续上升,1,yes
控制算法工程师,算法,2025-01,2,持续上升,1,yes
控制算法工程师,算法,2025-02,3,持续上升,0,no
控制算法工程师,算法,2025-03,4,持续上升,0,no
控制算法工程师,算法,2025-04,5,持续上升,1,yes
控制算法工程师,算法,2025-05,6,持续上升,0,no
控制算法工程师,算法,2025-06,7,持续上升,2,yes
控制算法工程师,算法,2025-07,8,持续上升,2,yes
控制算法工程师,算法,2025-08,9,持续上升,2,yes
控制算法工程师,算法,2025-09,10,持续上升,1,yes
控制算法工程师,算法,2025-10,11,持续上升,2,yes
控制算法工程师,算法,2025-11,12,持续上升,0,no
控制算法工程师,算法,2025-12,13,持续上升,1,yes
控制算法工程师,算法,2026-01,14,持续上升,1,yes
控制算法工程师,算法,2026-02,15,持续上升,1,yes
控制算法工程师,算法,2026-03,16,持续上升,1,yes
控制算法工程师,算法,2026-04,17,持续上升,2,yes
控制算法工程师,算法,2026-05,18,持续上升,1,yes
控制算法工程师,算法,2026-06,19,持续上升,2,yes
控制算法工程师,算法,2026-07,20,持续上升,2,yes
图形图像工程师,多媒体,2024-12,1,持续下降,2,yes
图形图像工程师,多媒体,2025-01,2,持续下降,2,yes
图形图像工程师,多媒体,2025-02,3,持续下降,2,yes
图形图像工程师,多媒体,2025-03,4,持续下降,2,yes
图形图像工程师,多媒体,2025-04,5,持续下降,2,yes
图形图像工程师,多媒体,2025-05,6,持续下降,2,yes
图形图像工程师,多媒体,2025-06,7,持续下降,0,no
图形图像工程师,多媒体,2025-07,8,持续下降,2,yes
图形图像工程师,多媒体,2025-08,9,持续下降,1,yes
图形图像工程师,多媒体,2025-09,10,持续下降,1,yes
图形图像工程师,多媒体,2025-10,11,持续下降,1,yes
图形图像工程师,多媒体,2025-11,12,持续下降,1,yes
图形图像工程师,多媒体,2025-12,13,持续下降,2,yes
图形图像工程师,多媒体,2026-01,14,持续下降,0,no
图形图像工程师,多媒体,2026-02,15,持续下降,2,yes
图形图像工程师,多媒体,2026-03,16,持续下降,0,no
图形图像工程师,多媒体,2026-04,17,持续下降,2,yes
图形图像工程师,多媒体,2026-05,18,持续下降,1,yes
图形图像工程师,多媒体,2026-06,19,持续下降,1,yes
图形图像工程师,多媒体,2026-07,20,持续下降,1,yes
音视频工程师,多媒体,2024-12,1,消失后再出现,1,yes
音视频工程师,多媒体,2025-01,2,消失后再出现,1,yes
音视频工程师,多媒体,2025-02,3,消失后再出现,2,yes
音视频工程师,多媒体,2025-03,4,消失后再出现,2,yes
音视频工程师,多媒体,2025-04,5,消失后再出现,0,no
音视频工程师,多媒体,2025-05,6,消失后再出现,1,yes
音视频工程师,多媒体,2025-06,7,消失后再出现,0,no
音视频工程师,多媒体,2025-07,8,消失后再出现,0,no
音视频工程师,多媒体,2025-08,9,消失后再出现,0,no
音视频工程师,多媒体,2025-09,10,消失后再出现,0,no
音视频工程师,多媒体,2025-10,11,消失后再出现,0,no
音视频工程师,多媒体,2025-11,12,消失后再出现,0,no
音视频工程师,多媒体,2025-12,13,消失后再出现,1,yes
音视频工程师,多媒体,2026-01,14,消失后再出现,1,yes
音视频工程师,多媒体,2026-02,15,消失后再出现,1,yes
音视频工程师,多媒体,2026-03,16,消失后再出现,1,yes
音视频工程师,多媒体,2026-04,17,消失后再出现,2,yes
音视频工程师,多媒体,2026-05,18,消失后再出现,2,yes
音视频工程师,多媒体,2026-06,19,消失后再出现,0,no
音视频工程师,多媒体,2026-07,20,消失后再出现,2,yes
通信工程师,通信,2024-12,1,先上升后稳定,1,yes
通信工程师,通信,2025-01,2,先上升后稳定,2,yes
通信工程师,通信,2025-02,3,先上升后稳定,2,yes
通信工程师,通信,2025-03,4,先上升后稳定,1,yes
通信工程师,通信,2025-04,5,先上升后稳定,1,yes
通信工程师,通信,2025-05,6,先上升后稳定,1,yes
通信工程师,通信,2025-06,7,先上升后稳定,2,yes
通信工程师,通信,2025-07,8,先上升后稳定,2,yes
通信工程师,通信,2025-08,9,先上升后稳定,2,yes
通信工程师,通信,2025-09,10,先上升后稳定,3,yes
通信工程师,通信,2025-10,11,先上升后稳定,2,yes
通信工程师,通信,2025-11,12,先上升后稳定,3,yes
通信工程师,通信,2025-12,13,先上升后稳定,2,yes
通信工程师,通信,2026-01,14,先上升后稳定,2,yes
通信工程师,通信,2026-02,15,先上升后稳定,2,yes
通信工程师,通信,2026-03,16,先上升后稳定,3,yes
通信工程师,通信,2026-04,17,先上升后稳定,3,yes
通信工程师,通信,2026-05,18,先上升后稳定,2,yes
通信工程师,通信,2026-06,19,先上升后稳定,2,yes
通信工程师,通信,2026-07,20,先上升后稳定,2,yes
芯片设计工程师,芯片,2024-12,1,稳定波动,2,yes
芯片设计工程师,芯片,2025-01,2,稳定波动,4,yes
芯片设计工程师,芯片,2025-02,3,稳定波动,3,yes
芯片设计工程师,芯片,2025-03,4,稳定波动,4,yes
芯片设计工程师,芯片,2025-04,5,稳定波动,0,no
芯片设计工程师,芯片,2025-05,6,稳定波动,2,yes
芯片设计工程师,芯片,2025-06,7,稳定波动,2,yes
芯片设计工程师,芯片,2025-07,8,稳定波动,3,yes
芯片设计工程师,芯片,2025-08,9,稳定波动,3,yes
芯片设计工程师,芯片,2025-09,10,稳定波动,3,yes
芯片设计工程师,芯片,2025-10,11,稳定波动,2,yes
芯片设计工程师,芯片,2025-11,12,稳定波动,2,yes
芯片设计工程师,芯片,2025-12,13,稳定波动,2,yes
芯片设计工程师,芯片,2026-01,14,稳定波动,2,yes
芯片设计工程师,芯片,2026-02,15,稳定波动,2,yes
芯片设计工程师,芯片,2026-03,16,稳定波动,4,yes
芯片设计工程师,芯片,2026-04,17,稳定波动,3,yes
芯片设计工程师,芯片,2026-05,18,稳定波动,3,yes
芯片设计工程师,芯片,2026-06,19,稳定波动,3,yes
芯片设计工程师,芯片,2026-07,20,稳定波动,2,yes
芯片验证工程师,芯片,2024-12,1,消失后再出现,2,yes
芯片验证工程师,芯片,2025-01,2,消失后再出现,2,yes
芯片验证工程师,芯片,2025-02,3,消失后再出现,2,yes
芯片验证工程师,芯片,2025-03,4,消失后再出现,1,yes
芯片验证工程师,芯片,2025-04,5,消失后再出现,2,yes
芯片验证工程师,芯片,2025-05,6,消失后再出现,1,yes
芯片验证工程师,芯片,2025-06,7,消失后再出现,1,yes
芯片验证工程师,芯片,2025-07,8,消失后再出现,1,yes
芯片验证工程师,芯片,2025-08,9,消失后再出现,1,yes
芯片验证工程师,芯片,2025-09,10,消失后再出现,2,yes
芯片验证工程师,芯片,2025-10,11,消失后再出现,0,no
芯片验证工程师,芯片,2025-11,12,消失后再出现,0,no
芯片验证工程师,芯片,2025-12,13,消失后再出现,0,no
芯片验证工程师,芯片,2026-01,14,消失后再出现,1,yes
芯片验证工程师,芯片,2026-02,15,消失后再出现,1,yes
芯片验证工程师,芯片,2026-03,16,消失后再出现,1,yes
芯片验证工程师,芯片,2026-04,17,消失后再出现,2,yes
芯片验证工程师,芯片,2026-05,18,消失后再出现,1,yes
芯片验证工程师,芯片,2026-06,19,消失后再出现,2,yes
芯片验证工程师,芯片,2026-07,20,消失后再出现,2,yes
芯片测试工程师,芯片,2024-12,1,间歇出现,0,no
芯片测试工程师,芯片,2025-01,2,间歇出现,0,no
芯片测试工程师,芯片,2025-02,3,间歇出现,0,no
芯片测试工程师,芯片,2025-03,4,间歇出现,0,no
芯片测试工程师,芯片,2025-04,5,间歇出现,0,no
芯片测试工程师,芯片,2025-05,6,间歇出现,2,yes
芯片测试工程师,芯片,2025-06,7,间歇出现,2,yes
芯片测试工程师,芯片,2025-07,8,间歇出现,0,no
芯片测试工程师,芯片,2025-08,9,间歇出现,2,yes
芯片测试工程师,芯片,2025-09,10,间歇出现,0,no
芯片测试工程师,芯片,2025-10,11,间歇出现,2,yes
芯片测试工程师,芯片,2025-11,12,间歇出现,0,no
芯片测试工程师,芯片,2025-12,13,间歇出现,2,yes
芯片测试工程师,芯片,2026-01,14,间歇出现,1,yes
芯片测试工程师,芯片,2026-02,15,间歇出现,1,yes
芯片测试工程师,芯片,2026-03,16,间歇出现,0,no
芯片测试工程师,芯片,2026-04,17,间歇出现,2,yes
芯片测试工程师,芯片,2026-05,18,间歇出现,0,no
芯片测试工程师,芯片,2026-06,19,间歇出现,2,yes
芯片测试工程师,芯片,2026-07,20,间歇出现,0,no
FPGA工程师,芯片,2024-12,1,无样本不生成,0,no
FPGA工程师,芯片,2025-01,2,无样本不生成,0,no
FPGA工程师,芯片,2025-02,3,无样本不生成,0,no
FPGA工程师,芯片,2025-03,4,无样本不生成,0,no
FPGA工程师,芯片,2025-04,5,无样本不生成,0,no
FPGA工程师,芯片,2025-05,6,无样本不生成,0,no
FPGA工程师,芯片,2025-06,7,无样本不生成,0,no
FPGA工程师,芯片,2025-07,8,无样本不生成,0,no
FPGA工程师,芯片,2025-08,9,无样本不生成,0,no
FPGA工程师,芯片,2025-09,10,无样本不生成,0,no
FPGA工程师,芯片,2025-10,11,无样本不生成,0,no
FPGA工程师,芯片,2025-11,12,无样本不生成,0,no
FPGA工程师,芯片,2025-12,13,无样本不生成,0,no
FPGA工程师,芯片,2026-01,14,无样本不生成,0,no
FPGA工程师,芯片,2026-02,15,无样本不生成,0,no
FPGA工程师,芯片,2026-03,16,无样本不生成,0,no
FPGA工程师,芯片,2026-04,17,无样本不生成,0,no
FPGA工程师,芯片,2026-05,18,无样本不生成,0,no
FPGA工程师,芯片,2026-06,19,无样本不生成,0,no
FPGA工程师,芯片,2026-07,20,无样本不生成,0,no
电源工程师,硬件,2024-12,1,间歇出现,2,yes
电源工程师,硬件,2025-01,2,间歇出现,0,no
电源工程师,硬件,2025-02,3,间歇出现,0,no
电源工程师,硬件,2025-03,4,间歇出现,0,no
电源工程师,硬件,2025-04,5,间歇出现,0,no
电源工程师,硬件,2025-05,6,间歇出现,2,yes
电源工程师,硬件,2025-06,7,间歇出现,1,yes
电源工程师,硬件,2025-07,8,间歇出现,0,no
电源工程师,硬件,2025-08,9,间歇出现,1,yes
电源工程师,硬件,2025-09,10,间歇出现,0,no
电源工程师,硬件,2025-10,11,间歇出现,2,yes
电源工程师,硬件,2025-11,12,间歇出现,0,no
电源工程师,硬件,2025-12,13,间歇出现,2,yes
电源工程师,硬件,2026-01,14,间歇出现,0,no
电源工程师,硬件,2026-02,15,间歇出现,2,yes
电源工程师,硬件,2026-03,16,间歇出现,1,yes
电源工程师,硬件,2026-04,17,间歇出现,1,yes
电源工程师,硬件,2026-05,18,间歇出现,2,yes
电源工程师,硬件,2026-06,19,间歇出现,2,yes
电源工程师,硬件,2026-07,20,间歇出现,0,no
结构工程师,硬件,2024-12,1,消失后再出现,2,yes
结构工程师,硬件,2025-01,2,消失后再出现,2,yes
结构工程师,硬件,2025-02,3,消失后再出现,3,yes
结构工程师,硬件,2025-03,4,消失后再出现,2,yes
结构工程师,硬件,2025-04,5,消失后再出现,2,yes
结构工程师,硬件,2025-05,6,消失后再出现,2,yes
结构工程师,硬件,2025-06,7,消失后再出现,2,yes
结构工程师,硬件,2025-07,8,消失后再出现,1,yes
结构工程师,硬件,2025-08,9,消失后再出现,1,yes
结构工程师,硬件,2025-09,10,消失后再出现,2,yes
结构工程师,硬件,2025-10,11,消失后再出现,2,yes
结构工程师,硬件,2025-11,12,消失后再出现,0,no
结构工程师,硬件,2025-12,13,消失后再出现,0,no
结构工程师,硬件,2026-01,14,消失后再出现,0,no
结构工程师,硬件,2026-02,15,消失后再出现,2,yes
结构工程师,硬件,2026-03,16,消失后再出现,2,yes
结构工程师,硬件,2026-04,17,消失后再出现,2,yes
结构工程师,硬件,2026-05,18,消失后再出现,2,yes
结构工程师,硬件,2026-06,19,消失后再出现,2,yes
结构工程师,硬件,2026-07,20,消失后再出现,2,yes
热设计工程师,硬件,2024-12,1,先上升后稳定,1,yes
热设计工程师,硬件,2025-01,2,先上升后稳定,2,yes
热设计工程师,硬件,2025-02,3,先上升后稳定,2,yes
热设计工程师,硬件,2025-03,4,先上升后稳定,2,yes
热设计工程师,硬件,2025-04,5,先上升后稳定,0,no
热设计工程师,硬件,2025-05,6,先上升后稳定,1,yes
热设计工程师,硬件,2025-06,7,先上升后稳定,2,yes
热设计工程师,硬件,2025-07,8,先上升后稳定,0,no
热设计工程师,硬件,2025-08,9,先上升后稳定,0,no
热设计工程师,硬件,2025-09,10,先上升后稳定,2,yes
热设计工程师,硬件,2025-10,11,先上升后稳定,2,yes
热设计工程师,硬件,2025-11,12,先上升后稳定,1,yes
热设计工程师,硬件,2025-12,13,先上升后稳定,0,no
热设计工程师,硬件,2026-01,14,先上升后稳定,2,yes
热设计工程师,硬件,2026-02,15,先上升后稳定,0,no
热设计工程师,硬件,2026-03,16,先上升后稳定,0,no
热设计工程师,硬件,2026-04,17,先上升后稳定,2,yes
热设计工程师,硬件,2026-05,18,先上升后稳定,2,yes
热设计工程师,硬件,2026-06,19,先上升后稳定,0,no
热设计工程师,硬件,2026-07,20,先上升后稳定,0,no
硬件工程师,硬件,2024-12,1,稳定波动,2,yes
硬件工程师,硬件,2025-01,2,稳定波动,3,yes
硬件工程师,硬件,2025-02,3,稳定波动,3,yes
硬件工程师,硬件,2025-03,4,稳定波动,2,yes
硬件工程师,硬件,2025-04,5,稳定波动,2,yes
硬件工程师,硬件,2025-05,6,稳定波动,2,yes
硬件工程师,硬件,2025-06,7,稳定波动,1,yes
硬件工程师,硬件,2025-07,8,稳定波动,2,yes
硬件工程师,硬件,2025-08,9,稳定波动,2,yes
硬件工程师,硬件,2025-09,10,稳定波动,3,yes
硬件工程师,硬件,2025-10,11,稳定波动,2,yes
硬件工程师,硬件,2025-11,12,稳定波动,2,yes
硬件工程师,硬件,2025-12,13,稳定波动,1,yes
硬件工程师,硬件,2026-01,14,稳定波动,1,yes
硬件工程师,硬件,2026-02,15,稳定波动,2,yes
硬件工程师,硬件,2026-03,16,稳定波动,3,yes
硬件工程师,硬件,2026-04,17,稳定波动,3,yes
硬件工程师,硬件,2026-05,18,稳定波动,2,yes
硬件工程师,硬件,2026-06,19,稳定波动,2,yes
硬件工程师,硬件,2026-07,20,稳定波动,1,yes
AI产品经理,产品,2024-12,1,先上升后下降,2,yes
AI产品经理,产品,2025-01,2,先上升后下降,1,yes
AI产品经理,产品,2025-02,3,先上升后下降,2,yes
AI产品经理,产品,2025-03,4,先上升后下降,2,yes
AI产品经理,产品,2025-04,5,先上升后下降,1,yes
AI产品经理,产品,2025-05,6,先上升后下降,1,yes
AI产品经理,产品,2025-06,7,先上升后下降,2,yes
AI产品经理,产品,2025-07,8,先上升后下降,2,yes
AI产品经理,产品,2025-08,9,先上升后下降,2,yes
AI产品经理,产品,2025-09,10,先上升后下降,2,yes
AI产品经理,产品,2025-10,11,先上升后下降,2,yes
AI产品经理,产品,2025-11,12,先上升后下降,2,yes
AI产品经理,产品,2025-12,13,先上升后下降,2,yes
AI产品经理,产品,2026-01,14,先上升后下降,2,yes
AI产品经理,产品,2026-02,15,先上升后下降,2,yes
AI产品经理,产品,2026-03,16,先上升后下降,2,yes
AI产品经理,产品,2026-04,17,先上升后下降,1,yes
AI产品经理,产品,2026-05,18,先上升后下降,1,yes
AI产品经理,产品,2026-06,19,先上升后下降,1,yes
AI产品经理,产品,2026-07,20,先上升后下降,2,yes
