standard_job,skill,kg_display_skill,monthly_jd_count,monthly_skill_count,monthly_skill_frequency,cumulative_jd_count,cumulative_skill_count,cumulative_skill_frequency,snapshot_skill_status,is_core_skill,rank_in_month,source_month,source_type,profile_generated_at
政府人工智能专利审查与技术监管岗,人工智能,智能化技术,1,1,1.0,1,1,1.0,稳定核心技能,1,1,2024-10,system,2026-08-06T03:30:36+00:00
政府人工智能专利审查与技术监管岗,信息安全,网络与安全,1,1,1.0,1,1,1.0,稳定核心技能,1,2,2024-10,system,2026-08-06T03:30:36+00:00
政府人工智能专利审查与技术监管岗,密码技术,网络与安全,1,1,1.0,1,1,1.0,稳定核心技能,1,3,2024-10,system,2026-08-06T03:30:36+00:00
政府人工智能专利审查与技术监管岗,数据科学与大数据技术,数据与统计,1,1,1.0,1,1,1.0,稳定核心技能,1,4,2024-10,system,2026-08-06T03:30:36+00:00
政府人工智能专利审查与技术监管岗,物联网工程,智能化技术,1,1,1.0,1,1,1.0,稳定核心技能,1,5,2024-10,system,2026-08-06T03:30:36+00:00
政府人工智能专利审查与技术监管岗,计算机科学与技术,计算机基础,1,1,1.0,1,1,1.0,稳定核心技能,1,6,2024-10,system,2026-08-06T03:30:36+00:00
政府人工智能专利审查与技术监管岗,软件工程,软件工程,1,1,1.0,1,1,1.0,稳定核心技能,1,7,2024-10,system,2026-08-06T03:30:36+00:00
政府信息化审计岗,数据科学与大数据技术,数据与统计,1,1,1.0,2,1,0.5,稳定核心技能,1,1,2025-10,system,2026-08-06T03:30:36+00:00
政府信息化审计岗,电子信息,通信与电子技术,1,1,1.0,2,1,0.5,稳定核心技能,1,2,2025-10,system,2026-08-06T03:30:36+00:00
政府信息化审计岗,统计学,数据与统计,1,1,1.0,2,1,0.5,稳定核心技能,1,3,2025-10,system,2026-08-06T03:30:36+00:00
政府信息化建设与管理岗,计算机科学与技术,计算机基础,73,72,0.986301,215,191,0.888372,稳定核心技能,1,1,2025-10,system,2026-08-06T03:30:36+00:00
政府信息化建设与管理岗,电子信息,通信与电子技术,73,62,0.849315,215,157,0.730233,稳定核心技能,1,2,2025-10,system,2026-08-06T03:30:36+00:00
政府信息化建设与管理岗,信息化建设,政务信息化,73,19,0.260274,215,39,0.181395,当月活跃技能,0,3,2025-10,system,2026-08-06T03:30:36+00:00
政府信息化建设与管理岗,软件工程,软件工程,73,19,0.260274,215,62,0.288372,稳定核心技能,1,4,2025-10,system,2026-08-06T03:30:36+00:00
政府信息化建设与管理岗,人工智能,智能化技术,73,11,0.150685,215,26,0.12093,当月活跃技能,0,5,2025-10,system,2026-08-06T03:30:36+00:00
政府信息化建设与管理岗,网络空间安全,网络与安全,73,11,0.150685,215,31,0.144186,当月活跃技能,0,6,2025-10,system,2026-08-06T03:30:36+00:00
政府信息化建设与管理岗,数据科学与大数据技术,数据与统计,73,10,0.136986,215,27,0.125581,当月活跃技能,0,7,2025-10,system,2026-08-06T03:30:36+00:00
政府信息化建设与管理岗,信息安全,网络与安全,73,8,0.109589,215,29,0.134884,当月活跃技能,0,8,2025-10,system,2026-08-06T03:30:36+00:00
政府信息化建设与管理岗,通信工程,通信与电子技术,73,5,0.068493,215,26,0.12093,当月活跃技能,0,9,2025-10,system,2026-08-06T03:30:36+00:00
政府信息化建设与管理岗,信息系统,政务信息化,73,3,0.041096,215,11,0.051163,当月活跃技能,0,10,2025-10,system,2026-08-06T03:30:36+00:00
政府信息化建设与管理岗,统计学,数据与统计,73,2,0.027397,215,7,0.032558,当月活跃技能,0,11,2025-10,system,2026-08-06T03:30:36+00:00
政府信息化建设与管理岗,统计分析,数据与统计,73,1,0.013699,215,1,0.004651,当月活跃技能,0,12,2025-10,system,2026-08-06T03:30:36+00:00
政府信息化建设与管理岗,网络工程,网络与基础设施,73,1,0.013699,215,21,0.097674,当月活跃技能,0,13,2025-10,system,2026-08-06T03:30:36+00:00
政府信息化建设与管理岗,自动化,智能化技术,73,1,0.013699,215,15,0.069767,当月活跃技能,0,14,2025-10,system,2026-08-06T03:30:36+00:00
政府信息化建设与管理岗,遥感技术,空间信息技术,73,1,0.013699,215,2,0.009302,当月活跃技能,0,15,2025-10,system,2026-08-06T03:30:36+00:00
政府信息系统开发岗,电子信息,通信与电子技术,4,3,0.75,22,18,0.818182,稳定核心技能,1,1,2025-10,system,2026-08-06T03:30:36+00:00
政府信息系统开发岗,计算机科学与技术,计算机基础,4,3,0.75,22,19,0.863636,稳定核心技能,1,2,2025-10,system,2026-08-06T03:30:36+00:00
政府信息系统开发岗,软件工程,软件工程,4,3,0.75,22,20,0.909091,稳定核心技能,1,3,2025-10,system,2026-08-06T03:30:36+00:00
政府信息系统开发岗,通信工程,通信与电子技术,4,3,0.75,22,18,0.818182,稳定核心技能,1,4,2025-10,system,2026-08-06T03:30:36+00:00
政府信息系统开发岗,网络空间安全,网络与安全,4,2,0.5,22,9,0.409091,稳定核心技能,1,5,2025-10,system,2026-08-06T03:30:36+00:00
政府信息系统开发岗,人工智能,智能化技术,4,1,0.25,22,1,0.045455,当月活跃技能,0,6,2025-10,system,2026-08-06T03:30:36+00:00
政府信息系统开发岗,信息安全,网络与安全,4,1,0.25,22,2,0.090909,当月活跃技能,0,7,2025-10,system,2026-08-06T03:30:36+00:00
政府信息系统开发岗,数据科学与大数据技术,数据与统计,4,1,0.25,22,1,0.045455,当月活跃技能,0,8,2025-10,system,2026-08-06T03:30:36+00:00
政府信息系统开发岗,电子信息工程,通信与电子技术,4,1,0.25,22,2,0.090909,当月活跃技能,0,9,2025-10,system,2026-08-06T03:30:36+00:00
政府信息系统开发岗,系统运维,网络与基础设施,4,1,0.25,22,1,0.045455,当月活跃技能,0,10,2025-10,system,2026-08-06T03:30:36+00:00
政府信息系统开发岗,自动化,智能化技术,4,1,0.25,22,11,0.5,稳定核心技能,1,11,2025-10,system,2026-08-06T03:30:36+00:00
政府信息系统运维岗,系统运维,网络与基础设施,230,229,0.995652,585,581,0.993162,稳定核心技能,1,1,2025-10,system,2026-08-06T03:30:36+00:00
政府信息系统运维岗,计算机科学与技术,计算机基础,230,227,0.986957,585,562,0.960684,稳定核心技能,1,2,2025-10,system,2026-08-06T03:30:36+00:00
政府信息系统运维岗,信息系统,政务信息化,230,222,0.965217,585,565,0.965812,稳定核心技能,1,3,2025-10,system,2026-08-06T03:30:36+00:00
政府信息系统运维岗,软件工程,软件工程,230,136,0.591304,585,327,0.558974,稳定核心技能,1,4,2025-10,system,2026-08-06T03:30:36+00:00
政府信息系统运维岗,信息安全,网络与安全,230,98,0.426087,585,211,0.360684,稳定核心技能,1,5,2025-10,system,2026-08-06T03:30:36+00:00
政府信息系统运维岗,网络工程,网络与基础设施,230,88,0.382609,585,192,0.328205,稳定核心技能,1,6,2025-10,system,2026-08-06T03:30:36+00:00
政府信息系统运维岗,数据科学与大数据技术,数据与统计,230,87,0.378261,585,130,0.222222,当月活跃技能,0,7,2025-10,system,2026-08-06T03:30:36+00:00
政府信息系统运维岗,电子信息,通信与电子技术,230,82,0.356522,585,151,0.25812,稳定核心技能,1,8,2025-10,system,2026-08-06T03:30:36+00:00
政府信息系统运维岗,网络空间安全,网络与安全,230,48,0.208696,585,142,0.242735,当月活跃技能,0,9,2025-10,system,2026-08-06T03:30:36+00:00
政府信息系统运维岗,通信工程,通信与电子技术,230,47,0.204348,585,84,0.14359,当月活跃技能,0,10,2025-10,system,2026-08-06T03:30:36+00:00
政府信息系统运维岗,物联网工程,智能化技术,230,41,0.178261,585,92,0.157265,当月活跃技能,0,11,2025-10,system,2026-08-06T03:30:36+00:00
政府信息系统运维岗,信息管理与信息系统,政务信息化,230,27,0.117391,585,27,0.046154,当月活跃技能,0,12,2025-10,system,2026-08-06T03:30:36+00:00
政府信息系统运维岗,大数据管理与应用,政务信息化,230,27,0.117391,585,27,0.046154,当月活跃技能,0,13,2025-10,system,2026-08-06T03:30:36+00:00
政府信息系统运维岗,数据管理,数据与统计,230,27,0.117391,585,27,0.046154,当月活跃技能,0,14,2025-10,system,2026-08-06T03:30:36+00:00
政府信息系统运维岗,人工智能,智能化技术,230,23,0.1,585,26,0.044444,当月活跃技能,0,15,2025-10,system,2026-08-06T03:30:36+00:00
政府信息系统运维岗,电子信息工程,通信与电子技术,230,5,0.021739,585,21,0.035897,当月活跃技能,0,16,2025-10,system,2026-08-06T03:30:36+00:00
政府信息系统运维岗,自动化,智能化技术,230,3,0.013043,585,16,0.02735,当月活跃技能,0,17,2025-10,system,2026-08-06T03:30:36+00:00
政府信息系统运维岗,数据分析,数据与统计,230,2,0.008696,585,2,0.003419,当月活跃技能,0,18,2025-10,system,2026-08-06T03:30:36+00:00
政府信息系统运维岗,信息化建设,政务信息化,230,1,0.004348,585,1,0.001709,当月活跃技能,0,19,2025-10,system,2026-08-06T03:30:36+00:00
政府信息系统运维岗,网络运维,网络与基础设施,230,1,0.004348,585,1,0.001709,当月活跃技能,0,20,2025-10,system,2026-08-06T03:30:36+00:00
政府地理信息与空间数据技术岗,信息系统,政务信息化,5,5,1.0,5,5,1.0,稳定核心技能,1,1,2023-10,system,2026-08-06T03:30:36+00:00
政府地理信息与空间数据技术岗,地理信息系统,空间信息技术,5,5,1.0,5,5,1.0,稳定核心技能,1,2,2023-10,system,2026-08-06T03:30:36+00:00
政府地理信息与空间数据技术岗,遥感技术,空间信息技术,5,4,0.8,5,4,0.8,稳定核心技能,1,3,2023-10,system,2026-08-06T03:30:36+00:00
政府地理信息与空间数据技术岗,统计学,数据与统计,5,1,0.2,5,1,0.2,当月活跃技能,0,4,2023-10,system,2026-08-06T03:30:36+00:00
政府地理信息与空间数据技术岗,计算机科学与技术,计算机基础,5,1,0.2,5,1,0.2,当月活跃技能,0,5,2023-10,system,2026-08-06T03:30:36+00:00
政府数字监管与科技执法岗,电子信息,通信与电子技术,39,35,0.897436,109,79,0.724771,稳定核心技能,1,1,2025-10,system,2026-08-06T03:30:36+00:00
政府数字监管与科技执法岗,软件工程,软件工程,39,31,0.794872,109,79,0.724771,稳定核心技能,1,2,2025-10,system,2026-08-06T03:30:36+00:00
政府数字监管与科技执法岗,计算机科学与技术,计算机基础,39,30,0.769231,109,85,0.779817,稳定核心技能,1,3,2025-10,system,2026-08-06T03:30:36+00:00
政府数字监管与科技执法岗,网络工程,网络与基础设施,39,28,0.717949,109,55,0.504587,稳定核心技能,1,4,2025-10,system,2026-08-06T03:30:36+00:00
政府数字监管与科技执法岗,信息安全,网络与安全,39,27,0.692308,109,56,0.513761,稳定核心技能,1,5,2025-10,system,2026-08-06T03:30:36+00:00
政府数字监管与科技执法岗,人工智能,智能化技术,39,26,0.666667,109,46,0.422018,稳定核心技能,1,6,2025-10,system,2026-08-06T03:30:36+00:00
政府数字监管与科技执法岗,数据科学与大数据技术,数据与统计,39,26,0.666667,109,55,0.504587,稳定核心技能,1,7,2025-10,system,2026-08-06T03:30:36+00:00
政府数字监管与科技执法岗,网络空间安全,网络与安全,39,14,0.358974,109,31,0.284404,稳定核心技能,1,8,2025-10,system,2026-08-06T03:30:36+00:00
政府数字监管与科技执法岗,物联网工程,智能化技术,39,10,0.25641,109,23,0.211009,当月活跃技能,0,9,2025-10,system,2026-08-06T03:30:36+00:00
政府数字监管与科技执法岗,电子信息工程,通信与电子技术,39,9,0.230769,109,13,0.119266,当月活跃技能,0,10,2025-10,system,2026-08-06T03:30:36+00:00
政府数字监管与科技执法岗,通信工程,通信与电子技术,39,8,0.205128,109,15,0.137615,当月活跃技能,0,11,2025-10,system,2026-08-06T03:30:36+00:00
政府数字监管与科技执法岗,统计分析,数据与统计,39,4,0.102564,109,7,0.06422,当月活跃技能,0,12,2025-10,system,2026-08-06T03:30:36+00:00
政府数字监管与科技执法岗,数据计算及应用,数据与统计,39,3,0.076923,109,7,0.06422,当月活跃技能,0,13,2025-10,system,2026-08-06T03:30:36+00:00
政府数字监管与科技执法岗,统计学,数据与统计,39,3,0.076923,109,14,0.12844,当月活跃技能,0,14,2025-10,system,2026-08-06T03:30:36+00:00
政府数字监管与科技执法岗,大数据管理与应用,政务信息化,39,1,0.025641,109,7,0.06422,当月活跃技能,0,15,2025-10,system,2026-08-06T03:30:36+00:00
政府数字监管与科技执法岗,数据管理,数据与统计,39,1,0.025641,109,7,0.06422,当月活跃技能,0,16,2025-10,system,2026-08-06T03:30:36+00:00
政府数据治理与统计分析岗,统计分析,数据与统计,408,332,0.813725,1677,1178,0.702445,稳定核心技能,1,1,2025-10,system,2026-08-06T03:30:36+00:00
政府数据治理与统计分析岗,计算机科学与技术,计算机基础,408,323,0.791667,1677,1349,0.804413,稳定核心技能,1,2,2025-10,system,2026-08-06T03:30:36+00:00
政府数据治理与统计分析岗,统计学,数据与统计,408,258,0.632353,1677,1181,0.704234,稳定核心技能,1,3,2025-10,system,2026-08-06T03:30:36+00:00
政府数据治理与统计分析岗,数据处理,数据与统计,408,252,0.617647,1677,1107,0.660107,稳定核心技能,1,4,2025-10,system,2026-08-06T03:30:36+00:00
政府数据治理与统计分析岗,软件工程,软件工程,408,122,0.29902,1677,349,0.20811,当月活跃技能,0,5,2025-10,system,2026-08-06T03:30:36+00:00
政府数据治理与统计分析岗,数据科学与大数据技术,数据与统计,408,107,0.262255,1677,348,0.207513,当月活跃技能,0,6,2025-10,system,2026-08-06T03:30:36+00:00
政府数据治理与统计分析岗,电子信息,通信与电子技术,408,68,0.166667,1677,280,0.166965,当月活跃技能,0,7,2025-10,system,2026-08-06T03:30:36+00:00
政府数据治理与统计分析岗,数据分析,数据与统计,408,54,0.132353,1677,318,0.189624,当月活跃技能,0,8,2025-10,system,2026-08-06T03:30:36+00:00
政府数据治理与统计分析岗,网络工程,网络与基础设施,408,53,0.129902,1677,231,0.137746,当月活跃技能,0,9,2025-10,system,2026-08-06T03:30:36+00:00
政府数据治理与统计分析岗,网络空间安全,网络与安全,408,33,0.080882,1677,100,0.05963,当月活跃技能,0,10,2025-10,system,2026-08-06T03:30:36+00:00
政府数据治理与统计分析岗,数据计算及应用,数据与统计,408,32,0.078431,1677,177,0.105546,当月活跃技能,0,11,2025-10,system,2026-08-06T03:30:36+00:00
政府数据治理与统计分析岗,大数据管理与应用,政务信息化,408,31,0.07598,1677,122,0.072749,当月活跃技能,0,12,2025-10,system,2026-08-06T03:30:36+00:00
政府数据治理与统计分析岗,数据管理,数据与统计,408,31,0.07598,1677,125,0.074538,当月活跃技能,0,13,2025-10,system,2026-08-06T03:30:36+00:00
政府数据治理与统计分析岗,信息安全,网络与安全,408,28,0.068627,1677,158,0.094216,当月活跃技能,0,14,2025-10,system,2026-08-06T03:30:36+00:00
政府数据治理与统计分析岗,人工智能,智能化技术,408,26,0.063725,1677,77,0.045915,当月活跃技能,0,15,2025-10,system,2026-08-06T03:30:36+00:00
政府数据治理与统计分析岗,通信工程,通信与电子技术,408,20,0.04902,1677,74,0.044126,当月活跃技能,0,16,2025-10,system,2026-08-06T03:30:36+00:00
政府数据治理与统计分析岗,物联网工程,智能化技术,408,17,0.041667,1677,71,0.042338,当月活跃技能,0,17,2025-10,system,2026-08-06T03:30:36+00:00
政府数据治理与统计分析岗,遥感技术,空间信息技术,408,11,0.026961,1677,20,0.011926,当月活跃技能,0,18,2025-10,system,2026-08-06T03:30:36+00:00
政府数据治理与统计分析岗,信息化建设,政务信息化,408,10,0.02451,1677,55,0.032797,当月活跃技能,0,19,2025-10,system,2026-08-06T03:30:36+00:00
政府数据治理与统计分析岗,密码技术,网络与安全,408,9,0.022059,1677,22,0.013119,当月活跃技能,0,20,2025-10,system,2026-08-06T03:30:36+00:00
政府数据治理与统计分析岗,信息系统,政务信息化,408,8,0.019608,1677,145,0.086464,当月活跃技能,0,21,2025-10,system,2026-08-06T03:30:36+00:00
政府数据治理与统计分析岗,地理信息系统,空间信息技术,408,6,0.014706,1677,10,0.005963,当月活跃技能,0,22,2025-10,system,2026-08-06T03:30:36+00:00
政府数据治理与统计分析岗,自动化,智能化技术,408,6,0.014706,1677,56,0.033393,当月活跃技能,0,23,2025-10,system,2026-08-06T03:30:36+00:00
政府数据治理与统计分析岗,电子信息工程,通信与电子技术,408,3,0.007353,1677,5,0.002982,当月活跃技能,0,24,2025-10,system,2026-08-06T03:30:36+00:00
政府数据治理与统计分析岗,网络运维,网络与基础设施,408,2,0.004902,1677,3,0.001789,当月活跃技能,0,25,2025-10,system,2026-08-06T03:30:36+00:00
政府数据治理与统计分析岗,信息管理与信息系统,政务信息化,408,1,0.002451,1677,68,0.040549,当月活跃技能,0,26,2025-10,system,2026-08-06T03:30:36+00:00
政府数据治理与统计分析岗,情报技术,政法信息技术,408,1,0.002451,1677,2,0.001193,当月活跃技能,0,27,2025-10,system,2026-08-06T03:30:36+00:00
政府数据治理与统计分析岗,数据安全,网络与安全,408,1,0.002451,1677,1,0.000596,当月活跃技能,0,28,2025-10,system,2026-08-06T03:30:36+00:00
政府数据治理与统计分析岗,系统运维,网络与基础设施,408,1,0.002451,1677,99,0.059034,当月活跃技能,0,29,2025-10,system,2026-08-06T03:30:36+00:00
政府智能化与自动化技术岗,人工智能,智能化技术,6,5,0.833333,16,10,0.625,稳定核心技能,1,1,2025-10,system,2026-08-06T03:30:36+00:00
政府智能化与自动化技术岗,计算机科学与技术,计算机基础,6,4,0.666667,16,13,0.8125,稳定核心技能,1,2,2025-10,system,2026-08-06T03:30:36+00:00
政府智能化与自动化技术岗,数据科学与大数据技术,数据与统计,6,2,0.333333,16,5,0.3125,稳定核心技能,1,3,2025-10,system,2026-08-06T03:30:36+00:00
政府智能化与自动化技术岗,电子信息,通信与电子技术,6,2,0.333333,16,5,0.3125,稳定核心技能,1,4,2025-10,system,2026-08-06T03:30:36+00:00
政府智能化与自动化技术岗,自动化,智能化技术,6,2,0.333333,16,6,0.375,稳定核心技能,1,5,2025-10,system,2026-08-06T03:30:36+00:00
政府智能化与自动化技术岗,软件工程,软件工程,6,2,0.333333,16,7,0.4375,稳定核心技能,1,6,2025-10,system,2026-08-06T03:30:36+00:00
政府智能化与自动化技术岗,信息安全,网络与安全,6,1,0.166667,16,1,0.0625,当月活跃技能,0,7,2025-10,system,2026-08-06T03:30:36+00:00
政府智能化与自动化技术岗,信息系统,政务信息化,6,1,0.166667,16,1,0.0625,当月活跃技能,0,8,2025-10,system,2026-08-06T03:30:36+00:00
政府智能化与自动化技术岗,地理信息系统,空间信息技术,6,1,0.166667,16,1,0.0625,当月活跃技能,0,9,2025-10,system,2026-08-06T03:30:36+00:00
政府智能化与自动化技术岗,物联网工程,智能化技术,6,1,0.166667,16,2,0.125,当月活跃技能,0,10,2025-10,system,2026-08-06T03:30:36+00:00
政府智能化与自动化技术岗,电子信息工程,通信与电子技术,6,1,0.166667,16,2,0.125,当月活跃技能,0,11,2025-10,system,2026-08-06T03:30:36+00:00
政府智能化与自动化技术岗,网络空间安全,网络与安全,6,1,0.166667,16,1,0.0625,当月活跃技能,0,12,2025-10,system,2026-08-06T03:30:36+00:00
政府智能化与自动化技术岗,通信工程,通信与电子技术,6,1,0.166667,16,4,0.25,当月活跃技能,0,13,2025-10,system,2026-08-06T03:30:36+00:00
政府电子数据取证与情报技术岗,计算机科学与技术,计算机基础,5,5,1.0,10,9,0.9,稳定核心技能,1,1,2025-10,system,2026-08-06T03:30:36+00:00
政府电子数据取证与情报技术岗,数据分析,数据与统计,5,4,0.8,10,6,0.6,稳定核心技能,1,2,2025-10,system,2026-08-06T03:30:36+00:00
政府电子数据取证与情报技术岗,软件工程,软件工程,5,4,0.8,10,7,0.7,稳定核心技能,1,3,2025-10,system,2026-08-06T03:30:36+00:00
政府电子数据取证与情报技术岗,数据科学与大数据技术,数据与统计,5,3,0.6,10,5,0.5,稳定核心技能,1,4,2025-10,system,2026-08-06T03:30:36+00:00
政府电子数据取证与情报技术岗,电子信息,通信与电子技术,5,3,0.6,10,6,0.6,稳定核心技能,1,5,2025-10,system,2026-08-06T03:30:36+00:00
政府电子数据取证与情报技术岗,信息安全,网络与安全,5,2,0.4,10,2,0.2,当月活跃技能,0,6,2025-10,system,2026-08-06T03:30:36+00:00
政府电子数据取证与情报技术岗,情报技术,政法信息技术,5,2,0.4,10,3,0.3,稳定核心技能,1,7,2025-10,system,2026-08-06T03:30:36+00:00
政府电子数据取证与情报技术岗,数据计算及应用,数据与统计,5,2,0.4,10,2,0.2,当月活跃技能,0,8,2025-10,system,2026-08-06T03:30:36+00:00
政府电子数据取证与情报技术岗,网络工程,网络与基础设施,5,2,0.4,10,3,0.3,稳定核心技能,1,9,2025-10,system,2026-08-06T03:30:36+00:00
政府电子数据取证与情报技术岗,通信工程,通信与电子技术,5,2,0.4,10,5,0.5,稳定核心技能,1,10,2025-10,system,2026-08-06T03:30:36+00:00
政府电子数据取证与情报技术岗,网络空间安全,网络与安全,5,1,0.2,10,4,0.4,当月活跃技能,0,11,2025-10,system,2026-08-06T03:30:36+00:00
政府网络与数据安全岗,信息安全,网络与安全,26,17,0.653846,108,88,0.814815,稳定核心技能,1,1,2025-10,system,2026-08-06T03:30:36+00:00
政府网络与数据安全岗,计算机科学与技术,计算机基础,26,17,0.653846,108,70,0.648148,稳定核心技能,1,2,2025-10,system,2026-08-06T03:30:36+00:00
政府网络与数据安全岗,数据安全,网络与安全,26,15,0.576923,108,60,0.555556,稳定核心技能,1,3,2025-10,system,2026-08-06T03:30:36+00:00
政府网络与数据安全岗,网络空间安全,网络与安全,26,10,0.384615,108,47,0.435185,稳定核心技能,1,4,2025-10,system,2026-08-06T03:30:36+00:00
政府网络与数据安全岗,电子信息,通信与电子技术,26,9,0.346154,108,28,0.259259,稳定核心技能,1,5,2025-10,system,2026-08-06T03:30:36+00:00
政府网络与数据安全岗,通信工程,通信与电子技术,26,7,0.269231,108,29,0.268519,稳定核心技能,1,6,2025-10,system,2026-08-06T03:30:36+00:00
政府网络与数据安全岗,软件工程,软件工程,26,6,0.230769,108,40,0.37037,当月活跃技能,0,7,2025-10,system,2026-08-06T03:30:36+00:00
政府网络与数据安全岗,信息系统,政务信息化,26,5,0.192308,108,11,0.101852,当月活跃技能,0,8,2025-10,system,2026-08-06T03:30:36+00:00
政府网络与数据安全岗,密码技术,网络与安全,26,4,0.153846,108,6,0.055556,当月活跃技能,0,9,2025-10,system,2026-08-06T03:30:36+00:00
政府网络与数据安全岗,人工智能,智能化技术,26,2,0.076923,108,10,0.092593,当月活跃技能,0,10,2025-10,system,2026-08-06T03:30:36+00:00
政府网络与数据安全岗,数据科学与大数据技术,数据与统计,26,2,0.076923,108,7,0.064815,当月活跃技能,0,11,2025-10,system,2026-08-06T03:30:36+00:00
政府网络与数据安全岗,网络工程,网络与基础设施,26,2,0.076923,108,18,0.166667,当月活跃技能,0,12,2025-10,system,2026-08-06T03:30:36+00:00
政府网络与数据安全岗,数据分析,数据与统计,26,1,0.038462,108,5,0.046296,当月活跃技能,0,13,2025-10,system,2026-08-06T03:30:36+00:00
政府网络与数据安全岗,遥感技术,空间信息技术,26,1,0.038462,108,1,0.009259,当月活跃技能,0,14,2025-10,system,2026-08-06T03:30:36+00:00
政府网络与通信运维岗,计算机科学与技术,计算机基础,11,11,1.0,32,31,0.96875,稳定核心技能,1,1,2025-10,system,2026-08-06T03:30:36+00:00
政府网络与通信运维岗,电子信息,通信与电子技术,11,8,0.727273,32,17,0.53125,稳定核心技能,1,2,2025-10,system,2026-08-06T03:30:36+00:00
政府网络与通信运维岗,软件工程,软件工程,11,6,0.545455,32,18,0.5625,稳定核心技能,1,3,2025-10,system,2026-08-06T03:30:36+00:00
政府网络与通信运维岗,通信工程,通信与电子技术,11,6,0.545455,32,22,0.6875,稳定核心技能,1,4,2025-10,system,2026-08-06T03:30:36+00:00
政府网络与通信运维岗,人工智能,智能化技术,11,5,0.454545,32,5,0.15625,当月活跃技能,0,5,2025-10,system,2026-08-06T03:30:36+00:00
政府网络与通信运维岗,网络空间安全,网络与安全,11,4,0.363636,32,13,0.40625,稳定核心技能,1,6,2025-10,system,2026-08-06T03:30:36+00:00
政府网络与通信运维岗,电子信息工程,通信与电子技术,11,3,0.272727,32,6,0.1875,当月活跃技能,0,7,2025-10,system,2026-08-06T03:30:36+00:00
政府网络与通信运维岗,数据科学与大数据技术,数据与统计,11,2,0.181818,32,4,0.125,当月活跃技能,0,8,2025-10,system,2026-08-06T03:30:36+00:00
政府网络与通信运维岗,信息安全,网络与安全,11,1,0.090909,32,4,0.125,当月活跃技能,0,9,2025-10,system,2026-08-06T03:30:36+00:00
政府网络与通信运维岗,网络运维,网络与基础设施,11,1,0.090909,32,1,0.03125,当月活跃技能,0,10,2025-10,system,2026-08-06T03:30:36+00:00
政府警务信息技术保障岗,计算机科学与技术,计算机基础,24,19,0.791667,88,80,0.909091,稳定核心技能,1,1,2025-10,system,2026-08-06T03:30:36+00:00
政府警务信息技术保障岗,电子信息,通信与电子技术,24,17,0.708333,88,30,0.340909,稳定核心技能,1,2,2025-10,system,2026-08-06T03:30:36+00:00
政府警务信息技术保障岗,软件工程,软件工程,24,17,0.708333,88,37,0.420455,稳定核心技能,1,3,2025-10,system,2026-08-06T03:30:36+00:00
政府警务信息技术保障岗,网络空间安全,网络与安全,24,13,0.541667,88,16,0.181818,当月活跃技能,0,4,2025-10,system,2026-08-06T03:30:36+00:00
政府警务信息技术保障岗,信息安全,网络与安全,24,12,0.5,88,20,0.227273,当月活跃技能,0,5,2025-10,system,2026-08-06T03:30:36+00:00
政府警务信息技术保障岗,通信工程,通信与电子技术,24,12,0.5,88,28,0.318182,稳定核心技能,1,6,2025-10,system,2026-08-06T03:30:36+00:00
政府警务信息技术保障岗,数据分析,数据与统计,24,11,0.458333,88,20,0.227273,当月活跃技能,0,7,2025-10,system,2026-08-06T03:30:36+00:00
政府警务信息技术保障岗,自动化,智能化技术,24,10,0.416667,88,11,0.125,当月活跃技能,0,8,2025-10,system,2026-08-06T03:30:36+00:00
政府警务信息技术保障岗,人工智能,智能化技术,24,5,0.208333,88,6,0.068182,当月活跃技能,0,9,2025-10,system,2026-08-06T03:30:36+00:00
政府警务信息技术保障岗,数据科学与大数据技术,数据与统计,24,5,0.208333,88,14,0.159091,当月活跃技能,0,10,2025-10,system,2026-08-06T03:30:36+00:00
政府警务信息技术保障岗,网络工程,网络与基础设施,24,4,0.166667,88,9,0.102273,当月活跃技能,0,11,2025-10,system,2026-08-06T03:30:36+00:00
政府警务信息技术保障岗,网络运维,网络与基础设施,24,3,0.125,88,3,0.034091,当月活跃技能,0,12,2025-10,system,2026-08-06T03:30:36+00:00
政府警务信息技术保障岗,数据安全,网络与安全,24,2,0.083333,88,2,0.022727,当月活跃技能,0,13,2025-10,system,2026-08-06T03:30:36+00:00
政府警务信息技术保障岗,大数据管理与应用,政务信息化,24,1,0.041667,88,2,0.022727,当月活跃技能,0,14,2025-10,system,2026-08-06T03:30:36+00:00
政府警务信息技术保障岗,密码技术,网络与安全,24,1,0.041667,88,1,0.011364,当月活跃技能,0,15,2025-10,system,2026-08-06T03:30:36+00:00
政府警务信息技术保障岗,数据管理,数据与统计,24,1,0.041667,88,2,0.022727,当月活跃技能,0,16,2025-10,system,2026-08-06T03:30:36+00:00
政府通信电子技术岗,网络空间安全,网络与安全,2,2,1.0,20,4,0.2,当月活跃技能,0,1,2025-10,system,2026-08-06T03:30:36+00:00
政府通信电子技术岗,计算机科学与技术,计算机基础,2,2,1.0,20,18,0.9,稳定核心技能,1,2,2025-10,system,2026-08-06T03:30:36+00:00
政府通信电子技术岗,软件工程,软件工程,2,2,1.0,20,9,0.45,稳定核心技能,1,3,2025-10,system,2026-08-06T03:30:36+00:00
政府通信电子技术岗,通信工程,通信与电子技术,2,2,1.0,20,12,0.6,稳定核心技能,1,4,2025-10,system,2026-08-06T03:30:36+00:00
政府通信电子技术岗,人工智能,智能化技术,2,1,0.5,20,2,0.1,当月活跃技能,0,5,2025-10,system,2026-08-06T03:30:36+00:00
政府通信电子技术岗,电子信息,通信与电子技术,2,1,0.5,20,13,0.65,稳定核心技能,1,6,2025-10,system,2026-08-06T03:30:36+00:00
政府通用计算机技术岗,计算机科学与技术,计算机基础,35,32,0.914286,110,99,0.9,稳定核心技能,1,1,2025-10,system,2026-08-06T03:30:36+00:00
政府通用计算机技术岗,软件工程,软件工程,35,20,0.571429,110,53,0.481818,稳定核心技能,1,2,2025-10,system,2026-08-06T03:30:36+00:00
政府通用计算机技术岗,网络工程,网络与基础设施,35,13,0.371429,110,39,0.354545,稳定核心技能,1,3,2025-10,system,2026-08-06T03:30:36+00:00
政府通用计算机技术岗,信息安全,网络与安全,35,12,0.342857,110,41,0.372727,稳定核心技能,1,4,2025-10,system,2026-08-06T03:30:36+00:00
政府通用计算机技术岗,网络空间安全,网络与安全,35,11,0.314286,110,24,0.218182,当月活跃技能,0,5,2025-10,system,2026-08-06T03:30:36+00:00
政府通用计算机技术岗,电子信息,通信与电子技术,35,10,0.285714,110,22,0.2,当月活跃技能,0,6,2025-10,system,2026-08-06T03:30:36+00:00
政府通用计算机技术岗,数据科学与大数据技术,数据与统计,35,9,0.257143,110,34,0.309091,稳定核心技能,1,7,2025-10,system,2026-08-06T03:30:36+00:00
政府通用计算机技术岗,人工智能,智能化技术,35,7,0.2,110,14,0.127273,当月活跃技能,0,8,2025-10,system,2026-08-06T03:30:36+00:00
政府通用计算机技术岗,统计学,数据与统计,35,5,0.142857,110,8,0.072727,当月活跃技能,0,9,2025-10,system,2026-08-06T03:30:36+00:00
政府通用计算机技术岗,通信工程,通信与电子技术,35,3,0.085714,110,6,0.054545,当月活跃技能,0,10,2025-10,system,2026-08-06T03:30:36+00:00
政府通用计算机技术岗,数据分析,数据与统计,35,2,0.057143,110,3,0.027273,当月活跃技能,0,11,2025-10,system,2026-08-06T03:30:36+00:00
政府通用计算机技术岗,信息系统,政务信息化,35,1,0.028571,110,9,0.081818,当月活跃技能,0,12,2025-10,system,2026-08-06T03:30:36+00:00
政府通用计算机技术岗,密码技术,网络与安全,35,1,0.028571,110,2,0.018182,当月活跃技能,0,13,2025-10,system,2026-08-06T03:30:36+00:00
政府通用计算机技术岗,数据管理,数据与统计,35,1,0.028571,110,2,0.018182,当月活跃技能,0,14,2025-10,system,2026-08-06T03:30:36+00:00
政府通用计算机技术岗,数据计算及应用,数据与统计,35,1,0.028571,110,6,0.054545,当月活跃技能,0,15,2025-10,system,2026-08-06T03:30:36+00:00
政府通用计算机技术岗,系统运维,网络与基础设施,35,1,0.028571,110,2,0.018182,当月活跃技能,0,16,2025-10,system,2026-08-06T03:30:36+00:00
政府通用计算机技术岗,自动化,智能化技术,35,1,0.028571,110,3,0.027273,当月活跃技能,0,17,2025-10,system,2026-08-06T03:30:36+00:00
