month,standard_job,skill,monthly_jd_count,monthly_skill_count,monthly_skill_frequency,cumulative_jd_count,cumulative_skill_count,cumulative_skill_frequency
2024-10,政府人工智能专利审查与技术监管岗,人工智能,1,1,1.0,1,1,1.0
2024-10,政府人工智能专利审查与技术监管岗,信息安全,1,1,1.0,1,1,1.0
2024-10,政府人工智能专利审查与技术监管岗,密码技术,1,1,1.0,1,1,1.0
2024-10,政府人工智能专利审查与技术监管岗,数据科学与大数据技术,1,1,1.0,1,1,1.0
2024-10,政府人工智能专利审查与技术监管岗,物联网工程,1,1,1.0,1,1,1.0
2024-10,政府人工智能专利审查与技术监管岗,计算机科学与技术,1,1,1.0,1,1,1.0
2024-10,政府人工智能专利审查与技术监管岗,软件工程,1,1,1.0,1,1,1.0
2025-10,政府信息化审计岗,数据科学与大数据技术,1,1,1.0,2,1,0.5
2025-10,政府信息化审计岗,电子信息,1,1,1.0,2,1,0.5
2025-10,政府信息化审计岗,统计学,1,1,1.0,2,1,0.5
2023-10,政府信息化审计岗,计算机科学与技术,1,1,1.0,1,1,1.0
2025-10,政府信息化审计岗,计算机科学与技术,1,0,0.0,2,1,0.5
2023-10,政府信息化建设与管理岗,人工智能,86,9,0.104651,86,9,0.104651
2024-10,政府信息化建设与管理岗,人工智能,56,6,0.107143,142,15,0.105634
2025-10,政府信息化建设与管理岗,人工智能,73,11,0.150685,215,26,0.12093
2023-10,政府信息化建设与管理岗,信息化建设,86,6,0.069767,86,6,0.069767
2024-10,政府信息化建设与管理岗,信息化建设,56,14,0.25,142,20,0.140845
2025-10,政府信息化建设与管理岗,信息化建设,73,19,0.260274,215,39,0.181395
2023-10,政府信息化建设与管理岗,信息安全,86,18,0.209302,86,18,0.209302
2024-10,政府信息化建设与管理岗,信息安全,56,3,0.053571,142,21,0.147887
2025-10,政府信息化建设与管理岗,信息安全,73,8,0.109589,215,29,0.134884
2023-10,政府信息化建设与管理岗,信息管理与信息系统,86,4,0.046512,86,4,0.046512
2024-10,政府信息化建设与管理岗,信息管理与信息系统,56,0,0.0,142,4,0.028169
2025-10,政府信息化建设与管理岗,信息管理与信息系统,73,0,0.0,215,4,0.018605
2023-10,政府信息化建设与管理岗,信息系统,86,8,0.093023,86,8,0.093023
2024-10,政府信息化建设与管理岗,信息系统,56,0,0.0,142,8,0.056338
2025-10,政府信息化建设与管理岗,信息系统,73,3,0.041096,215,11,0.051163
2023-10,政府信息化建设与管理岗,大数据管理与应用,86,3,0.034884,86,3,0.034884
2024-10,政府信息化建设与管理岗,大数据管理与应用,56,0,0.0,142,3,0.021127
2025-10,政府信息化建设与管理岗,大数据管理与应用,73,0,0.0,215,3,0.013953
2023-10,政府信息化建设与管理岗,密码技术,86,3,0.034884,86,3,0.034884
2024-10,政府信息化建设与管理岗,密码技术,56,1,0.017857,142,4,0.028169
2025-10,政府信息化建设与管理岗,密码技术,73,0,0.0,215,4,0.018605
2023-10,政府信息化建设与管理岗,数据科学与大数据技术,86,13,0.151163,86,13,0.151163
2024-10,政府信息化建设与管理岗,数据科学与大数据技术,56,4,0.071429,142,17,0.119718
2025-10,政府信息化建设与管理岗,数据科学与大数据技术,73,10,0.136986,215,27,0.125581
2023-10,政府信息化建设与管理岗,数据管理,86,3,0.034884,86,3,0.034884
2024-10,政府信息化建设与管理岗,数据管理,56,0,0.0,142,3,0.021127
2025-10,政府信息化建设与管理岗,数据管理,73,0,0.0,215,3,0.013953
2023-10,政府信息化建设与管理岗,数据计算及应用,86,2,0.023256,86,2,0.023256
2024-10,政府信息化建设与管理岗,数据计算及应用,56,0,0.0,142,2,0.014085
2025-10,政府信息化建设与管理岗,数据计算及应用,73,0,0.0,215,2,0.009302
2023-10,政府信息化建设与管理岗,物联网工程,86,6,0.069767,86,6,0.069767
2024-10,政府信息化建设与管理岗,物联网工程,56,1,0.017857,142,7,0.049296
2025-10,政府信息化建设与管理岗,物联网工程,73,0,0.0,215,7,0.032558
2023-10,政府信息化建设与管理岗,电子信息,86,49,0.569767,86,49,0.569767
2024-10,政府信息化建设与管理岗,电子信息,56,46,0.821429,142,95,0.669014
2025-10,政府信息化建设与管理岗,电子信息,73,62,0.849315,215,157,0.730233
2023-10,政府信息化建设与管理岗,电子信息工程,86,6,0.069767,86,6,0.069767
2024-10,政府信息化建设与管理岗,电子信息工程,56,0,0.0,142,6,0.042254
2025-10,政府信息化建设与管理岗,电子信息工程,73,0,0.0,215,6,0.027907
2025-10,政府信息化建设与管理岗,统计分析,73,1,0.013699,215,1,0.004651
2023-10,政府信息化建设与管理岗,统计学,86,5,0.05814,86,5,0.05814
2024-10,政府信息化建设与管理岗,统计学,56,0,0.0,142,5,0.035211
2025-10,政府信息化建设与管理岗,统计学,73,2,0.027397,215,7,0.032558
2023-10,政府信息化建设与管理岗,网络工程,86,17,0.197674,86,17,0.197674
2024-10,政府信息化建设与管理岗,网络工程,56,3,0.053571,142,20,0.140845
2025-10,政府信息化建设与管理岗,网络工程,73,1,0.013699,215,21,0.097674
2023-10,政府信息化建设与管理岗,网络空间安全,86,13,0.151163,86,13,0.151163
2024-10,政府信息化建设与管理岗,网络空间安全,56,7,0.125,142,20,0.140845
2025-10,政府信息化建设与管理岗,网络空间安全,73,11,0.150685,215,31,0.144186
2023-10,政府信息化建设与管理岗,自动化,86,10,0.116279,86,10,0.116279
2024-10,政府信息化建设与管理岗,自动化,56,4,0.071429,142,14,0.098592
2025-10,政府信息化建设与管理岗,自动化,73,1,0.013699,215,15,0.069767
2023-10,政府信息化建设与管理岗,计算机科学与技术,86,68,0.790698,86,68,0.790698
2024-10,政府信息化建设与管理岗,计算机科学与技术,56,51,0.910714,142,119,0.838028
2025-10,政府信息化建设与管理岗,计算机科学与技术,73,72,0.986301,215,191,0.888372
2023-10,政府信息化建设与管理岗,软件工程,86,28,0.325581,86,28,0.325581
2024-10,政府信息化建设与管理岗,软件工程,56,15,0.267857,142,43,0.302817
2025-10,政府信息化建设与管理岗,软件工程,73,19,0.260274,215,62,0.288372
2023-10,政府信息化建设与管理岗,通信工程,86,13,0.151163,86,13,0.151163
2024-10,政府信息化建设与管理岗,通信工程,56,8,0.142857,142,21,0.147887
2025-10,政府信息化建设与管理岗,通信工程,73,5,0.068493,215,26,0.12093
2024-10,政府信息化建设与管理岗,遥感技术,56,1,0.017857,142,1,0.007042
2025-10,政府信息化建设与管理岗,遥感技术,73,1,0.013699,215,2,0.009302
2025-10,政府信息系统开发岗,人工智能,4,1,0.25,22,1,0.045455
2024-10,政府信息系统开发岗,信息安全,13,1,0.076923,18,1,0.055556
2025-10,政府信息系统开发岗,信息安全,4,1,0.25,22,2,0.090909
2024-10,政府信息系统开发岗,信息管理与信息系统,13,1,0.076923,18,1,0.055556
2025-10,政府信息系统开发岗,信息管理与信息系统,4,0,0.0,22,1,0.045455
2023-10,政府信息系统开发岗,信息系统,5,2,0.4,5,2,0.4
2024-10,政府信息系统开发岗,信息系统,13,3,0.230769,18,5,0.277778
2025-10,政府信息系统开发岗,信息系统,4,0,0.0,22,5,0.227273
2024-10,政府信息系统开发岗,大数据管理与应用,13,1,0.076923,18,1,0.055556
2025-10,政府信息系统开发岗,大数据管理与应用,4,0,0.0,22,1,0.045455
2024-10,政府信息系统开发岗,数据分析,13,1,0.076923,18,1,0.055556
2025-10,政府信息系统开发岗,数据分析,4,0,0.0,22,1,0.045455
2025-10,政府信息系统开发岗,数据科学与大数据技术,4,1,0.25,22,1,0.045455
2024-10,政府信息系统开发岗,数据管理,13,1,0.076923,18,1,0.055556
2025-10,政府信息系统开发岗,数据管理,4,0,0.0,22,1,0.045455
2023-10,政府信息系统开发岗,电子信息,5,5,1.0,5,5,1.0
2024-10,政府信息系统开发岗,电子信息,13,10,0.769231,18,15,0.833333
2025-10,政府信息系统开发岗,电子信息,4,3,0.75,22,18,0.818182
2024-10,政府信息系统开发岗,电子信息工程,13,1,0.076923,18,1,0.055556
2025-10,政府信息系统开发岗,电子信息工程,4,1,0.25,22,2,0.090909
2025-10,政府信息系统开发岗,系统运维,4,1,0.25,22,1,0.045455
2024-10,政府信息系统开发岗,统计学,13,1,0.076923,18,1,0.055556
2025-10,政府信息系统开发岗,统计学,4,0,0.0,22,1,0.045455
2023-10,政府信息系统开发岗,网络空间安全,5,4,0.8,5,4,0.8
2024-10,政府信息系统开发岗,网络空间安全,13,3,0.230769,18,7,0.388889
2025-10,政府信息系统开发岗,网络空间安全,4,2,0.5,22,9,0.409091
2023-10,政府信息系统开发岗,自动化,5,3,0.6,5,3,0.6
2024-10,政府信息系统开发岗,自动化,13,7,0.538462,18,10,0.555556
2025-10,政府信息系统开发岗,自动化,4,1,0.25,22,11,0.5
2023-10,政府信息系统开发岗,计算机科学与技术,5,5,1.0,5,5,1.0
2024-10,政府信息系统开发岗,计算机科学与技术,13,11,0.846154,18,16,0.888889
2025-10,政府信息系统开发岗,计算机科学与技术,4,3,0.75,22,19,0.863636
2023-10,政府信息系统开发岗,软件工程,5,5,1.0,5,5,1.0
2024-10,政府信息系统开发岗,软件工程,13,12,0.923077,18,17,0.944444
2025-10,政府信息系统开发岗,软件工程,4,3,0.75,22,20,0.909091
2023-10,政府信息系统开发岗,通信工程,5,5,1.0,5,5,1.0
2024-10,政府信息系统开发岗,通信工程,13,10,0.769231,18,15,0.833333
2025-10,政府信息系统开发岗,通信工程,4,3,0.75,22,18,0.818182
2023-10,政府信息系统运维岗,人工智能,109,2,0.018349,109,2,0.018349
2024-10,政府信息系统运维岗,人工智能,246,1,0.004065,355,3,0.008451
2025-10,政府信息系统运维岗,人工智能,230,23,0.1,585,26,0.044444
2025-10,政府信息系统运维岗,信息化建设,230,1,0.004348,585,1,0.001709
2023-10,政府信息系统运维岗,信息安全,109,19,0.174312,109,19,0.174312
2024-10,政府信息系统运维岗,信息安全,246,94,0.382114,355,113,0.31831
2025-10,政府信息系统运维岗,信息安全,230,98,0.426087,585,211,0.360684
2025-10,政府信息系统运维岗,信息管理与信息系统,230,27,0.117391,585,27,0.046154
2023-10,政府信息系统运维岗,信息系统,109,100,0.917431,109,100,0.917431
2024-10,政府信息系统运维岗,信息系统,246,243,0.987805,355,343,0.966197
2025-10,政府信息系统运维岗,信息系统,230,222,0.965217,585,565,0.965812
2025-10,政府信息系统运维岗,大数据管理与应用,230,27,0.117391,585,27,0.046154
2025-10,政府信息系统运维岗,数据分析,230,2,0.008696,585,2,0.003419
2023-10,政府信息系统运维岗,数据科学与大数据技术,109,2,0.018349,109,2,0.018349
2024-10,政府信息系统运维岗,数据科学与大数据技术,246,41,0.166667,355,43,0.121127
2025-10,政府信息系统运维岗,数据科学与大数据技术,230,87,0.378261,585,130,0.222222
2025-10,政府信息系统运维岗,数据管理,230,27,0.117391,585,27,0.046154
2023-10,政府信息系统运维岗,物联网工程,109,17,0.155963,109,17,0.155963
2024-10,政府信息系统运维岗,物联网工程,246,34,0.138211,355,51,0.143662
2025-10,政府信息系统运维岗,物联网工程,230,41,0.178261,585,92,0.157265
2023-10,政府信息系统运维岗,电子信息,109,12,0.110092,109,12,0.110092
2024-10,政府信息系统运维岗,电子信息,246,57,0.231707,355,69,0.194366
2025-10,政府信息系统运维岗,电子信息,230,82,0.356522,585,151,0.25812
2023-10,政府信息系统运维岗,电子信息工程,109,12,0.110092,109,12,0.110092
2024-10,政府信息系统运维岗,电子信息工程,246,4,0.01626,355,16,0.04507
2025-10,政府信息系统运维岗,电子信息工程,230,5,0.021739,585,21,0.035897
2023-10,政府信息系统运维岗,系统运维,109,107,0.981651,109,107,0.981651
2024-10,政府信息系统运维岗,系统运维,246,245,0.995935,355,352,0.991549
2025-10,政府信息系统运维岗,系统运维,230,229,0.995652,585,581,0.993162
2023-10,政府信息系统运维岗,统计学,109,1,0.009174,109,1,0.009174
2024-10,政府信息系统运维岗,统计学,246,0,0.0,355,1,0.002817
2025-10,政府信息系统运维岗,统计学,230,0,0.0,585,1,0.001709
2023-10,政府信息系统运维岗,网络工程,109,24,0.220183,109,24,0.220183
2024-10,政府信息系统运维岗,网络工程,246,80,0.325203,355,104,0.292958
2025-10,政府信息系统运维岗,网络工程,230,88,0.382609,585,192,0.328205
2023-10,政府信息系统运维岗,网络空间安全,109,5,0.045872,109,5,0.045872
2024-10,政府信息系统运维岗,网络空间安全,246,89,0.361789,355,94,0.264789
2025-10,政府信息系统运维岗,网络空间安全,230,48,0.208696,585,142,0.242735
2025-10,政府信息系统运维岗,网络运维,230,1,0.004348,585,1,0.001709
2023-10,政府信息系统运维岗,自动化,109,12,0.110092,109,12,0.110092
2024-10,政府信息系统运维岗,自动化,246,1,0.004065,355,13,0.03662
2025-10,政府信息系统运维岗,自动化,230,3,0.013043,585,16,0.02735
2023-10,政府信息系统运维岗,计算机科学与技术,109,90,0.825688,109,90,0.825688
2024-10,政府信息系统运维岗,计算机科学与技术,246,245,0.995935,355,335,0.943662
2025-10,政府信息系统运维岗,计算机科学与技术,230,227,0.986957,585,562,0.960684
2023-10,政府信息系统运维岗,软件工程,109,36,0.330275,109,36,0.330275
2024-10,政府信息系统运维岗,软件工程,246,155,0.630081,355,191,0.538028
2025-10,政府信息系统运维岗,软件工程,230,136,0.591304,585,327,0.558974
2023-10,政府信息系统运维岗,通信工程,109,18,0.165138,109,18,0.165138
2024-10,政府信息系统运维岗,通信工程,246,19,0.077236,355,37,0.104225
2025-10,政府信息系统运维岗,通信工程,230,47,0.204348,585,84,0.14359
2023-10,政府地理信息与空间数据技术岗,信息系统,5,5,1.0,5,5,1.0
2023-10,政府地理信息与空间数据技术岗,地理信息系统,5,5,1.0,5,5,1.0
2023-10,政府地理信息与空间数据技术岗,统计学,5,1,0.2,5,1,0.2
2023-10,政府地理信息与空间数据技术岗,计算机科学与技术,5,1,0.2,5,1,0.2
2023-10,政府地理信息与空间数据技术岗,遥感技术,5,4,0.8,5,4,0.8
2023-10,政府数字监管与科技执法岗,人工智能,34,8,0.235294,34,8,0.235294
2024-10,政府数字监管与科技执法岗,人工智能,36,12,0.333333,70,20,0.285714
2025-10,政府数字监管与科技执法岗,人工智能,39,26,0.666667,109,46,0.422018
2023-10,政府数字监管与科技执法岗,信息安全,34,10,0.294118,34,10,0.294118
2024-10,政府数字监管与科技执法岗,信息安全,36,19,0.527778,70,29,0.414286
2025-10,政府数字监管与科技执法岗,信息安全,39,27,0.692308,109,56,0.513761
2023-10,政府数字监管与科技执法岗,信息管理与信息系统,34,4,0.117647,34,4,0.117647
2024-10,政府数字监管与科技执法岗,信息管理与信息系统,36,1,0.027778,70,5,0.071429
2025-10,政府数字监管与科技执法岗,信息管理与信息系统,39,0,0.0,109,5,0.045872
2023-10,政府数字监管与科技执法岗,信息系统,34,4,0.117647,34,4,0.117647
2024-10,政府数字监管与科技执法岗,信息系统,36,2,0.055556,70,6,0.085714
2025-10,政府数字监管与科技执法岗,信息系统,39,0,0.0,109,6,0.055046
2023-10,政府数字监管与科技执法岗,大数据管理与应用,34,5,0.147059,34,5,0.147059
2024-10,政府数字监管与科技执法岗,大数据管理与应用,36,1,0.027778,70,6,0.085714
2025-10,政府数字监管与科技执法岗,大数据管理与应用,39,1,0.025641,109,7,0.06422
2023-10,政府数字监管与科技执法岗,密码技术,34,1,0.029412,34,1,0.029412
2024-10,政府数字监管与科技执法岗,密码技术,36,0,0.0,70,1,0.014286
2025-10,政府数字监管与科技执法岗,密码技术,39,0,0.0,109,1,0.009174
2023-10,政府数字监管与科技执法岗,数据分析,34,1,0.029412,34,1,0.029412
2024-10,政府数字监管与科技执法岗,数据分析,36,1,0.027778,70,2,0.028571
2025-10,政府数字监管与科技执法岗,数据分析,39,0,0.0,109,2,0.018349
2023-10,政府数字监管与科技执法岗,数据科学与大数据技术,34,12,0.352941,34,12,0.352941
2024-10,政府数字监管与科技执法岗,数据科学与大数据技术,36,17,0.472222,70,29,0.414286
2025-10,政府数字监管与科技执法岗,数据科学与大数据技术,39,26,0.666667,109,55,0.504587
2023-10,政府数字监管与科技执法岗,数据管理,34,5,0.147059,34,5,0.147059
2024-10,政府数字监管与科技执法岗,数据管理,36,1,0.027778,70,6,0.085714
2025-10,政府数字监管与科技执法岗,数据管理,39,1,0.025641,109,7,0.06422
2023-10,政府数字监管与科技执法岗,数据计算及应用,34,3,0.088235,34,3,0.088235
2024-10,政府数字监管与科技执法岗,数据计算及应用,36,1,0.027778,70,4,0.057143
2025-10,政府数字监管与科技执法岗,数据计算及应用,39,3,0.076923,109,7,0.06422
2023-10,政府数字监管与科技执法岗,物联网工程,34,6,0.176471,34,6,0.176471
2024-10,政府数字监管与科技执法岗,物联网工程,36,7,0.194444,70,13,0.185714
2025-10,政府数字监管与科技执法岗,物联网工程,39,10,0.25641,109,23,0.211009
2023-10,政府数字监管与科技执法岗,电子信息,34,11,0.323529,34,11,0.323529
2024-10,政府数字监管与科技执法岗,电子信息,36,33,0.916667,70,44,0.628571
2025-10,政府数字监管与科技执法岗,电子信息,39,35,0.897436,109,79,0.724771
2023-10,政府数字监管与科技执法岗,电子信息工程,34,2,0.058824,34,2,0.058824
2024-10,政府数字监管与科技执法岗,电子信息工程,36,2,0.055556,70,4,0.057143
2025-10,政府数字监管与科技执法岗,电子信息工程,39,9,0.230769,109,13,0.119266
2024-10,政府数字监管与科技执法岗,统计分析,36,3,0.083333,70,3,0.042857
2025-10,政府数字监管与科技执法岗,统计分析,39,4,0.102564,109,7,0.06422
2023-10,政府数字监管与科技执法岗,统计学,34,9,0.264706,34,9,0.264706
2024-10,政府数字监管与科技执法岗,统计学,36,2,0.055556,70,11,0.157143
2025-10,政府数字监管与科技执法岗,统计学,39,3,0.076923,109,14,0.12844
2023-10,政府数字监管与科技执法岗,网络工程,34,8,0.235294,34,8,0.235294
2024-10,政府数字监管与科技执法岗,网络工程,36,19,0.527778,70,27,0.385714
2025-10,政府数字监管与科技执法岗,网络工程,39,28,0.717949,109,55,0.504587
2023-10,政府数字监管与科技执法岗,网络空间安全,34,5,0.147059,34,5,0.147059
2024-10,政府数字监管与科技执法岗,网络空间安全,36,12,0.333333,70,17,0.242857
2025-10,政府数字监管与科技执法岗,网络空间安全,39,14,0.358974,109,31,0.284404
2023-10,政府数字监管与科技执法岗,自动化,34,2,0.058824,34,2,0.058824
2024-10,政府数字监管与科技执法岗,自动化,36,1,0.027778,70,3,0.042857
2025-10,政府数字监管与科技执法岗,自动化,39,0,0.0,109,3,0.027523
2023-10,政府数字监管与科技执法岗,计算机科学与技术,34,24,0.705882,34,24,0.705882
2024-10,政府数字监管与科技执法岗,计算机科学与技术,36,31,0.861111,70,55,0.785714
2025-10,政府数字监管与科技执法岗,计算机科学与技术,39,30,0.769231,109,85,0.779817
2023-10,政府数字监管与科技执法岗,软件工程,34,17,0.5,34,17,0.5
2024-10,政府数字监管与科技执法岗,软件工程,36,31,0.861111,70,48,0.685714
2025-10,政府数字监管与科技执法岗,软件工程,39,31,0.794872,109,79,0.724771
2023-10,政府数字监管与科技执法岗,通信工程,34,3,0.088235,34,3,0.088235
2024-10,政府数字监管与科技执法岗,通信工程,36,4,0.111111,70,7,0.1
2025-10,政府数字监管与科技执法岗,通信工程,39,8,0.205128,109,15,0.137615
2023-10,政府数据治理与统计分析岗,人工智能,631,26,0.041204,631,26,0.041204
2024-10,政府数据治理与统计分析岗,人工智能,638,25,0.039185,1269,51,0.040189
2025-10,政府数据治理与统计分析岗,人工智能,408,26,0.063725,1677,77,0.045915
2023-10,政府数据治理与统计分析岗,信息化建设,631,10,0.015848,631,10,0.015848
2024-10,政府数据治理与统计分析岗,信息化建设,638,35,0.054859,1269,45,0.035461
2025-10,政府数据治理与统计分析岗,信息化建设,408,10,0.02451,1677,55,0.032797
2023-10,政府数据治理与统计分析岗,信息安全,631,61,0.096672,631,61,0.096672
2024-10,政府数据治理与统计分析岗,信息安全,638,69,0.10815,1269,130,0.102443
2025-10,政府数据治理与统计分析岗,信息安全,408,28,0.068627,1677,158,0.094216
2023-10,政府数据治理与统计分析岗,信息管理与信息系统,631,45,0.071315,631,45,0.071315
2024-10,政府数据治理与统计分析岗,信息管理与信息系统,638,22,0.034483,1269,67,0.052797
2025-10,政府数据治理与统计分析岗,信息管理与信息系统,408,1,0.002451,1677,68,0.040549
2023-10,政府数据治理与统计分析岗,信息系统,631,70,0.110935,631,70,0.110935
2024-10,政府数据治理与统计分析岗,信息系统,638,67,0.105016,1269,137,0.107959
2025-10,政府数据治理与统计分析岗,信息系统,408,8,0.019608,1677,145,0.086464
2023-10,政府数据治理与统计分析岗,地理信息系统,631,1,0.001585,631,1,0.001585
2024-10,政府数据治理与统计分析岗,地理信息系统,638,3,0.004702,1269,4,0.003152
2025-10,政府数据治理与统计分析岗,地理信息系统,408,6,0.014706,1677,10,0.005963
2023-10,政府数据治理与统计分析岗,大数据管理与应用,631,43,0.068146,631,43,0.068146
2024-10,政府数据治理与统计分析岗,大数据管理与应用,638,48,0.075235,1269,91,0.07171
2025-10,政府数据治理与统计分析岗,大数据管理与应用,408,31,0.07598,1677,122,0.072749
2023-10,政府数据治理与统计分析岗,密码技术,631,1,0.001585,631,1,0.001585
2024-10,政府数据治理与统计分析岗,密码技术,638,12,0.018809,1269,13,0.010244
2025-10,政府数据治理与统计分析岗,密码技术,408,9,0.022059,1677,22,0.013119
2024-10,政府数据治理与统计分析岗,情报技术,638,1,0.001567,1269,1,0.000788
2025-10,政府数据治理与统计分析岗,情报技术,408,1,0.002451,1677,2,0.001193
2023-10,政府数据治理与统计分析岗,数据分析,631,151,0.239303,631,151,0.239303
2024-10,政府数据治理与统计分析岗,数据分析,638,113,0.177116,1269,264,0.208038
2025-10,政府数据治理与统计分析岗,数据分析,408,54,0.132353,1677,318,0.189624
2023-10,政府数据治理与统计分析岗,数据处理,631,416,0.659271,631,416,0.659271
2024-10,政府数据治理与统计分析岗,数据处理,638,439,0.688088,1269,855,0.673759
2025-10,政府数据治理与统计分析岗,数据处理,408,252,0.617647,1677,1107,0.660107
2025-10,政府数据治理与统计分析岗,数据安全,408,1,0.002451,1677,1,0.000596
2023-10,政府数据治理与统计分析岗,数据治理,631,2,0.00317,631,2,0.00317
2024-10,政府数据治理与统计分析岗,数据治理,638,2,0.003135,1269,4,0.003152
2025-10,政府数据治理与统计分析岗,数据治理,408,0,0.0,1677,4,0.002385
2023-10,政府数据治理与统计分析岗,数据科学与大数据技术,631,73,0.115689,631,73,0.115689
2024-10,政府数据治理与统计分析岗,数据科学与大数据技术,638,168,0.263323,1269,241,0.189913
2025-10,政府数据治理与统计分析岗,数据科学与大数据技术,408,107,0.262255,1677,348,0.207513
2023-10,政府数据治理与统计分析岗,数据管理,631,44,0.069731,631,44,0.069731
2024-10,政府数据治理与统计分析岗,数据管理,638,50,0.07837,1269,94,0.074074
2025-10,政府数据治理与统计分析岗,数据管理,408,31,0.07598,1677,125,0.074538
2023-10,政府数据治理与统计分析岗,数据计算及应用,631,74,0.117274,631,74,0.117274
2024-10,政府数据治理与统计分析岗,数据计算及应用,638,71,0.111285,1269,145,0.114263
2025-10,政府数据治理与统计分析岗,数据计算及应用,408,32,0.078431,1677,177,0.105546
2023-10,政府数据治理与统计分析岗,物联网工程,631,41,0.064976,631,41,0.064976
2024-10,政府数据治理与统计分析岗,物联网工程,638,13,0.020376,1269,54,0.042553
2025-10,政府数据治理与统计分析岗,物联网工程,408,17,0.041667,1677,71,0.042338
2023-10,政府数据治理与统计分析岗,电子信息,631,89,0.141046,631,89,0.141046
2024-10,政府数据治理与统计分析岗,电子信息,638,123,0.19279,1269,212,0.167061
2025-10,政府数据治理与统计分析岗,电子信息,408,68,0.166667,1677,280,0.166965
2024-10,政府数据治理与统计分析岗,电子信息工程,638,2,0.003135,1269,2,0.001576
2025-10,政府数据治理与统计分析岗,电子信息工程,408,3,0.007353,1677,5,0.002982
2023-10,政府数据治理与统计分析岗,系统运维,631,39,0.061807,631,39,0.061807
2024-10,政府数据治理与统计分析岗,系统运维,638,59,0.092476,1269,98,0.077226
2025-10,政府数据治理与统计分析岗,系统运维,408,1,0.002451,1677,99,0.059034
2023-10,政府数据治理与统计分析岗,统计分析,631,397,0.62916,631,397,0.62916
2024-10,政府数据治理与统计分析岗,统计分析,638,449,0.703762,1269,846,0.666667
2025-10,政府数据治理与统计分析岗,统计分析,408,332,0.813725,1677,1178,0.702445
2023-10,政府数据治理与统计分析岗,统计学,631,474,0.751189,631,474,0.751189
2024-10,政府数据治理与统计分析岗,统计学,638,449,0.703762,1269,923,0.727344
2025-10,政府数据治理与统计分析岗,统计学,408,258,0.632353,1677,1181,0.704234
2023-10,政府数据治理与统计分析岗,网络工程,631,74,0.117274,631,74,0.117274
2024-10,政府数据治理与统计分析岗,网络工程,638,104,0.163009,1269,178,0.140268
2025-10,政府数据治理与统计分析岗,网络工程,408,53,0.129902,1677,231,0.137746
2023-10,政府数据治理与统计分析岗,网络空间安全,631,12,0.019017,631,12,0.019017
2024-10,政府数据治理与统计分析岗,网络空间安全,638,55,0.086207,1269,67,0.052797
2025-10,政府数据治理与统计分析岗,网络空间安全,408,33,0.080882,1677,100,0.05963
2023-10,政府数据治理与统计分析岗,网络运维,631,1,0.001585,631,1,0.001585
2024-10,政府数据治理与统计分析岗,网络运维,638,0,0.0,1269,1,0.000788
2025-10,政府数据治理与统计分析岗,网络运维,408,2,0.004902,1677,3,0.001789
2023-10,政府数据治理与统计分析岗,自动化,631,15,0.023772,631,15,0.023772
2024-10,政府数据治理与统计分析岗,自动化,638,35,0.054859,1269,50,0.039401
2025-10,政府数据治理与统计分析岗,自动化,408,6,0.014706,1677,56,0.033393
2023-10,政府数据治理与统计分析岗,计算机科学与技术,631,538,0.852615,631,538,0.852615
2024-10,政府数据治理与统计分析岗,计算机科学与技术,638,488,0.76489,1269,1026,0.808511
2025-10,政府数据治理与统计分析岗,计算机科学与技术,408,323,0.791667,1677,1349,0.804413
2023-10,政府数据治理与统计分析岗,软件工程,631,77,0.122029,631,77,0.122029
2024-10,政府数据治理与统计分析岗,软件工程,638,150,0.23511,1269,227,0.178881
2025-10,政府数据治理与统计分析岗,软件工程,408,122,0.29902,1677,349,0.20811
2023-10,政府数据治理与统计分析岗,通信工程,631,21,0.033281,631,21,0.033281
2024-10,政府数据治理与统计分析岗,通信工程,638,33,0.051724,1269,54,0.042553
2025-10,政府数据治理与统计分析岗,通信工程,408,20,0.04902,1677,74,0.044126
2023-10,政府数据治理与统计分析岗,遥感技术,631,1,0.001585,631,1,0.001585
2024-10,政府数据治理与统计分析岗,遥感技术,638,8,0.012539,1269,9,0.007092
2025-10,政府数据治理与统计分析岗,遥感技术,408,11,0.026961,1677,20,0.011926
2024-10,政府智能化与自动化技术岗,人工智能,6,5,0.833333,10,5,0.5
2025-10,政府智能化与自动化技术岗,人工智能,6,5,0.833333,16,10,0.625
2023-10,政府智能化与自动化技术岗,信息化建设,4,1,0.25,4,1,0.25
2024-10,政府智能化与自动化技术岗,信息化建设,6,0,0.0,10,1,0.1
2025-10,政府智能化与自动化技术岗,信息化建设,6,0,0.0,16,1,0.0625
2025-10,政府智能化与自动化技术岗,信息安全,6,1,0.166667,16,1,0.0625
2025-10,政府智能化与自动化技术岗,信息系统,6,1,0.166667,16,1,0.0625
2025-10,政府智能化与自动化技术岗,地理信息系统,6,1,0.166667,16,1,0.0625
2024-10,政府智能化与自动化技术岗,大数据管理与应用,6,1,0.166667,10,1,0.1
2025-10,政府智能化与自动化技术岗,大数据管理与应用,6,0,0.0,16,1,0.0625
2024-10,政府智能化与自动化技术岗,数据分析,6,1,0.166667,10,1,0.1
2025-10,政府智能化与自动化技术岗,数据分析,6,0,0.0,16,1,0.0625
2024-10,政府智能化与自动化技术岗,数据科学与大数据技术,6,3,0.5,10,3,0.3
2025-10,政府智能化与自动化技术岗,数据科学与大数据技术,6,2,0.333333,16,5,0.3125
2024-10,政府智能化与自动化技术岗,数据管理,6,1,0.166667,10,1,0.1
2025-10,政府智能化与自动化技术岗,数据管理,6,0,0.0,16,1,0.0625
2024-10,政府智能化与自动化技术岗,物联网工程,6,1,0.166667,10,1,0.1
2025-10,政府智能化与自动化技术岗,物联网工程,6,1,0.166667,16,2,0.125
2024-10,政府智能化与自动化技术岗,电子信息,6,3,0.5,10,3,0.3
2025-10,政府智能化与自动化技术岗,电子信息,6,2,0.333333,16,5,0.3125
2024-10,政府智能化与自动化技术岗,电子信息工程,6,1,0.166667,10,1,0.1
2025-10,政府智能化与自动化技术岗,电子信息工程,6,1,0.166667,16,2,0.125
2024-10,政府智能化与自动化技术岗,网络工程,6,1,0.166667,10,1,0.1
2025-10,政府智能化与自动化技术岗,网络工程,6,0,0.0,16,1,0.0625
2025-10,政府智能化与自动化技术岗,网络空间安全,6,1,0.166667,16,1,0.0625
2023-10,政府智能化与自动化技术岗,自动化,4,3,0.75,4,3,0.75
2024-10,政府智能化与自动化技术岗,自动化,6,1,0.166667,10,4,0.4
2025-10,政府智能化与自动化技术岗,自动化,6,2,0.333333,16,6,0.375
2023-10,政府智能化与自动化技术岗,计算机科学与技术,4,4,1.0,4,4,1.0
2024-10,政府智能化与自动化技术岗,计算机科学与技术,6,5,0.833333,10,9,0.9
2025-10,政府智能化与自动化技术岗,计算机科学与技术,6,4,0.666667,16,13,0.8125
2023-10,政府智能化与自动化技术岗,软件工程,4,1,0.25,4,1,0.25
2024-10,政府智能化与自动化技术岗,软件工程,6,4,0.666667,10,5,0.5
2025-10,政府智能化与自动化技术岗,软件工程,6,2,0.333333,16,7,0.4375
2023-10,政府智能化与自动化技术岗,通信工程,4,1,0.25,4,1,0.25
2024-10,政府智能化与自动化技术岗,通信工程,6,2,0.333333,10,3,0.3
2025-10,政府智能化与自动化技术岗,通信工程,6,1,0.166667,16,4,0.25
2025-10,政府电子数据取证与情报技术岗,信息安全,5,2,0.4,10,2,0.2
2023-10,政府电子数据取证与情报技术岗,情报技术,4,1,0.25,4,1,0.25
2024-10,政府电子数据取证与情报技术岗,情报技术,1,0,0.0,5,1,0.2
2025-10,政府电子数据取证与情报技术岗,情报技术,5,2,0.4,10,3,0.3
2023-10,政府电子数据取证与情报技术岗,数据分析,4,1,0.25,4,1,0.25
2024-10,政府电子数据取证与情报技术岗,数据分析,1,1,1.0,5,2,0.4
2025-10,政府电子数据取证与情报技术岗,数据分析,5,4,0.8,10,6,0.6
2023-10,政府电子数据取证与情报技术岗,数据科学与大数据技术,4,1,0.25,4,1,0.25
2024-10,政府电子数据取证与情报技术岗,数据科学与大数据技术,1,1,1.0,5,2,0.4
2025-10,政府电子数据取证与情报技术岗,数据科学与大数据技术,5,3,0.6,10,5,0.5
2025-10,政府电子数据取证与情报技术岗,数据计算及应用,5,2,0.4,10,2,0.2
2023-10,政府电子数据取证与情报技术岗,电子信息,4,2,0.5,4,2,0.5
2024-10,政府电子数据取证与情报技术岗,电子信息,1,1,1.0,5,3,0.6
2025-10,政府电子数据取证与情报技术岗,电子信息,5,3,0.6,10,6,0.6
2024-10,政府电子数据取证与情报技术岗,系统运维,1,1,1.0,5,1,0.2
2025-10,政府电子数据取证与情报技术岗,系统运维,5,0,0.0,10,1,0.1
2023-10,政府电子数据取证与情报技术岗,统计学,4,1,0.25,4,1,0.25
2024-10,政府电子数据取证与情报技术岗,统计学,1,0,0.0,5,1,0.2
2025-10,政府电子数据取证与情报技术岗,统计学,5,0,0.0,10,1,0.1
2024-10,政府电子数据取证与情报技术岗,网络工程,1,1,1.0,5,1,0.2
2025-10,政府电子数据取证与情报技术岗,网络工程,5,2,0.4,10,3,0.3
2023-10,政府电子数据取证与情报技术岗,网络空间安全,4,3,0.75,4,3,0.75
2024-10,政府电子数据取证与情报技术岗,网络空间安全,1,0,0.0,5,3,0.6
2025-10,政府电子数据取证与情报技术岗,网络空间安全,5,1,0.2,10,4,0.4
2023-10,政府电子数据取证与情报技术岗,自动化,4,1,0.25,4,1,0.25
2024-10,政府电子数据取证与情报技术岗,自动化,1,0,0.0,5,1,0.2
2025-10,政府电子数据取证与情报技术岗,自动化,5,0,0.0,10,1,0.1
2023-10,政府电子数据取证与情报技术岗,计算机科学与技术,4,3,0.75,4,3,0.75
2024-10,政府电子数据取证与情报技术岗,计算机科学与技术,1,1,1.0,5,4,0.8
2025-10,政府电子数据取证与情报技术岗,计算机科学与技术,5,5,1.0,10,9,0.9
2023-10,政府电子数据取证与情报技术岗,软件工程,4,2,0.5,4,2,0.5
2024-10,政府电子数据取证与情报技术岗,软件工程,1,1,1.0,5,3,0.6
2025-10,政府电子数据取证与情报技术岗,软件工程,5,4,0.8,10,7,0.7
2023-10,政府电子数据取证与情报技术岗,通信工程,4,3,0.75,4,3,0.75
2024-10,政府电子数据取证与情报技术岗,通信工程,1,0,0.0,5,3,0.6
2025-10,政府电子数据取证与情报技术岗,通信工程,5,2,0.4,10,5,0.5
2023-10,政府网络与数据安全岗,人工智能,38,2,0.052632,38,2,0.052632
2024-10,政府网络与数据安全岗,人工智能,44,6,0.136364,82,8,0.097561
2025-10,政府网络与数据安全岗,人工智能,26,2,0.076923,108,10,0.092593
2023-10,政府网络与数据安全岗,信息化建设,38,1,0.026316,38,1,0.026316
2024-10,政府网络与数据安全岗,信息化建设,44,1,0.022727,82,2,0.02439
2025-10,政府网络与数据安全岗,信息化建设,26,0,0.0,108,2,0.018519
2023-10,政府网络与数据安全岗,信息安全,38,35,0.921053,38,35,0.921053
2024-10,政府网络与数据安全岗,信息安全,44,36,0.818182,82,71,0.865854
2025-10,政府网络与数据安全岗,信息安全,26,17,0.653846,108,88,0.814815
2023-10,政府网络与数据安全岗,信息系统,38,4,0.105263,38,4,0.105263
2024-10,政府网络与数据安全岗,信息系统,44,2,0.045455,82,6,0.073171
2025-10,政府网络与数据安全岗,信息系统,26,5,0.192308,108,11,0.101852
2024-10,政府网络与数据安全岗,密码技术,44,2,0.045455,82,2,0.02439
2025-10,政府网络与数据安全岗,密码技术,26,4,0.153846,108,6,0.055556
2024-10,政府网络与数据安全岗,数据分析,44,4,0.090909,82,4,0.04878
2025-10,政府网络与数据安全岗,数据分析,26,1,0.038462,108,5,0.046296
2023-10,政府网络与数据安全岗,数据安全,38,21,0.552632,38,21,0.552632
2024-10,政府网络与数据安全岗,数据安全,44,24,0.545455,82,45,0.54878
2025-10,政府网络与数据安全岗,数据安全,26,15,0.576923,108,60,0.555556
2023-10,政府网络与数据安全岗,数据科学与大数据技术,38,2,0.052632,38,2,0.052632
2024-10,政府网络与数据安全岗,数据科学与大数据技术,44,3,0.068182,82,5,0.060976
2025-10,政府网络与数据安全岗,数据科学与大数据技术,26,2,0.076923,108,7,0.064815
2023-10,政府网络与数据安全岗,物联网工程,38,2,0.052632,38,2,0.052632
2024-10,政府网络与数据安全岗,物联网工程,44,1,0.022727,82,3,0.036585
2025-10,政府网络与数据安全岗,物联网工程,26,0,0.0,108,3,0.027778
2023-10,政府网络与数据安全岗,电子信息,38,5,0.131579,38,5,0.131579
2024-10,政府网络与数据安全岗,电子信息,44,14,0.318182,82,19,0.231707
2025-10,政府网络与数据安全岗,电子信息,26,9,0.346154,108,28,0.259259
2024-10,政府网络与数据安全岗,电子信息工程,44,1,0.022727,82,1,0.012195
2025-10,政府网络与数据安全岗,电子信息工程,26,0,0.0,108,1,0.009259
2023-10,政府网络与数据安全岗,系统运维,38,1,0.026316,38,1,0.026316
2024-10,政府网络与数据安全岗,系统运维,44,2,0.045455,82,3,0.036585
2025-10,政府网络与数据安全岗,系统运维,26,0,0.0,108,3,0.027778
2023-10,政府网络与数据安全岗,网络工程,38,7,0.184211,38,7,0.184211
2024-10,政府网络与数据安全岗,网络工程,44,9,0.204545,82,16,0.195122
2025-10,政府网络与数据安全岗,网络工程,26,2,0.076923,108,18,0.166667
2023-10,政府网络与数据安全岗,网络空间安全,38,17,0.447368,38,17,0.447368
2024-10,政府网络与数据安全岗,网络空间安全,44,20,0.454545,82,37,0.45122
2025-10,政府网络与数据安全岗,网络空间安全,26,10,0.384615,108,47,0.435185
2023-10,政府网络与数据安全岗,网络运维,38,1,0.026316,38,1,0.026316
2024-10,政府网络与数据安全岗,网络运维,44,1,0.022727,82,2,0.02439
2025-10,政府网络与数据安全岗,网络运维,26,0,0.0,108,2,0.018519
2023-10,政府网络与数据安全岗,自动化,38,2,0.052632,38,2,0.052632
2024-10,政府网络与数据安全岗,自动化,44,2,0.045455,82,4,0.04878
2025-10,政府网络与数据安全岗,自动化,26,0,0.0,108,4,0.037037
2023-10,政府网络与数据安全岗,计算机科学与技术,38,26,0.684211,38,26,0.684211
2024-10,政府网络与数据安全岗,计算机科学与技术,44,27,0.613636,82,53,0.646341
2025-10,政府网络与数据安全岗,计算机科学与技术,26,17,0.653846,108,70,0.648148
2023-10,政府网络与数据安全岗,软件工程,38,15,0.394737,38,15,0.394737
2024-10,政府网络与数据安全岗,软件工程,44,19,0.431818,82,34,0.414634
2025-10,政府网络与数据安全岗,软件工程,26,6,0.230769,108,40,0.37037
2023-10,政府网络与数据安全岗,通信工程,38,7,0.184211,38,7,0.184211
2024-10,政府网络与数据安全岗,通信工程,44,15,0.340909,82,22,0.268293
2025-10,政府网络与数据安全岗,通信工程,26,7,0.269231,108,29,0.268519
2025-10,政府网络与数据安全岗,遥感技术,26,1,0.038462,108,1,0.009259
2025-10,政府网络与通信运维岗,人工智能,11,5,0.454545,32,5,0.15625
2023-10,政府网络与通信运维岗,信息安全,13,3,0.230769,13,3,0.230769
2024-10,政府网络与通信运维岗,信息安全,8,0,0.0,21,3,0.142857
2025-10,政府网络与通信运维岗,信息安全,11,1,0.090909,32,4,0.125
2024-10,政府网络与通信运维岗,信息管理与信息系统,8,2,0.25,21,2,0.095238
2025-10,政府网络与通信运维岗,信息管理与信息系统,11,0,0.0,32,2,0.0625
2023-10,政府网络与通信运维岗,信息系统,13,3,0.230769,13,3,0.230769
2024-10,政府网络与通信运维岗,信息系统,8,2,0.25,21,5,0.238095
2025-10,政府网络与通信运维岗,信息系统,11,0,0.0,32,5,0.15625
2024-10,政府网络与通信运维岗,大数据管理与应用,8,2,0.25,21,2,0.095238
2025-10,政府网络与通信运维岗,大数据管理与应用,11,0,0.0,32,2,0.0625
2023-10,政府网络与通信运维岗,数据分析,13,3,0.230769,13,3,0.230769
2024-10,政府网络与通信运维岗,数据分析,8,0,0.0,21,3,0.142857
2025-10,政府网络与通信运维岗,数据分析,11,0,0.0,32,3,0.09375
2023-10,政府网络与通信运维岗,数据安全,13,1,0.076923,13,1,0.076923
2024-10,政府网络与通信运维岗,数据安全,8,0,0.0,21,1,0.047619
2025-10,政府网络与通信运维岗,数据安全,11,0,0.0,32,1,0.03125
2023-10,政府网络与通信运维岗,数据科学与大数据技术,13,1,0.076923,13,1,0.076923
2024-10,政府网络与通信运维岗,数据科学与大数据技术,8,1,0.125,21,2,0.095238
2025-10,政府网络与通信运维岗,数据科学与大数据技术,11,2,0.181818,32,4,0.125
2024-10,政府网络与通信运维岗,数据管理,8,2,0.25,21,2,0.095238
2025-10,政府网络与通信运维岗,数据管理,11,0,0.0,32,2,0.0625
2023-10,政府网络与通信运维岗,电子信息,13,6,0.461538,13,6,0.461538
2024-10,政府网络与通信运维岗,电子信息,8,3,0.375,21,9,0.428571
2025-10,政府网络与通信运维岗,电子信息,11,8,0.727273,32,17,0.53125
2023-10,政府网络与通信运维岗,电子信息工程,13,3,0.230769,13,3,0.230769
2024-10,政府网络与通信运维岗,电子信息工程,8,0,0.0,21,3,0.142857
2025-10,政府网络与通信运维岗,电子信息工程,11,3,0.272727,32,6,0.1875
2023-10,政府网络与通信运维岗,系统运维,13,1,0.076923,13,1,0.076923
2024-10,政府网络与通信运维岗,系统运维,8,1,0.125,21,2,0.095238
2025-10,政府网络与通信运维岗,系统运维,11,0,0.0,32,2,0.0625
2023-10,政府网络与通信运维岗,网络工程,13,2,0.153846,13,2,0.153846
2024-10,政府网络与通信运维岗,网络工程,8,0,0.0,21,2,0.095238
2025-10,政府网络与通信运维岗,网络工程,11,0,0.0,32,2,0.0625
2023-10,政府网络与通信运维岗,网络空间安全,13,5,0.384615,13,5,0.384615
2024-10,政府网络与通信运维岗,网络空间安全,8,4,0.5,21,9,0.428571
2025-10,政府网络与通信运维岗,网络空间安全,11,4,0.363636,32,13,0.40625
2025-10,政府网络与通信运维岗,网络运维,11,1,0.090909,32,1,0.03125
2023-10,政府网络与通信运维岗,计算机科学与技术,13,12,0.923077,13,12,0.923077
2024-10,政府网络与通信运维岗,计算机科学与技术,8,8,1.0,21,20,0.952381
2025-10,政府网络与通信运维岗,计算机科学与技术,11,11,1.0,32,31,0.96875
2023-10,政府网络与通信运维岗,软件工程,13,7,0.538462,13,7,0.538462
2024-10,政府网络与通信运维岗,软件工程,8,5,0.625,21,12,0.571429
2025-10,政府网络与通信运维岗,软件工程,11,6,0.545455,32,18,0.5625
2023-10,政府网络与通信运维岗,通信工程,13,11,0.846154,13,11,0.846154
2024-10,政府网络与通信运维岗,通信工程,8,5,0.625,21,16,0.761905
2025-10,政府网络与通信运维岗,通信工程,11,6,0.545455,32,22,0.6875
2023-10,政府警务信息技术保障岗,人工智能,40,1,0.025,40,1,0.025
2024-10,政府警务信息技术保障岗,人工智能,24,0,0.0,64,1,0.015625
2025-10,政府警务信息技术保障岗,人工智能,24,5,0.208333,88,6,0.068182
2023-10,政府警务信息技术保障岗,信息安全,40,7,0.175,40,7,0.175
2024-10,政府警务信息技术保障岗,信息安全,24,1,0.041667,64,8,0.125
2025-10,政府警务信息技术保障岗,信息安全,24,12,0.5,88,20,0.227273
2023-10,政府警务信息技术保障岗,大数据管理与应用,40,1,0.025,40,1,0.025
2024-10,政府警务信息技术保障岗,大数据管理与应用,24,0,0.0,64,1,0.015625
2025-10,政府警务信息技术保障岗,大数据管理与应用,24,1,0.041667,88,2,0.022727
2025-10,政府警务信息技术保障岗,密码技术,24,1,0.041667,88,1,0.011364
2023-10,政府警务信息技术保障岗,数据分析,40,6,0.15,40,6,0.15
2024-10,政府警务信息技术保障岗,数据分析,24,3,0.125,64,9,0.140625
2025-10,政府警务信息技术保障岗,数据分析,24,11,0.458333,88,20,0.227273
2025-10,政府警务信息技术保障岗,数据安全,24,2,0.083333,88,2,0.022727
2023-10,政府警务信息技术保障岗,数据科学与大数据技术,40,5,0.125,40,5,0.125
2024-10,政府警务信息技术保障岗,数据科学与大数据技术,24,4,0.166667,64,9,0.140625
2025-10,政府警务信息技术保障岗,数据科学与大数据技术,24,5,0.208333,88,14,0.159091
2023-10,政府警务信息技术保障岗,数据管理,40,1,0.025,40,1,0.025
2024-10,政府警务信息技术保障岗,数据管理,24,0,0.0,64,1,0.015625
2025-10,政府警务信息技术保障岗,数据管理,24,1,0.041667,88,2,0.022727
2023-10,政府警务信息技术保障岗,物联网工程,40,1,0.025,40,1,0.025
2024-10,政府警务信息技术保障岗,物联网工程,24,0,0.0,64,1,0.015625
2025-10,政府警务信息技术保障岗,物联网工程,24,0,0.0,88,1,0.011364
2023-10,政府警务信息技术保障岗,电子信息,40,10,0.25,40,10,0.25
2024-10,政府警务信息技术保障岗,电子信息,24,3,0.125,64,13,0.203125
2025-10,政府警务信息技术保障岗,电子信息,24,17,0.708333,88,30,0.340909
2023-10,政府警务信息技术保障岗,电子信息工程,40,1,0.025,40,1,0.025
2024-10,政府警务信息技术保障岗,电子信息工程,24,2,0.083333,64,3,0.046875
2025-10,政府警务信息技术保障岗,电子信息工程,24,0,0.0,88,3,0.034091
2024-10,政府警务信息技术保障岗,系统运维,24,2,0.083333,64,2,0.03125
2025-10,政府警务信息技术保障岗,系统运维,24,0,0.0,88,2,0.022727
2023-10,政府警务信息技术保障岗,统计学,40,1,0.025,40,1,0.025
2024-10,政府警务信息技术保障岗,统计学,24,0,0.0,64,1,0.015625
2025-10,政府警务信息技术保障岗,统计学,24,0,0.0,88,1,0.011364
2023-10,政府警务信息技术保障岗,网络工程,40,5,0.125,40,5,0.125
2024-10,政府警务信息技术保障岗,网络工程,24,0,0.0,64,5,0.078125
2025-10,政府警务信息技术保障岗,网络工程,24,4,0.166667,88,9,0.102273
2023-10,政府警务信息技术保障岗,网络空间安全,40,2,0.05,40,2,0.05
2024-10,政府警务信息技术保障岗,网络空间安全,24,1,0.041667,64,3,0.046875
2025-10,政府警务信息技术保障岗,网络空间安全,24,13,0.541667,88,16,0.181818
2025-10,政府警务信息技术保障岗,网络运维,24,3,0.125,88,3,0.034091
2024-10,政府警务信息技术保障岗,自动化,24,1,0.041667,64,1,0.015625
2025-10,政府警务信息技术保障岗,自动化,24,10,0.416667,88,11,0.125
2023-10,政府警务信息技术保障岗,计算机科学与技术,40,37,0.925,40,37,0.925
2024-10,政府警务信息技术保障岗,计算机科学与技术,24,24,1.0,64,61,0.953125
2025-10,政府警务信息技术保障岗,计算机科学与技术,24,19,0.791667,88,80,0.909091
2023-10,政府警务信息技术保障岗,软件工程,40,17,0.425,40,17,0.425
2024-10,政府警务信息技术保障岗,软件工程,24,3,0.125,64,20,0.3125
2025-10,政府警务信息技术保障岗,软件工程,24,17,0.708333,88,37,0.420455
2023-10,政府警务信息技术保障岗,通信工程,40,12,0.3,40,12,0.3
2024-10,政府警务信息技术保障岗,通信工程,24,4,0.166667,64,16,0.25
2025-10,政府警务信息技术保障岗,通信工程,24,12,0.5,88,28,0.318182
2024-10,政府通信电子技术岗,人工智能,11,1,0.090909,18,1,0.055556
2025-10,政府通信电子技术岗,人工智能,2,1,0.5,20,2,0.1
2024-10,政府通信电子技术岗,信息安全,11,3,0.272727,18,3,0.166667
2025-10,政府通信电子技术岗,信息安全,2,0,0.0,20,3,0.15
2023-10,政府通信电子技术岗,信息系统,7,1,0.142857,7,1,0.142857
2024-10,政府通信电子技术岗,信息系统,11,0,0.0,18,1,0.055556
2025-10,政府通信电子技术岗,信息系统,2,0,0.0,20,1,0.05
2023-10,政府通信电子技术岗,地理信息系统,7,1,0.142857,7,1,0.142857
2024-10,政府通信电子技术岗,地理信息系统,11,0,0.0,18,1,0.055556
2025-10,政府通信电子技术岗,地理信息系统,2,0,0.0,20,1,0.05
2024-10,政府通信电子技术岗,数据科学与大数据技术,11,3,0.272727,18,3,0.166667
2025-10,政府通信电子技术岗,数据科学与大数据技术,2,0,0.0,20,3,0.15
2024-10,政府通信电子技术岗,物联网工程,11,1,0.090909,18,1,0.055556
2025-10,政府通信电子技术岗,物联网工程,2,0,0.0,20,1,0.05
2023-10,政府通信电子技术岗,电子信息,7,5,0.714286,7,5,0.714286
2024-10,政府通信电子技术岗,电子信息,11,7,0.636364,18,12,0.666667
2025-10,政府通信电子技术岗,电子信息,2,1,0.5,20,13,0.65
2024-10,政府通信电子技术岗,电子信息工程,11,4,0.363636,18,4,0.222222
2025-10,政府通信电子技术岗,电子信息工程,2,0,0.0,20,4,0.2
2024-10,政府通信电子技术岗,网络工程,11,2,0.181818,18,2,0.111111
2025-10,政府通信电子技术岗,网络工程,2,0,0.0,20,2,0.1
2023-10,政府通信电子技术岗,网络空间安全,7,2,0.285714,7,2,0.285714
2024-10,政府通信电子技术岗,网络空间安全,11,0,0.0,18,2,0.111111
2025-10,政府通信电子技术岗,网络空间安全,2,2,1.0,20,4,0.2
2023-10,政府通信电子技术岗,自动化,7,1,0.142857,7,1,0.142857
2024-10,政府通信电子技术岗,自动化,11,0,0.0,18,1,0.055556
2025-10,政府通信电子技术岗,自动化,2,0,0.0,20,1,0.05
2023-10,政府通信电子技术岗,计算机科学与技术,7,6,0.857143,7,6,0.857143
2024-10,政府通信电子技术岗,计算机科学与技术,11,10,0.909091,18,16,0.888889
2025-10,政府通信电子技术岗,计算机科学与技术,2,2,1.0,20,18,0.9
2023-10,政府通信电子技术岗,软件工程,7,2,0.285714,7,2,0.285714
2024-10,政府通信电子技术岗,软件工程,11,5,0.454545,18,7,0.388889
2025-10,政府通信电子技术岗,软件工程,2,2,1.0,20,9,0.45
2023-10,政府通信电子技术岗,通信工程,7,3,0.428571,7,3,0.428571
2024-10,政府通信电子技术岗,通信工程,11,7,0.636364,18,10,0.555556
2025-10,政府通信电子技术岗,通信工程,2,2,1.0,20,12,0.6
2023-10,政府通用计算机技术岗,人工智能,37,3,0.081081,37,3,0.081081
2024-10,政府通用计算机技术岗,人工智能,38,4,0.105263,75,7,0.093333
2025-10,政府通用计算机技术岗,人工智能,35,7,0.2,110,14,0.127273
2023-10,政府通用计算机技术岗,信息化建设,37,1,0.027027,37,1,0.027027
2024-10,政府通用计算机技术岗,信息化建设,38,0,0.0,75,1,0.013333
2025-10,政府通用计算机技术岗,信息化建设,35,0,0.0,110,1,0.009091
2023-10,政府通用计算机技术岗,信息安全,37,21,0.567568,37,21,0.567568
2024-10,政府通用计算机技术岗,信息安全,38,8,0.210526,75,29,0.386667
2025-10,政府通用计算机技术岗,信息安全,35,12,0.342857,110,41,0.372727
2023-10,政府通用计算机技术岗,信息管理与信息系统,37,1,0.027027,37,1,0.027027
2024-10,政府通用计算机技术岗,信息管理与信息系统,38,1,0.026316,75,2,0.026667
2025-10,政府通用计算机技术岗,信息管理与信息系统,35,0,0.0,110,2,0.018182
2023-10,政府通用计算机技术岗,信息系统,37,5,0.135135,37,5,0.135135
2024-10,政府通用计算机技术岗,信息系统,38,3,0.078947,75,8,0.106667
2025-10,政府通用计算机技术岗,信息系统,35,1,0.028571,110,9,0.081818
2024-10,政府通用计算机技术岗,密码技术,38,1,0.026316,75,1,0.013333
2025-10,政府通用计算机技术岗,密码技术,35,1,0.028571,110,2,0.018182
2024-10,政府通用计算机技术岗,数据分析,38,1,0.026316,75,1,0.013333
2025-10,政府通用计算机技术岗,数据分析,35,2,0.057143,110,3,0.027273
2023-10,政府通用计算机技术岗,数据处理,37,1,0.027027,37,1,0.027027
2024-10,政府通用计算机技术岗,数据处理,38,2,0.052632,75,3,0.04
2025-10,政府通用计算机技术岗,数据处理,35,0,0.0,110,3,0.027273
2024-10,政府通用计算机技术岗,数据安全,38,1,0.026316,75,1,0.013333
2025-10,政府通用计算机技术岗,数据安全,35,0,0.0,110,1,0.009091
2023-10,政府通用计算机技术岗,数据科学与大数据技术,37,12,0.324324,37,12,0.324324
2024-10,政府通用计算机技术岗,数据科学与大数据技术,38,13,0.342105,75,25,0.333333
2025-10,政府通用计算机技术岗,数据科学与大数据技术,35,9,0.257143,110,34,0.309091
2024-10,政府通用计算机技术岗,数据管理,38,1,0.026316,75,1,0.013333
2025-10,政府通用计算机技术岗,数据管理,35,1,0.028571,110,2,0.018182
2023-10,政府通用计算机技术岗,数据计算及应用,37,3,0.081081,37,3,0.081081
2024-10,政府通用计算机技术岗,数据计算及应用,38,2,0.052632,75,5,0.066667
2025-10,政府通用计算机技术岗,数据计算及应用,35,1,0.028571,110,6,0.054545
2023-10,政府通用计算机技术岗,物联网工程,37,2,0.054054,37,2,0.054054
2024-10,政府通用计算机技术岗,物联网工程,38,0,0.0,75,2,0.026667
2025-10,政府通用计算机技术岗,物联网工程,35,0,0.0,110,2,0.018182
2023-10,政府通用计算机技术岗,电子信息,37,8,0.216216,37,8,0.216216
2024-10,政府通用计算机技术岗,电子信息,38,4,0.105263,75,12,0.16
2025-10,政府通用计算机技术岗,电子信息,35,10,0.285714,110,22,0.2
2023-10,政府通用计算机技术岗,电子信息工程,37,2,0.054054,37,2,0.054054
2024-10,政府通用计算机技术岗,电子信息工程,38,1,0.026316,75,3,0.04
2025-10,政府通用计算机技术岗,电子信息工程,35,0,0.0,110,3,0.027273
2023-10,政府通用计算机技术岗,系统运维,37,1,0.027027,37,1,0.027027
2024-10,政府通用计算机技术岗,系统运维,38,0,0.0,75,1,0.013333
2025-10,政府通用计算机技术岗,系统运维,35,1,0.028571,110,2,0.018182
2023-10,政府通用计算机技术岗,统计学,37,2,0.054054,37,2,0.054054
2024-10,政府通用计算机技术岗,统计学,38,1,0.026316,75,3,0.04
2025-10,政府通用计算机技术岗,统计学,35,5,0.142857,110,8,0.072727
2023-10,政府通用计算机技术岗,网络工程,37,15,0.405405,37,15,0.405405
2024-10,政府通用计算机技术岗,网络工程,38,11,0.289474,75,26,0.346667
2025-10,政府通用计算机技术岗,网络工程,35,13,0.371429,110,39,0.354545
2023-10,政府通用计算机技术岗,网络空间安全,37,5,0.135135,37,5,0.135135
2024-10,政府通用计算机技术岗,网络空间安全,38,8,0.210526,75,13,0.173333
2025-10,政府通用计算机技术岗,网络空间安全,35,11,0.314286,110,24,0.218182
2023-10,政府通用计算机技术岗,网络运维,37,8,0.216216,37,8,0.216216
2024-10,政府通用计算机技术岗,网络运维,38,2,0.052632,75,10,0.133333
2025-10,政府通用计算机技术岗,网络运维,35,0,0.0,110,10,0.090909
2023-10,政府通用计算机技术岗,自动化,37,1,0.027027,37,1,0.027027
2024-10,政府通用计算机技术岗,自动化,38,1,0.026316,75,2,0.026667
2025-10,政府通用计算机技术岗,自动化,35,1,0.028571,110,3,0.027273
2023-10,政府通用计算机技术岗,计算机科学与技术,37,36,0.972973,37,36,0.972973
2024-10,政府通用计算机技术岗,计算机科学与技术,38,31,0.815789,75,67,0.893333
2025-10,政府通用计算机技术岗,计算机科学与技术,35,32,0.914286,110,99,0.9
2023-10,政府通用计算机技术岗,软件工程,37,22,0.594595,37,22,0.594595
2024-10,政府通用计算机技术岗,软件工程,38,11,0.289474,75,33,0.44
2025-10,政府通用计算机技术岗,软件工程,35,20,0.571429,110,53,0.481818
2023-10,政府通用计算机技术岗,通信工程,37,2,0.054054,37,2,0.054054
2024-10,政府通用计算机技术岗,通信工程,38,1,0.026316,75,3,0.04
2025-10,政府通用计算机技术岗,通信工程,35,3,0.085714,110,6,0.054545
