month,skill,kg_display_skill,standard_job,monthly_jd_count,monthly_skill_count,monthly_skill_frequency,cumulative_jd_count,cumulative_skill_count,cumulative_skill_frequency,job_first_seen_month,skill_first_seen_month,months_since_skill_first_seen,is_first_seen_job,is_new_job_for_skill,covered_job_count_this_month,cumulative_covered_job_count,monthly_frequency_change,cumulative_frequency_change,is_left_censored,updated_at
2024-10,人工智能,智能化技术,政府人工智能专利审查与技术监管岗,1,1,1.0,1,1,1.0,2024-10,2023-10,12,0,1,9,10,1.0,1.0,1,2026-08-06T03:30:35+00:00
2023-10,人工智能,智能化技术,政府信息化建设与管理岗,86,9,0.104651,86,9,0.104651,2023-10,2023-10,0,1,1,7,7,0.104651,0.104651,1,2026-08-06T03:30:35+00:00
2024-10,人工智能,智能化技术,政府信息化建设与管理岗,56,6,0.107143,142,15,0.105634,2023-10,2023-10,12,1,0,9,10,0.002492,0.000983,1,2026-08-06T03:30:35+00:00
2025-10,人工智能,智能化技术,政府信息化建设与管理岗,73,11,0.150685,215,26,0.12093,2023-10,2023-10,24,1,0,11,12,0.043542,0.015296,1,2026-08-06T03:30:35+00:00
2025-10,人工智能,智能化技术,政府信息系统开发岗,4,1,0.25,22,1,0.045455,2025-10,2023-10,24,0,1,11,12,0.25,0.045455,1,2026-08-06T03:30:35+00:00
2023-10,人工智能,智能化技术,政府信息系统运维岗,109,2,0.018349,109,2,0.018349,2023-10,2023-10,0,1,1,7,7,0.018349,0.018349,1,2026-08-06T03:30:35+00:00
2024-10,人工智能,智能化技术,政府信息系统运维岗,246,1,0.004065,355,3,0.008451,2023-10,2023-10,12,1,0,9,10,-0.014284,-0.009898,1,2026-08-06T03:30:35+00:00
2025-10,人工智能,智能化技术,政府信息系统运维岗,230,23,0.1,585,26,0.044444,2023-10,2023-10,24,1,0,11,12,0.095935,0.035993,1,2026-08-06T03:30:35+00:00
2023-10,人工智能,智能化技术,政府数字监管与科技执法岗,34,8,0.235294,34,8,0.235294,2023-10,2023-10,0,1,1,7,7,0.235294,0.235294,1,2026-08-06T03:30:35+00:00
2024-10,人工智能,智能化技术,政府数字监管与科技执法岗,36,12,0.333333,70,20,0.285714,2023-10,2023-10,12,1,0,9,10,0.098039,0.05042,1,2026-08-06T03:30:35+00:00
2025-10,人工智能,智能化技术,政府数字监管与科技执法岗,39,26,0.666667,109,46,0.422018,2023-10,2023-10,24,1,0,11,12,0.333334,0.136304,1,2026-08-06T03:30:35+00:00
2023-10,人工智能,智能化技术,政府数据治理与统计分析岗,631,26,0.041204,631,26,0.041204,2023-10,2023-10,0,1,1,7,7,0.041204,0.041204,1,2026-08-06T03:30:35+00:00
2024-10,人工智能,智能化技术,政府数据治理与统计分析岗,638,25,0.039185,1269,51,0.040189,2023-10,2023-10,12,1,0,9,10,-0.002019,-0.001015,1,2026-08-06T03:30:35+00:00
2025-10,人工智能,智能化技术,政府数据治理与统计分析岗,408,26,0.063725,1677,77,0.045915,2023-10,2023-10,24,1,0,11,12,0.02454,0.005726,1,2026-08-06T03:30:35+00:00
2024-10,人工智能,智能化技术,政府智能化与自动化技术岗,6,5,0.833333,10,5,0.5,2024-10,2023-10,12,0,1,9,10,0.833333,0.5,1,2026-08-06T03:30:35+00:00
2025-10,人工智能,智能化技术,政府智能化与自动化技术岗,6,5,0.833333,16,10,0.625,2024-10,2023-10,24,0,0,11,12,0.0,0.125,1,2026-08-06T03:30:35+00:00
2023-10,人工智能,智能化技术,政府网络与数据安全岗,38,2,0.052632,38,2,0.052632,2023-10,2023-10,0,1,1,7,7,0.052632,0.052632,1,2026-08-06T03:30:35+00:00
2024-10,人工智能,智能化技术,政府网络与数据安全岗,44,6,0.136364,82,8,0.097561,2023-10,2023-10,12,1,0,9,10,0.083732,0.044929,1,2026-08-06T03:30:35+00:00
2025-10,人工智能,智能化技术,政府网络与数据安全岗,26,2,0.076923,108,10,0.092593,2023-10,2023-10,24,1,0,11,12,-0.059441,-0.004968,1,2026-08-06T03:30:35+00:00
2025-10,人工智能,智能化技术,政府网络与通信运维岗,11,5,0.454545,32,5,0.15625,2025-10,2023-10,24,0,1,11,12,0.454545,0.15625,1,2026-08-06T03:30:35+00:00
2023-10,人工智能,智能化技术,政府警务信息技术保障岗,40,1,0.025,40,1,0.025,2023-10,2023-10,0,1,1,7,7,0.025,0.025,1,2026-08-06T03:30:35+00:00
2024-10,人工智能,智能化技术,政府警务信息技术保障岗,24,0,0.0,64,1,0.015625,2023-10,2023-10,12,1,0,9,10,-0.025,-0.009375,1,2026-08-06T03:30:35+00:00
2025-10,人工智能,智能化技术,政府警务信息技术保障岗,24,5,0.208333,88,6,0.068182,2023-10,2023-10,24,1,0,11,12,0.208333,0.052557,1,2026-08-06T03:30:35+00:00
2024-10,人工智能,智能化技术,政府通信电子技术岗,11,1,0.090909,18,1,0.055556,2024-10,2023-10,12,0,1,9,10,0.090909,0.055556,1,2026-08-06T03:30:35+00:00
2025-10,人工智能,智能化技术,政府通信电子技术岗,2,1,0.5,20,2,0.1,2024-10,2023-10,24,0,0,11,12,0.409091,0.044444,1,2026-08-06T03:30:35+00:00
2023-10,人工智能,智能化技术,政府通用计算机技术岗,37,3,0.081081,37,3,0.081081,2023-10,2023-10,0,1,1,7,7,0.081081,0.081081,1,2026-08-06T03:30:35+00:00
2024-10,人工智能,智能化技术,政府通用计算机技术岗,38,4,0.105263,75,7,0.093333,2023-10,2023-10,12,1,0,9,10,0.024182,0.012252,1,2026-08-06T03:30:35+00:00
2025-10,人工智能,智能化技术,政府通用计算机技术岗,35,7,0.2,110,14,0.127273,2023-10,2023-10,24,1,0,11,12,0.094737,0.03394,1,2026-08-06T03:30:35+00:00
2023-10,信息化建设,政务信息化,政府信息化建设与管理岗,86,6,0.069767,86,6,0.069767,2023-10,2023-10,0,1,1,5,5,0.069767,0.069767,1,2026-08-06T03:30:35+00:00
2024-10,信息化建设,政务信息化,政府信息化建设与管理岗,56,14,0.25,142,20,0.140845,2023-10,2023-10,12,1,0,3,5,0.180233,0.071078,1,2026-08-06T03:30:35+00:00
2025-10,信息化建设,政务信息化,政府信息化建设与管理岗,73,19,0.260274,215,39,0.181395,2023-10,2023-10,24,1,0,3,6,0.010274,0.04055,1,2026-08-06T03:30:35+00:00
2025-10,信息化建设,政务信息化,政府信息系统运维岗,230,1,0.004348,585,1,0.001709,2025-10,2023-10,24,0,1,3,6,0.004348,0.001709,1,2026-08-06T03:30:35+00:00
2023-10,信息化建设,政务信息化,政府数据治理与统计分析岗,631,10,0.015848,631,10,0.015848,2023-10,2023-10,0,1,1,5,5,0.015848,0.015848,1,2026-08-06T03:30:35+00:00
2024-10,信息化建设,政务信息化,政府数据治理与统计分析岗,638,35,0.054859,1269,45,0.035461,2023-10,2023-10,12,1,0,3,5,0.039011,0.019613,1,2026-08-06T03:30:35+00:00
2025-10,信息化建设,政务信息化,政府数据治理与统计分析岗,408,10,0.02451,1677,55,0.032797,2023-10,2023-10,24,1,0,3,6,-0.030349,-0.002664,1,2026-08-06T03:30:35+00:00
2023-10,信息化建设,政务信息化,政府智能化与自动化技术岗,4,1,0.25,4,1,0.25,2023-10,2023-10,0,1,1,5,5,0.25,0.25,1,2026-08-06T03:30:35+00:00
2024-10,信息化建设,政务信息化,政府智能化与自动化技术岗,6,0,0.0,10,1,0.1,2023-10,2023-10,12,1,0,3,5,-0.25,-0.15,1,2026-08-06T03:30:35+00:00
2025-10,信息化建设,政务信息化,政府智能化与自动化技术岗,6,0,0.0,16,1,0.0625,2023-10,2023-10,24,1,0,3,6,0.0,-0.0375,1,2026-08-06T03:30:35+00:00
2023-10,信息化建设,政务信息化,政府网络与数据安全岗,38,1,0.026316,38,1,0.026316,2023-10,2023-10,0,1,1,5,5,0.026316,0.026316,1,2026-08-06T03:30:35+00:00
2024-10,信息化建设,政务信息化,政府网络与数据安全岗,44,1,0.022727,82,2,0.02439,2023-10,2023-10,12,1,0,3,5,-0.003589,-0.001926,1,2026-08-06T03:30:35+00:00
2025-10,信息化建设,政务信息化,政府网络与数据安全岗,26,0,0.0,108,2,0.018519,2023-10,2023-10,24,1,0,3,6,-0.022727,-0.005871,1,2026-08-06T03:30:35+00:00
2023-10,信息化建设,政务信息化,政府通用计算机技术岗,37,1,0.027027,37,1,0.027027,2023-10,2023-10,0,1,1,5,5,0.027027,0.027027,1,2026-08-06T03:30:35+00:00
2024-10,信息化建设,政务信息化,政府通用计算机技术岗,38,0,0.0,75,1,0.013333,2023-10,2023-10,12,1,0,3,5,-0.027027,-0.013694,1,2026-08-06T03:30:35+00:00
2025-10,信息化建设,政务信息化,政府通用计算机技术岗,35,0,0.0,110,1,0.009091,2023-10,2023-10,24,1,0,3,6,0.0,-0.004242,1,2026-08-06T03:30:35+00:00
2024-10,信息安全,网络与安全,政府人工智能专利审查与技术监管岗,1,1,1.0,1,1,1.0,2024-10,2023-10,12,0,1,10,11,1.0,1.0,1,2026-08-06T03:30:35+00:00
2023-10,信息安全,网络与安全,政府信息化建设与管理岗,86,18,0.209302,86,18,0.209302,2023-10,2023-10,0,1,1,8,8,0.209302,0.209302,1,2026-08-06T03:30:35+00:00
2024-10,信息安全,网络与安全,政府信息化建设与管理岗,56,3,0.053571,142,21,0.147887,2023-10,2023-10,12,1,0,10,11,-0.155731,-0.061415,1,2026-08-06T03:30:35+00:00
2025-10,信息安全,网络与安全,政府信息化建设与管理岗,73,8,0.109589,215,29,0.134884,2023-10,2023-10,24,1,0,11,13,0.056018,-0.013003,1,2026-08-06T03:30:35+00:00
2024-10,信息安全,网络与安全,政府信息系统开发岗,13,1,0.076923,18,1,0.055556,2024-10,2023-10,12,0,1,10,11,0.076923,0.055556,1,2026-08-06T03:30:35+00:00
2025-10,信息安全,网络与安全,政府信息系统开发岗,4,1,0.25,22,2,0.090909,2024-10,2023-10,24,0,0,11,13,0.173077,0.035353,1,2026-08-06T03:30:35+00:00
2023-10,信息安全,网络与安全,政府信息系统运维岗,109,19,0.174312,109,19,0.174312,2023-10,2023-10,0,1,1,8,8,0.174312,0.174312,1,2026-08-06T03:30:35+00:00
2024-10,信息安全,网络与安全,政府信息系统运维岗,246,94,0.382114,355,113,0.31831,2023-10,2023-10,12,1,0,10,11,0.207802,0.143998,1,2026-08-06T03:30:35+00:00
2025-10,信息安全,网络与安全,政府信息系统运维岗,230,98,0.426087,585,211,0.360684,2023-10,2023-10,24,1,0,11,13,0.043973,0.042374,1,2026-08-06T03:30:35+00:00
2023-10,信息安全,网络与安全,政府数字监管与科技执法岗,34,10,0.294118,34,10,0.294118,2023-10,2023-10,0,1,1,8,8,0.294118,0.294118,1,2026-08-06T03:30:35+00:00
2024-10,信息安全,网络与安全,政府数字监管与科技执法岗,36,19,0.527778,70,29,0.414286,2023-10,2023-10,12,1,0,10,11,0.23366,0.120168,1,2026-08-06T03:30:35+00:00
2025-10,信息安全,网络与安全,政府数字监管与科技执法岗,39,27,0.692308,109,56,0.513761,2023-10,2023-10,24,1,0,11,13,0.16453,0.099475,1,2026-08-06T03:30:35+00:00
2023-10,信息安全,网络与安全,政府数据治理与统计分析岗,631,61,0.096672,631,61,0.096672,2023-10,2023-10,0,1,1,8,8,0.096672,0.096672,1,2026-08-06T03:30:35+00:00
2024-10,信息安全,网络与安全,政府数据治理与统计分析岗,638,69,0.10815,1269,130,0.102443,2023-10,2023-10,12,1,0,10,11,0.011478,0.005771,1,2026-08-06T03:30:35+00:00
2025-10,信息安全,网络与安全,政府数据治理与统计分析岗,408,28,0.068627,1677,158,0.094216,2023-10,2023-10,24,1,0,11,13,-0.039523,-0.008227,1,2026-08-06T03:30:35+00:00
2025-10,信息安全,网络与安全,政府智能化与自动化技术岗,6,1,0.166667,16,1,0.0625,2025-10,2023-10,24,0,1,11,13,0.166667,0.0625,1,2026-08-06T03:30:35+00:00
2025-10,信息安全,网络与安全,政府电子数据取证与情报技术岗,5,2,0.4,10,2,0.2,2025-10,2023-10,24,0,1,11,13,0.4,0.2,1,2026-08-06T03:30:35+00:00
2023-10,信息安全,网络与安全,政府网络与数据安全岗,38,35,0.921053,38,35,0.921053,2023-10,2023-10,0,1,1,8,8,0.921053,0.921053,1,2026-08-06T03:30:35+00:00
2024-10,信息安全,网络与安全,政府网络与数据安全岗,44,36,0.818182,82,71,0.865854,2023-10,2023-10,12,1,0,10,11,-0.102871,-0.055199,1,2026-08-06T03:30:35+00:00
2025-10,信息安全,网络与安全,政府网络与数据安全岗,26,17,0.653846,108,88,0.814815,2023-10,2023-10,24,1,0,11,13,-0.164336,-0.051039,1,2026-08-06T03:30:35+00:00
2023-10,信息安全,网络与安全,政府网络与通信运维岗,13,3,0.230769,13,3,0.230769,2023-10,2023-10,0,1,1,8,8,0.230769,0.230769,1,2026-08-06T03:30:35+00:00
2024-10,信息安全,网络与安全,政府网络与通信运维岗,8,0,0.0,21,3,0.142857,2023-10,2023-10,12,1,0,10,11,-0.230769,-0.087912,1,2026-08-06T03:30:35+00:00
2025-10,信息安全,网络与安全,政府网络与通信运维岗,11,1,0.090909,32,4,0.125,2023-10,2023-10,24,1,0,11,13,0.090909,-0.017857,1,2026-08-06T03:30:35+00:00
2023-10,信息安全,网络与安全,政府警务信息技术保障岗,40,7,0.175,40,7,0.175,2023-10,2023-10,0,1,1,8,8,0.175,0.175,1,2026-08-06T03:30:35+00:00
2024-10,信息安全,网络与安全,政府警务信息技术保障岗,24,1,0.041667,64,8,0.125,2023-10,2023-10,12,1,0,10,11,-0.133333,-0.05,1,2026-08-06T03:30:35+00:00
2025-10,信息安全,网络与安全,政府警务信息技术保障岗,24,12,0.5,88,20,0.227273,2023-10,2023-10,24,1,0,11,13,0.458333,0.102273,1,2026-08-06T03:30:35+00:00
2024-10,信息安全,网络与安全,政府通信电子技术岗,11,3,0.272727,18,3,0.166667,2024-10,2023-10,12,0,1,10,11,0.272727,0.166667,1,2026-08-06T03:30:35+00:00
2025-10,信息安全,网络与安全,政府通信电子技术岗,2,0,0.0,20,3,0.15,2024-10,2023-10,24,0,0,11,13,-0.272727,-0.016667,1,2026-08-06T03:30:35+00:00
2023-10,信息安全,网络与安全,政府通用计算机技术岗,37,21,0.567568,37,21,0.567568,2023-10,2023-10,0,1,1,8,8,0.567568,0.567568,1,2026-08-06T03:30:35+00:00
2024-10,信息安全,网络与安全,政府通用计算机技术岗,38,8,0.210526,75,29,0.386667,2023-10,2023-10,12,1,0,10,11,-0.357042,-0.180901,1,2026-08-06T03:30:35+00:00
2025-10,信息安全,网络与安全,政府通用计算机技术岗,35,12,0.342857,110,41,0.372727,2023-10,2023-10,24,1,0,11,13,0.132331,-0.01394,1,2026-08-06T03:30:35+00:00
2023-10,信息管理与信息系统,政务信息化,政府信息化建设与管理岗,86,4,0.046512,86,4,0.046512,2023-10,2023-10,0,1,1,4,4,0.046512,0.046512,1,2026-08-06T03:30:35+00:00
2024-10,信息管理与信息系统,政务信息化,政府信息化建设与管理岗,56,0,0.0,142,4,0.028169,2023-10,2023-10,12,1,0,5,6,-0.046512,-0.018343,1,2026-08-06T03:30:35+00:00
2025-10,信息管理与信息系统,政务信息化,政府信息化建设与管理岗,73,0,0.0,215,4,0.018605,2023-10,2023-10,24,1,0,2,7,0.0,-0.009564,1,2026-08-06T03:30:35+00:00
2024-10,信息管理与信息系统,政务信息化,政府信息系统开发岗,13,1,0.076923,18,1,0.055556,2024-10,2023-10,12,0,1,5,6,0.076923,0.055556,1,2026-08-06T03:30:35+00:00
2025-10,信息管理与信息系统,政务信息化,政府信息系统开发岗,4,0,0.0,22,1,0.045455,2024-10,2023-10,24,0,0,2,7,-0.076923,-0.010101,1,2026-08-06T03:30:35+00:00
2025-10,信息管理与信息系统,政务信息化,政府信息系统运维岗,230,27,0.117391,585,27,0.046154,2025-10,2023-10,24,0,1,2,7,0.117391,0.046154,1,2026-08-06T03:30:35+00:00
2023-10,信息管理与信息系统,政务信息化,政府数字监管与科技执法岗,34,4,0.117647,34,4,0.117647,2023-10,2023-10,0,1,1,4,4,0.117647,0.117647,1,2026-08-06T03:30:35+00:00
2024-10,信息管理与信息系统,政务信息化,政府数字监管与科技执法岗,36,1,0.027778,70,5,0.071429,2023-10,2023-10,12,1,0,5,6,-0.089869,-0.046218,1,2026-08-06T03:30:35+00:00
2025-10,信息管理与信息系统,政务信息化,政府数字监管与科技执法岗,39,0,0.0,109,5,0.045872,2023-10,2023-10,24,1,0,2,7,-0.027778,-0.025557,1,2026-08-06T03:30:35+00:00
2023-10,信息管理与信息系统,政务信息化,政府数据治理与统计分析岗,631,45,0.071315,631,45,0.071315,2023-10,2023-10,0,1,1,4,4,0.071315,0.071315,1,2026-08-06T03:30:35+00:00
2024-10,信息管理与信息系统,政务信息化,政府数据治理与统计分析岗,638,22,0.034483,1269,67,0.052797,2023-10,2023-10,12,1,0,5,6,-0.036832,-0.018518,1,2026-08-06T03:30:35+00:00
2025-10,信息管理与信息系统,政务信息化,政府数据治理与统计分析岗,408,1,0.002451,1677,68,0.040549,2023-10,2023-10,24,1,0,2,7,-0.032032,-0.012248,1,2026-08-06T03:30:35+00:00
2024-10,信息管理与信息系统,政务信息化,政府网络与通信运维岗,8,2,0.25,21,2,0.095238,2024-10,2023-10,12,0,1,5,6,0.25,0.095238,1,2026-08-06T03:30:35+00:00
2025-10,信息管理与信息系统,政务信息化,政府网络与通信运维岗,11,0,0.0,32,2,0.0625,2024-10,2023-10,24,0,0,2,7,-0.25,-0.032738,1,2026-08-06T03:30:35+00:00
2023-10,信息管理与信息系统,政务信息化,政府通用计算机技术岗,37,1,0.027027,37,1,0.027027,2023-10,2023-10,0,1,1,4,4,0.027027,0.027027,1,2026-08-06T03:30:35+00:00
2024-10,信息管理与信息系统,政务信息化,政府通用计算机技术岗,38,1,0.026316,75,2,0.026667,2023-10,2023-10,12,1,0,5,6,-0.000711,-0.00036,1,2026-08-06T03:30:35+00:00
2025-10,信息管理与信息系统,政务信息化,政府通用计算机技术岗,35,0,0.0,110,2,0.018182,2023-10,2023-10,24,1,0,2,7,-0.026316,-0.008485,1,2026-08-06T03:30:35+00:00
2023-10,信息系统,政务信息化,政府信息化建设与管理岗,86,8,0.093023,86,8,0.093023,2023-10,2023-10,0,1,1,10,10,0.093023,0.093023,1,2026-08-06T03:30:35+00:00
2024-10,信息系统,政务信息化,政府信息化建设与管理岗,56,0,0.0,142,8,0.056338,2023-10,2023-10,12,1,0,7,10,-0.093023,-0.036685,1,2026-08-06T03:30:35+00:00
2025-10,信息系统,政务信息化,政府信息化建设与管理岗,73,3,0.041096,215,11,0.051163,2023-10,2023-10,24,1,0,6,11,0.041096,-0.005175,1,2026-08-06T03:30:35+00:00
2023-10,信息系统,政务信息化,政府信息系统开发岗,5,2,0.4,5,2,0.4,2023-10,2023-10,0,1,1,10,10,0.4,0.4,1,2026-08-06T03:30:35+00:00
2024-10,信息系统,政务信息化,政府信息系统开发岗,13,3,0.230769,18,5,0.277778,2023-10,2023-10,12,1,0,7,10,-0.169231,-0.122222,1,2026-08-06T03:30:35+00:00
2025-10,信息系统,政务信息化,政府信息系统开发岗,4,0,0.0,22,5,0.227273,2023-10,2023-10,24,1,0,6,11,-0.230769,-0.050505,1,2026-08-06T03:30:35+00:00
2023-10,信息系统,政务信息化,政府信息系统运维岗,109,100,0.917431,109,100,0.917431,2023-10,2023-10,0,1,1,10,10,0.917431,0.917431,1,2026-08-06T03:30:35+00:00
2024-10,信息系统,政务信息化,政府信息系统运维岗,246,243,0.987805,355,343,0.966197,2023-10,2023-10,12,1,0,7,10,0.070374,0.048766,1,2026-08-06T03:30:35+00:00
2025-10,信息系统,政务信息化,政府信息系统运维岗,230,222,0.965217,585,565,0.965812,2023-10,2023-10,24,1,0,6,11,-0.022588,-0.000385,1,2026-08-06T03:30:35+00:00
2023-10,信息系统,政务信息化,政府地理信息与空间数据技术岗,5,5,1.0,5,5,1.0,2023-10,2023-10,0,1,1,10,10,1.0,1.0,1,2026-08-06T03:30:35+00:00
2023-10,信息系统,政务信息化,政府数字监管与科技执法岗,34,4,0.117647,34,4,0.117647,2023-10,2023-10,0,1,1,10,10,0.117647,0.117647,1,2026-08-06T03:30:35+00:00
2024-10,信息系统,政务信息化,政府数字监管与科技执法岗,36,2,0.055556,70,6,0.085714,2023-10,2023-10,12,1,0,7,10,-0.062091,-0.031933,1,2026-08-06T03:30:35+00:00
2025-10,信息系统,政务信息化,政府数字监管与科技执法岗,39,0,0.0,109,6,0.055046,2023-10,2023-10,24,1,0,6,11,-0.055556,-0.030668,1,2026-08-06T03:30:35+00:00
2023-10,信息系统,政务信息化,政府数据治理与统计分析岗,631,70,0.110935,631,70,0.110935,2023-10,2023-10,0,1,1,10,10,0.110935,0.110935,1,2026-08-06T03:30:35+00:00
2024-10,信息系统,政务信息化,政府数据治理与统计分析岗,638,67,0.105016,1269,137,0.107959,2023-10,2023-10,12,1,0,7,10,-0.005919,-0.002976,1,2026-08-06T03:30:35+00:00
2025-10,信息系统,政务信息化,政府数据治理与统计分析岗,408,8,0.019608,1677,145,0.086464,2023-10,2023-10,24,1,0,6,11,-0.085408,-0.021495,1,2026-08-06T03:30:35+00:00
2025-10,信息系统,政务信息化,政府智能化与自动化技术岗,6,1,0.166667,16,1,0.0625,2025-10,2023-10,24,0,1,6,11,0.166667,0.0625,1,2026-08-06T03:30:35+00:00
2023-10,信息系统,政务信息化,政府网络与数据安全岗,38,4,0.105263,38,4,0.105263,2023-10,2023-10,0,1,1,10,10,0.105263,0.105263,1,2026-08-06T03:30:35+00:00
2024-10,信息系统,政务信息化,政府网络与数据安全岗,44,2,0.045455,82,6,0.073171,2023-10,2023-10,12,1,0,7,10,-0.059808,-0.032092,1,2026-08-06T03:30:35+00:00
2025-10,信息系统,政务信息化,政府网络与数据安全岗,26,5,0.192308,108,11,0.101852,2023-10,2023-10,24,1,0,6,11,0.146853,0.028681,1,2026-08-06T03:30:35+00:00
2023-10,信息系统,政务信息化,政府网络与通信运维岗,13,3,0.230769,13,3,0.230769,2023-10,2023-10,0,1,1,10,10,0.230769,0.230769,1,2026-08-06T03:30:35+00:00
2024-10,信息系统,政务信息化,政府网络与通信运维岗,8,2,0.25,21,5,0.238095,2023-10,2023-10,12,1,0,7,10,0.019231,0.007326,1,2026-08-06T03:30:35+00:00
2025-10,信息系统,政务信息化,政府网络与通信运维岗,11,0,0.0,32,5,0.15625,2023-10,2023-10,24,1,0,6,11,-0.25,-0.081845,1,2026-08-06T03:30:35+00:00
2023-10,信息系统,政务信息化,政府通信电子技术岗,7,1,0.142857,7,1,0.142857,2023-10,2023-10,0,1,1,10,10,0.142857,0.142857,1,2026-08-06T03:30:35+00:00
2024-10,信息系统,政务信息化,政府通信电子技术岗,11,0,0.0,18,1,0.055556,2023-10,2023-10,12,1,0,7,10,-0.142857,-0.087301,1,2026-08-06T03:30:35+00:00
2025-10,信息系统,政务信息化,政府通信电子技术岗,2,0,0.0,20,1,0.05,2023-10,2023-10,24,1,0,6,11,0.0,-0.005556,1,2026-08-06T03:30:35+00:00
2023-10,信息系统,政务信息化,政府通用计算机技术岗,37,5,0.135135,37,5,0.135135,2023-10,2023-10,0,1,1,10,10,0.135135,0.135135,1,2026-08-06T03:30:35+00:00
2024-10,信息系统,政务信息化,政府通用计算机技术岗,38,3,0.078947,75,8,0.106667,2023-10,2023-10,12,1,0,7,10,-0.056188,-0.028468,1,2026-08-06T03:30:35+00:00
2025-10,信息系统,政务信息化,政府通用计算机技术岗,35,1,0.028571,110,9,0.081818,2023-10,2023-10,24,1,0,6,11,-0.050376,-0.024849,1,2026-08-06T03:30:35+00:00
2023-10,地理信息系统,空间信息技术,政府地理信息与空间数据技术岗,5,5,1.0,5,5,1.0,2023-10,2023-10,0,1,1,3,3,1.0,1.0,1,2026-08-06T03:30:35+00:00
2023-10,地理信息系统,空间信息技术,政府数据治理与统计分析岗,631,1,0.001585,631,1,0.001585,2023-10,2023-10,0,1,1,3,3,0.001585,0.001585,1,2026-08-06T03:30:35+00:00
2024-10,地理信息系统,空间信息技术,政府数据治理与统计分析岗,638,3,0.004702,1269,4,0.003152,2023-10,2023-10,12,1,0,1,3,0.003117,0.001567,1,2026-08-06T03:30:35+00:00
2025-10,地理信息系统,空间信息技术,政府数据治理与统计分析岗,408,6,0.014706,1677,10,0.005963,2023-10,2023-10,24,1,0,2,4,0.010004,0.002811,1,2026-08-06T03:30:35+00:00
2025-10,地理信息系统,空间信息技术,政府智能化与自动化技术岗,6,1,0.166667,16,1,0.0625,2025-10,2023-10,24,0,1,2,4,0.166667,0.0625,1,2026-08-06T03:30:35+00:00
2023-10,地理信息系统,空间信息技术,政府通信电子技术岗,7,1,0.142857,7,1,0.142857,2023-10,2023-10,0,1,1,3,3,0.142857,0.142857,1,2026-08-06T03:30:35+00:00
2024-10,地理信息系统,空间信息技术,政府通信电子技术岗,11,0,0.0,18,1,0.055556,2023-10,2023-10,12,1,0,1,3,-0.142857,-0.087301,1,2026-08-06T03:30:35+00:00
2025-10,地理信息系统,空间信息技术,政府通信电子技术岗,2,0,0.0,20,1,0.05,2023-10,2023-10,24,1,0,2,4,0.0,-0.005556,1,2026-08-06T03:30:35+00:00
2023-10,大数据管理与应用,政务信息化,政府信息化建设与管理岗,86,3,0.034884,86,3,0.034884,2023-10,2023-10,0,1,1,4,4,0.034884,0.034884,1,2026-08-06T03:30:35+00:00
2024-10,大数据管理与应用,政务信息化,政府信息化建设与管理岗,56,0,0.0,142,3,0.021127,2023-10,2023-10,12,1,0,5,7,-0.034884,-0.013757,1,2026-08-06T03:30:35+00:00
2025-10,大数据管理与应用,政务信息化,政府信息化建设与管理岗,73,0,0.0,215,3,0.013953,2023-10,2023-10,24,1,0,4,8,0.0,-0.007174,1,2026-08-06T03:30:35+00:00
2024-10,大数据管理与应用,政务信息化,政府信息系统开发岗,13,1,0.076923,18,1,0.055556,2024-10,2023-10,12,0,1,5,7,0.076923,0.055556,1,2026-08-06T03:30:35+00:00
2025-10,大数据管理与应用,政务信息化,政府信息系统开发岗,4,0,0.0,22,1,0.045455,2024-10,2023-10,24,0,0,4,8,-0.076923,-0.010101,1,2026-08-06T03:30:35+00:00
2025-10,大数据管理与应用,政务信息化,政府信息系统运维岗,230,27,0.117391,585,27,0.046154,2025-10,2023-10,24,0,1,4,8,0.117391,0.046154,1,2026-08-06T03:30:35+00:00
2023-10,大数据管理与应用,政务信息化,政府数字监管与科技执法岗,34,5,0.147059,34,5,0.147059,2023-10,2023-10,0,1,1,4,4,0.147059,0.147059,1,2026-08-06T03:30:35+00:00
2024-10,大数据管理与应用,政务信息化,政府数字监管与科技执法岗,36,1,0.027778,70,6,0.085714,2023-10,2023-10,12,1,0,5,7,-0.119281,-0.061345,1,2026-08-06T03:30:35+00:00
2025-10,大数据管理与应用,政务信息化,政府数字监管与科技执法岗,39,1,0.025641,109,7,0.06422,2023-10,2023-10,24,1,0,4,8,-0.002137,-0.021494,1,2026-08-06T03:30:35+00:00
2023-10,大数据管理与应用,政务信息化,政府数据治理与统计分析岗,631,43,0.068146,631,43,0.068146,2023-10,2023-10,0,1,1,4,4,0.068146,0.068146,1,2026-08-06T03:30:35+00:00
2024-10,大数据管理与应用,政务信息化,政府数据治理与统计分析岗,638,48,0.075235,1269,91,0.07171,2023-10,2023-10,12,1,0,5,7,0.007089,0.003564,1,2026-08-06T03:30:35+00:00
2025-10,大数据管理与应用,政务信息化,政府数据治理与统计分析岗,408,31,0.07598,1677,122,0.072749,2023-10,2023-10,24,1,0,4,8,0.000745,0.001039,1,2026-08-06T03:30:35+00:00
2024-10,大数据管理与应用,政务信息化,政府智能化与自动化技术岗,6,1,0.166667,10,1,0.1,2024-10,2023-10,12,0,1,5,7,0.166667,0.1,1,2026-08-06T03:30:35+00:00
2025-10,大数据管理与应用,政务信息化,政府智能化与自动化技术岗,6,0,0.0,16,1,0.0625,2024-10,2023-10,24,0,0,4,8,-0.166667,-0.0375,1,2026-08-06T03:30:35+00:00
2024-10,大数据管理与应用,政务信息化,政府网络与通信运维岗,8,2,0.25,21,2,0.095238,2024-10,2023-10,12,0,1,5,7,0.25,0.095238,1,2026-08-06T03:30:35+00:00
2025-10,大数据管理与应用,政务信息化,政府网络与通信运维岗,11,0,0.0,32,2,0.0625,2024-10,2023-10,24,0,0,4,8,-0.25,-0.032738,1,2026-08-06T03:30:35+00:00
2023-10,大数据管理与应用,政务信息化,政府警务信息技术保障岗,40,1,0.025,40,1,0.025,2023-10,2023-10,0,1,1,4,4,0.025,0.025,1,2026-08-06T03:30:35+00:00
2024-10,大数据管理与应用,政务信息化,政府警务信息技术保障岗,24,0,0.0,64,1,0.015625,2023-10,2023-10,12,1,0,5,7,-0.025,-0.009375,1,2026-08-06T03:30:35+00:00
2025-10,大数据管理与应用,政务信息化,政府警务信息技术保障岗,24,1,0.041667,88,2,0.022727,2023-10,2023-10,24,1,0,4,8,0.041667,0.007102,1,2026-08-06T03:30:35+00:00
2024-10,密码技术,网络与安全,政府人工智能专利审查与技术监管岗,1,1,1.0,1,1,1.0,2024-10,2023-10,12,0,1,5,6,1.0,1.0,1,2026-08-06T03:30:35+00:00
2023-10,密码技术,网络与安全,政府信息化建设与管理岗,86,3,0.034884,86,3,0.034884,2023-10,2023-10,0,1,1,3,3,0.034884,0.034884,1,2026-08-06T03:30:35+00:00
2024-10,密码技术,网络与安全,政府信息化建设与管理岗,56,1,0.017857,142,4,0.028169,2023-10,2023-10,12,1,0,5,6,-0.017027,-0.006715,1,2026-08-06T03:30:35+00:00
2025-10,密码技术,网络与安全,政府信息化建设与管理岗,73,0,0.0,215,4,0.018605,2023-10,2023-10,24,1,0,4,7,-0.017857,-0.009564,1,2026-08-06T03:30:35+00:00
2023-10,密码技术,网络与安全,政府数字监管与科技执法岗,34,1,0.029412,34,1,0.029412,2023-10,2023-10,0,1,1,3,3,0.029412,0.029412,1,2026-08-06T03:30:35+00:00
2024-10,密码技术,网络与安全,政府数字监管与科技执法岗,36,0,0.0,70,1,0.014286,2023-10,2023-10,12,1,0,5,6,-0.029412,-0.015126,1,2026-08-06T03:30:35+00:00
2025-10,密码技术,网络与安全,政府数字监管与科技执法岗,39,0,0.0,109,1,0.009174,2023-10,2023-10,24,1,0,4,7,0.0,-0.005112,1,2026-08-06T03:30:35+00:00
2023-10,密码技术,网络与安全,政府数据治理与统计分析岗,631,1,0.001585,631,1,0.001585,2023-10,2023-10,0,1,1,3,3,0.001585,0.001585,1,2026-08-06T03:30:35+00:00
2024-10,密码技术,网络与安全,政府数据治理与统计分析岗,638,12,0.018809,1269,13,0.010244,2023-10,2023-10,12,1,0,5,6,0.017224,0.008659,1,2026-08-06T03:30:35+00:00
2025-10,密码技术,网络与安全,政府数据治理与统计分析岗,408,9,0.022059,1677,22,0.013119,2023-10,2023-10,24,1,0,4,7,0.00325,0.002875,1,2026-08-06T03:30:35+00:00
2024-10,密码技术,网络与安全,政府网络与数据安全岗,44,2,0.045455,82,2,0.02439,2024-10,2023-10,12,0,1,5,6,0.045455,0.02439,1,2026-08-06T03:30:35+00:00
2025-10,密码技术,网络与安全,政府网络与数据安全岗,26,4,0.153846,108,6,0.055556,2024-10,2023-10,24,0,0,4,7,0.108391,0.031166,1,2026-08-06T03:30:35+00:00
2025-10,密码技术,网络与安全,政府警务信息技术保障岗,24,1,0.041667,88,1,0.011364,2025-10,2023-10,24,0,1,4,7,0.041667,0.011364,1,2026-08-06T03:30:35+00:00
2024-10,密码技术,网络与安全,政府通用计算机技术岗,38,1,0.026316,75,1,0.013333,2024-10,2023-10,12,0,1,5,6,0.026316,0.013333,1,2026-08-06T03:30:35+00:00
2025-10,密码技术,网络与安全,政府通用计算机技术岗,35,1,0.028571,110,2,0.018182,2024-10,2023-10,24,0,0,4,7,0.002255,0.004849,1,2026-08-06T03:30:35+00:00
2024-10,情报技术,政法信息技术,政府数据治理与统计分析岗,638,1,0.001567,1269,1,0.000788,2024-10,2023-10,12,0,1,1,2,0.001567,0.000788,1,2026-08-06T03:30:35+00:00
2025-10,情报技术,政法信息技术,政府数据治理与统计分析岗,408,1,0.002451,1677,2,0.001193,2024-10,2023-10,24,0,0,2,2,0.000884,0.000405,1,2026-08-06T03:30:35+00:00
2023-10,情报技术,政法信息技术,政府电子数据取证与情报技术岗,4,1,0.25,4,1,0.25,2023-10,2023-10,0,1,1,1,1,0.25,0.25,1,2026-08-06T03:30:35+00:00
2024-10,情报技术,政法信息技术,政府电子数据取证与情报技术岗,1,0,0.0,5,1,0.2,2023-10,2023-10,12,1,0,1,2,-0.25,-0.05,1,2026-08-06T03:30:35+00:00
2025-10,情报技术,政法信息技术,政府电子数据取证与情报技术岗,5,2,0.4,10,3,0.3,2023-10,2023-10,24,1,0,2,2,0.4,0.1,1,2026-08-06T03:30:35+00:00
2024-10,数据分析,数据与统计,政府信息系统开发岗,13,1,0.076923,18,1,0.055556,2024-10,2023-10,12,0,1,8,9,0.076923,0.055556,1,2026-08-06T03:30:35+00:00
2025-10,数据分析,数据与统计,政府信息系统开发岗,4,0,0.0,22,1,0.045455,2024-10,2023-10,24,0,0,6,10,-0.076923,-0.010101,1,2026-08-06T03:30:35+00:00
2025-10,数据分析,数据与统计,政府信息系统运维岗,230,2,0.008696,585,2,0.003419,2025-10,2023-10,24,0,1,6,10,0.008696,0.003419,1,2026-08-06T03:30:35+00:00
2023-10,数据分析,数据与统计,政府数字监管与科技执法岗,34,1,0.029412,34,1,0.029412,2023-10,2023-10,0,1,1,5,5,0.029412,0.029412,1,2026-08-06T03:30:35+00:00
2024-10,数据分析,数据与统计,政府数字监管与科技执法岗,36,1,0.027778,70,2,0.028571,2023-10,2023-10,12,1,0,8,9,-0.001634,-0.000841,1,2026-08-06T03:30:35+00:00
2025-10,数据分析,数据与统计,政府数字监管与科技执法岗,39,0,0.0,109,2,0.018349,2023-10,2023-10,24,1,0,6,10,-0.027778,-0.010222,1,2026-08-06T03:30:35+00:00
2023-10,数据分析,数据与统计,政府数据治理与统计分析岗,631,151,0.239303,631,151,0.239303,2023-10,2023-10,0,1,1,5,5,0.239303,0.239303,1,2026-08-06T03:30:35+00:00
2024-10,数据分析,数据与统计,政府数据治理与统计分析岗,638,113,0.177116,1269,264,0.208038,2023-10,2023-10,12,1,0,8,9,-0.062187,-0.031265,1,2026-08-06T03:30:35+00:00
2025-10,数据分析,数据与统计,政府数据治理与统计分析岗,408,54,0.132353,1677,318,0.189624,2023-10,2023-10,24,1,0,6,10,-0.044763,-0.018414,1,2026-08-06T03:30:35+00:00
2024-10,数据分析,数据与统计,政府智能化与自动化技术岗,6,1,0.166667,10,1,0.1,2024-10,2023-10,12,0,1,8,9,0.166667,0.1,1,2026-08-06T03:30:35+00:00
2025-10,数据分析,数据与统计,政府智能化与自动化技术岗,6,0,0.0,16,1,0.0625,2024-10,2023-10,24,0,0,6,10,-0.166667,-0.0375,1,2026-08-06T03:30:35+00:00
2023-10,数据分析,数据与统计,政府电子数据取证与情报技术岗,4,1,0.25,4,1,0.25,2023-10,2023-10,0,1,1,5,5,0.25,0.25,1,2026-08-06T03:30:35+00:00
2024-10,数据分析,数据与统计,政府电子数据取证与情报技术岗,1,1,1.0,5,2,0.4,2023-10,2023-10,12,1,0,8,9,0.75,0.15,1,2026-08-06T03:30:35+00:00
2025-10,数据分析,数据与统计,政府电子数据取证与情报技术岗,5,4,0.8,10,6,0.6,2023-10,2023-10,24,1,0,6,10,-0.2,0.2,1,2026-08-06T03:30:35+00:00
2024-10,数据分析,数据与统计,政府网络与数据安全岗,44,4,0.090909,82,4,0.04878,2024-10,2023-10,12,0,1,8,9,0.090909,0.04878,1,2026-08-06T03:30:35+00:00
2025-10,数据分析,数据与统计,政府网络与数据安全岗,26,1,0.038462,108,5,0.046296,2024-10,2023-10,24,0,0,6,10,-0.052447,-0.002484,1,2026-08-06T03:30:35+00:00
2023-10,数据分析,数据与统计,政府网络与通信运维岗,13,3,0.230769,13,3,0.230769,2023-10,2023-10,0,1,1,5,5,0.230769,0.230769,1,2026-08-06T03:30:35+00:00
2024-10,数据分析,数据与统计,政府网络与通信运维岗,8,0,0.0,21,3,0.142857,2023-10,2023-10,12,1,0,8,9,-0.230769,-0.087912,1,2026-08-06T03:30:35+00:00
2025-10,数据分析,数据与统计,政府网络与通信运维岗,11,0,0.0,32,3,0.09375,2023-10,2023-10,24,1,0,6,10,0.0,-0.049107,1,2026-08-06T03:30:35+00:00
2023-10,数据分析,数据与统计,政府警务信息技术保障岗,40,6,0.15,40,6,0.15,2023-10,2023-10,0,1,1,5,5,0.15,0.15,1,2026-08-06T03:30:35+00:00
2024-10,数据分析,数据与统计,政府警务信息技术保障岗,24,3,0.125,64,9,0.140625,2023-10,2023-10,12,1,0,8,9,-0.025,-0.009375,1,2026-08-06T03:30:35+00:00
2025-10,数据分析,数据与统计,政府警务信息技术保障岗,24,11,0.458333,88,20,0.227273,2023-10,2023-10,24,1,0,6,10,0.333333,0.086648,1,2026-08-06T03:30:35+00:00
2024-10,数据分析,数据与统计,政府通用计算机技术岗,38,1,0.026316,75,1,0.013333,2024-10,2023-10,12,0,1,8,9,0.026316,0.013333,1,2026-08-06T03:30:35+00:00
2025-10,数据分析,数据与统计,政府通用计算机技术岗,35,2,0.057143,110,3,0.027273,2024-10,2023-10,24,0,0,6,10,0.030827,0.01394,1,2026-08-06T03:30:35+00:00
2023-10,数据处理,数据与统计,政府数据治理与统计分析岗,631,416,0.659271,631,416,0.659271,2023-10,2023-10,0,1,1,2,2,0.659271,0.659271,1,2026-08-06T03:30:35+00:00
2024-10,数据处理,数据与统计,政府数据治理与统计分析岗,638,439,0.688088,1269,855,0.673759,2023-10,2023-10,12,1,0,2,2,0.028817,0.014488,1,2026-08-06T03:30:35+00:00
2025-10,数据处理,数据与统计,政府数据治理与统计分析岗,408,252,0.617647,1677,1107,0.660107,2023-10,2023-10,24,1,0,1,2,-0.070441,-0.013652,1,2026-08-06T03:30:35+00:00
2023-10,数据处理,数据与统计,政府通用计算机技术岗,37,1,0.027027,37,1,0.027027,2023-10,2023-10,0,1,1,2,2,0.027027,0.027027,1,2026-08-06T03:30:35+00:00
2024-10,数据处理,数据与统计,政府通用计算机技术岗,38,2,0.052632,75,3,0.04,2023-10,2023-10,12,1,0,2,2,0.025605,0.012973,1,2026-08-06T03:30:35+00:00
2025-10,数据处理,数据与统计,政府通用计算机技术岗,35,0,0.0,110,3,0.027273,2023-10,2023-10,24,1,0,1,2,-0.052632,-0.012727,1,2026-08-06T03:30:35+00:00
2025-10,数据安全,网络与安全,政府数据治理与统计分析岗,408,1,0.002451,1677,1,0.000596,2025-10,2023-10,24,0,1,3,5,0.002451,0.000596,1,2026-08-06T03:30:35+00:00
2023-10,数据安全,网络与安全,政府网络与数据安全岗,38,21,0.552632,38,21,0.552632,2023-10,2023-10,0,1,1,2,2,0.552632,0.552632,1,2026-08-06T03:30:35+00:00
2024-10,数据安全,网络与安全,政府网络与数据安全岗,44,24,0.545455,82,45,0.54878,2023-10,2023-10,12,1,0,2,3,-0.007177,-0.003852,1,2026-08-06T03:30:35+00:00
2025-10,数据安全,网络与安全,政府网络与数据安全岗,26,15,0.576923,108,60,0.555556,2023-10,2023-10,24,1,0,3,5,0.031468,0.006776,1,2026-08-06T03:30:35+00:00
2023-10,数据安全,网络与安全,政府网络与通信运维岗,13,1,0.076923,13,1,0.076923,2023-10,2023-10,0,1,1,2,2,0.076923,0.076923,1,2026-08-06T03:30:35+00:00
2024-10,数据安全,网络与安全,政府网络与通信运维岗,8,0,0.0,21,1,0.047619,2023-10,2023-10,12,1,0,2,3,-0.076923,-0.029304,1,2026-08-06T03:30:35+00:00
2025-10,数据安全,网络与安全,政府网络与通信运维岗,11,0,0.0,32,1,0.03125,2023-10,2023-10,24,1,0,3,5,0.0,-0.016369,1,2026-08-06T03:30:35+00:00
2025-10,数据安全,网络与安全,政府警务信息技术保障岗,24,2,0.083333,88,2,0.022727,2025-10,2023-10,24,0,1,3,5,0.083333,0.022727,1,2026-08-06T03:30:35+00:00
2024-10,数据安全,网络与安全,政府通用计算机技术岗,38,1,0.026316,75,1,0.013333,2024-10,2023-10,12,0,1,2,3,0.026316,0.013333,1,2026-08-06T03:30:35+00:00
2025-10,数据安全,网络与安全,政府通用计算机技术岗,35,0,0.0,110,1,0.009091,2024-10,2023-10,24,0,0,3,5,-0.026316,-0.004242,1,2026-08-06T03:30:35+00:00
2023-10,数据治理,数据与统计,政府数据治理与统计分析岗,631,2,0.00317,631,2,0.00317,2023-10,2023-10,0,1,1,1,1,0.00317,0.00317,1,2026-08-06T03:30:35+00:00
2024-10,数据治理,数据与统计,政府数据治理与统计分析岗,638,2,0.003135,1269,4,0.003152,2023-10,2023-10,12,1,0,1,1,-3.5e-05,-1.8e-05,1,2026-08-06T03:30:35+00:00
2025-10,数据治理,数据与统计,政府数据治理与统计分析岗,408,0,0.0,1677,4,0.002385,2023-10,2023-10,24,1,0,0,0,-0.003135,-0.000767,1,2026-08-06T03:30:35+00:00
2024-10,数据科学与大数据技术,数据与统计,政府人工智能专利审查与技术监管岗,1,1,1.0,1,1,1.0,2024-10,2023-10,12,0,1,12,12,1.0,1.0,1,2026-08-06T03:30:35+00:00
2025-10,数据科学与大数据技术,数据与统计,政府信息化审计岗,1,1,1.0,2,1,0.5,2025-10,2023-10,24,0,1,12,14,1.0,0.5,1,2026-08-06T03:30:35+00:00
2023-10,数据科学与大数据技术,数据与统计,政府信息化建设与管理岗,86,13,0.151163,86,13,0.151163,2023-10,2023-10,0,1,1,9,9,0.151163,0.151163,1,2026-08-06T03:30:35+00:00
2024-10,数据科学与大数据技术,数据与统计,政府信息化建设与管理岗,56,4,0.071429,142,17,0.119718,2023-10,2023-10,12,1,0,12,12,-0.079734,-0.031445,1,2026-08-06T03:30:35+00:00
2025-10,数据科学与大数据技术,数据与统计,政府信息化建设与管理岗,73,10,0.136986,215,27,0.125581,2023-10,2023-10,24,1,0,12,14,0.065557,0.005863,1,2026-08-06T03:30:35+00:00
2025-10,数据科学与大数据技术,数据与统计,政府信息系统开发岗,4,1,0.25,22,1,0.045455,2025-10,2023-10,24,0,1,12,14,0.25,0.045455,1,2026-08-06T03:30:35+00:00
2023-10,数据科学与大数据技术,数据与统计,政府信息系统运维岗,109,2,0.018349,109,2,0.018349,2023-10,2023-10,0,1,1,9,9,0.018349,0.018349,1,2026-08-06T03:30:35+00:00
2024-10,数据科学与大数据技术,数据与统计,政府信息系统运维岗,246,41,0.166667,355,43,0.121127,2023-10,2023-10,12,1,0,12,12,0.148318,0.102778,1,2026-08-06T03:30:35+00:00
2025-10,数据科学与大数据技术,数据与统计,政府信息系统运维岗,230,87,0.378261,585,130,0.222222,2023-10,2023-10,24,1,0,12,14,0.211594,0.101095,1,2026-08-06T03:30:35+00:00
2023-10,数据科学与大数据技术,数据与统计,政府数字监管与科技执法岗,34,12,0.352941,34,12,0.352941,2023-10,2023-10,0,1,1,9,9,0.352941,0.352941,1,2026-08-06T03:30:35+00:00
2024-10,数据科学与大数据技术,数据与统计,政府数字监管与科技执法岗,36,17,0.472222,70,29,0.414286,2023-10,2023-10,12,1,0,12,12,0.119281,0.061345,1,2026-08-06T03:30:35+00:00
2025-10,数据科学与大数据技术,数据与统计,政府数字监管与科技执法岗,39,26,0.666667,109,55,0.504587,2023-10,2023-10,24,1,0,12,14,0.194445,0.090301,1,2026-08-06T03:30:35+00:00
2023-10,数据科学与大数据技术,数据与统计,政府数据治理与统计分析岗,631,73,0.115689,631,73,0.115689,2023-10,2023-10,0,1,1,9,9,0.115689,0.115689,1,2026-08-06T03:30:35+00:00
2024-10,数据科学与大数据技术,数据与统计,政府数据治理与统计分析岗,638,168,0.263323,1269,241,0.189913,2023-10,2023-10,12,1,0,12,12,0.147634,0.074224,1,2026-08-06T03:30:35+00:00
2025-10,数据科学与大数据技术,数据与统计,政府数据治理与统计分析岗,408,107,0.262255,1677,348,0.207513,2023-10,2023-10,24,1,0,12,14,-0.001068,0.0176,1,2026-08-06T03:30:35+00:00
2024-10,数据科学与大数据技术,数据与统计,政府智能化与自动化技术岗,6,3,0.5,10,3,0.3,2024-10,2023-10,12,0,1,12,12,0.5,0.3,1,2026-08-06T03:30:35+00:00
2025-10,数据科学与大数据技术,数据与统计,政府智能化与自动化技术岗,6,2,0.333333,16,5,0.3125,2024-10,2023-10,24,0,0,12,14,-0.166667,0.0125,1,2026-08-06T03:30:35+00:00
2023-10,数据科学与大数据技术,数据与统计,政府电子数据取证与情报技术岗,4,1,0.25,4,1,0.25,2023-10,2023-10,0,1,1,9,9,0.25,0.25,1,2026-08-06T03:30:35+00:00
2024-10,数据科学与大数据技术,数据与统计,政府电子数据取证与情报技术岗,1,1,1.0,5,2,0.4,2023-10,2023-10,12,1,0,12,12,0.75,0.15,1,2026-08-06T03:30:35+00:00
2025-10,数据科学与大数据技术,数据与统计,政府电子数据取证与情报技术岗,5,3,0.6,10,5,0.5,2023-10,2023-10,24,1,0,12,14,-0.4,0.1,1,2026-08-06T03:30:35+00:00
2023-10,数据科学与大数据技术,数据与统计,政府网络与数据安全岗,38,2,0.052632,38,2,0.052632,2023-10,2023-10,0,1,1,9,9,0.052632,0.052632,1,2026-08-06T03:30:35+00:00
2024-10,数据科学与大数据技术,数据与统计,政府网络与数据安全岗,44,3,0.068182,82,5,0.060976,2023-10,2023-10,12,1,0,12,12,0.01555,0.008344,1,2026-08-06T03:30:35+00:00
2025-10,数据科学与大数据技术,数据与统计,政府网络与数据安全岗,26,2,0.076923,108,7,0.064815,2023-10,2023-10,24,1,0,12,14,0.008741,0.003839,1,2026-08-06T03:30:35+00:00
2023-10,数据科学与大数据技术,数据与统计,政府网络与通信运维岗,13,1,0.076923,13,1,0.076923,2023-10,2023-10,0,1,1,9,9,0.076923,0.076923,1,2026-08-06T03:30:35+00:00
2024-10,数据科学与大数据技术,数据与统计,政府网络与通信运维岗,8,1,0.125,21,2,0.095238,2023-10,2023-10,12,1,0,12,12,0.048077,0.018315,1,2026-08-06T03:30:35+00:00
2025-10,数据科学与大数据技术,数据与统计,政府网络与通信运维岗,11,2,0.181818,32,4,0.125,2023-10,2023-10,24,1,0,12,14,0.056818,0.029762,1,2026-08-06T03:30:35+00:00
2023-10,数据科学与大数据技术,数据与统计,政府警务信息技术保障岗,40,5,0.125,40,5,0.125,2023-10,2023-10,0,1,1,9,9,0.125,0.125,1,2026-08-06T03:30:35+00:00
2024-10,数据科学与大数据技术,数据与统计,政府警务信息技术保障岗,24,4,0.166667,64,9,0.140625,2023-10,2023-10,12,1,0,12,12,0.041667,0.015625,1,2026-08-06T03:30:35+00:00
2025-10,数据科学与大数据技术,数据与统计,政府警务信息技术保障岗,24,5,0.208333,88,14,0.159091,2023-10,2023-10,24,1,0,12,14,0.041666,0.018466,1,2026-08-06T03:30:35+00:00
2024-10,数据科学与大数据技术,数据与统计,政府通信电子技术岗,11,3,0.272727,18,3,0.166667,2024-10,2023-10,12,0,1,12,12,0.272727,0.166667,1,2026-08-06T03:30:35+00:00
2025-10,数据科学与大数据技术,数据与统计,政府通信电子技术岗,2,0,0.0,20,3,0.15,2024-10,2023-10,24,0,0,12,14,-0.272727,-0.016667,1,2026-08-06T03:30:35+00:00
2023-10,数据科学与大数据技术,数据与统计,政府通用计算机技术岗,37,12,0.324324,37,12,0.324324,2023-10,2023-10,0,1,1,9,9,0.324324,0.324324,1,2026-08-06T03:30:35+00:00
2024-10,数据科学与大数据技术,数据与统计,政府通用计算机技术岗,38,13,0.342105,75,25,0.333333,2023-10,2023-10,12,1,0,12,12,0.017781,0.009009,1,2026-08-06T03:30:35+00:00
2025-10,数据科学与大数据技术,数据与统计,政府通用计算机技术岗,35,9,0.257143,110,34,0.309091,2023-10,2023-10,24,1,0,12,14,-0.084962,-0.024242,1,2026-08-06T03:30:35+00:00
2023-10,数据管理,数据与统计,政府信息化建设与管理岗,86,3,0.034884,86,3,0.034884,2023-10,2023-10,0,1,1,4,4,0.034884,0.034884,1,2026-08-06T03:30:35+00:00
2024-10,数据管理,数据与统计,政府信息化建设与管理岗,56,0,0.0,142,3,0.021127,2023-10,2023-10,12,1,0,6,8,-0.034884,-0.013757,1,2026-08-06T03:30:35+00:00
2025-10,数据管理,数据与统计,政府信息化建设与管理岗,73,0,0.0,215,3,0.013953,2023-10,2023-10,24,1,0,5,9,0.0,-0.007174,1,2026-08-06T03:30:35+00:00
2024-10,数据管理,数据与统计,政府信息系统开发岗,13,1,0.076923,18,1,0.055556,2024-10,2023-10,12,0,1,6,8,0.076923,0.055556,1,2026-08-06T03:30:35+00:00
2025-10,数据管理,数据与统计,政府信息系统开发岗,4,0,0.0,22,1,0.045455,2024-10,2023-10,24,0,0,5,9,-0.076923,-0.010101,1,2026-08-06T03:30:35+00:00
2025-10,数据管理,数据与统计,政府信息系统运维岗,230,27,0.117391,585,27,0.046154,2025-10,2023-10,24,0,1,5,9,0.117391,0.046154,1,2026-08-06T03:30:35+00:00
2023-10,数据管理,数据与统计,政府数字监管与科技执法岗,34,5,0.147059,34,5,0.147059,2023-10,2023-10,0,1,1,4,4,0.147059,0.147059,1,2026-08-06T03:30:35+00:00
2024-10,数据管理,数据与统计,政府数字监管与科技执法岗,36,1,0.027778,70,6,0.085714,2023-10,2023-10,12,1,0,6,8,-0.119281,-0.061345,1,2026-08-06T03:30:35+00:00
2025-10,数据管理,数据与统计,政府数字监管与科技执法岗,39,1,0.025641,109,7,0.06422,2023-10,2023-10,24,1,0,5,9,-0.002137,-0.021494,1,2026-08-06T03:30:35+00:00
2023-10,数据管理,数据与统计,政府数据治理与统计分析岗,631,44,0.069731,631,44,0.069731,2023-10,2023-10,0,1,1,4,4,0.069731,0.069731,1,2026-08-06T03:30:35+00:00
2024-10,数据管理,数据与统计,政府数据治理与统计分析岗,638,50,0.07837,1269,94,0.074074,2023-10,2023-10,12,1,0,6,8,0.008639,0.004343,1,2026-08-06T03:30:35+00:00
2025-10,数据管理,数据与统计,政府数据治理与统计分析岗,408,31,0.07598,1677,125,0.074538,2023-10,2023-10,24,1,0,5,9,-0.00239,0.000464,1,2026-08-06T03:30:35+00:00
2024-10,数据管理,数据与统计,政府智能化与自动化技术岗,6,1,0.166667,10,1,0.1,2024-10,2023-10,12,0,1,6,8,0.166667,0.1,1,2026-08-06T03:30:35+00:00
2025-10,数据管理,数据与统计,政府智能化与自动化技术岗,6,0,0.0,16,1,0.0625,2024-10,2023-10,24,0,0,5,9,-0.166667,-0.0375,1,2026-08-06T03:30:35+00:00
2024-10,数据管理,数据与统计,政府网络与通信运维岗,8,2,0.25,21,2,0.095238,2024-10,2023-10,12,0,1,6,8,0.25,0.095238,1,2026-08-06T03:30:35+00:00
2025-10,数据管理,数据与统计,政府网络与通信运维岗,11,0,0.0,32,2,0.0625,2024-10,2023-10,24,0,0,5,9,-0.25,-0.032738,1,2026-08-06T03:30:35+00:00
2023-10,数据管理,数据与统计,政府警务信息技术保障岗,40,1,0.025,40,1,0.025,2023-10,2023-10,0,1,1,4,4,0.025,0.025,1,2026-08-06T03:30:35+00:00
2024-10,数据管理,数据与统计,政府警务信息技术保障岗,24,0,0.0,64,1,0.015625,2023-10,2023-10,12,1,0,6,8,-0.025,-0.009375,1,2026-08-06T03:30:35+00:00
2025-10,数据管理,数据与统计,政府警务信息技术保障岗,24,1,0.041667,88,2,0.022727,2023-10,2023-10,24,1,0,5,9,0.041667,0.007102,1,2026-08-06T03:30:35+00:00
2024-10,数据管理,数据与统计,政府通用计算机技术岗,38,1,0.026316,75,1,0.013333,2024-10,2023-10,12,0,1,6,8,0.026316,0.013333,1,2026-08-06T03:30:35+00:00
2025-10,数据管理,数据与统计,政府通用计算机技术岗,35,1,0.028571,110,2,0.018182,2024-10,2023-10,24,0,0,5,9,0.002255,0.004849,1,2026-08-06T03:30:35+00:00
2023-10,数据计算及应用,数据与统计,政府信息化建设与管理岗,86,2,0.023256,86,2,0.023256,2023-10,2023-10,0,1,1,4,4,0.023256,0.023256,1,2026-08-06T03:30:35+00:00
2024-10,数据计算及应用,数据与统计,政府信息化建设与管理岗,56,0,0.0,142,2,0.014085,2023-10,2023-10,12,1,0,3,4,-0.023256,-0.009171,1,2026-08-06T03:30:35+00:00
2025-10,数据计算及应用,数据与统计,政府信息化建设与管理岗,73,0,0.0,215,2,0.009302,2023-10,2023-10,24,1,0,4,5,0.0,-0.004783,1,2026-08-06T03:30:35+00:00
2023-10,数据计算及应用,数据与统计,政府数字监管与科技执法岗,34,3,0.088235,34,3,0.088235,2023-10,2023-10,0,1,1,4,4,0.088235,0.088235,1,2026-08-06T03:30:35+00:00
2024-10,数据计算及应用,数据与统计,政府数字监管与科技执法岗,36,1,0.027778,70,4,0.057143,2023-10,2023-10,12,1,0,3,4,-0.060457,-0.031092,1,2026-08-06T03:30:35+00:00
2025-10,数据计算及应用,数据与统计,政府数字监管与科技执法岗,39,3,0.076923,109,7,0.06422,2023-10,2023-10,24,1,0,4,5,0.049145,0.007077,1,2026-08-06T03:30:35+00:00
2023-10,数据计算及应用,数据与统计,政府数据治理与统计分析岗,631,74,0.117274,631,74,0.117274,2023-10,2023-10,0,1,1,4,4,0.117274,0.117274,1,2026-08-06T03:30:35+00:00
2024-10,数据计算及应用,数据与统计,政府数据治理与统计分析岗,638,71,0.111285,1269,145,0.114263,2023-10,2023-10,12,1,0,3,4,-0.005989,-0.003011,1,2026-08-06T03:30:35+00:00
2025-10,数据计算及应用,数据与统计,政府数据治理与统计分析岗,408,32,0.078431,1677,177,0.105546,2023-10,2023-10,24,1,0,4,5,-0.032854,-0.008717,1,2026-08-06T03:30:35+00:00
2025-10,数据计算及应用,数据与统计,政府电子数据取证与情报技术岗,5,2,0.4,10,2,0.2,2025-10,2023-10,24,0,1,4,5,0.4,0.2,1,2026-08-06T03:30:35+00:00
2023-10,数据计算及应用,数据与统计,政府通用计算机技术岗,37,3,0.081081,37,3,0.081081,2023-10,2023-10,0,1,1,4,4,0.081081,0.081081,1,2026-08-06T03:30:35+00:00
2024-10,数据计算及应用,数据与统计,政府通用计算机技术岗,38,2,0.052632,75,5,0.066667,2023-10,2023-10,12,1,0,3,4,-0.028449,-0.014414,1,2026-08-06T03:30:35+00:00
2025-10,数据计算及应用,数据与统计,政府通用计算机技术岗,35,1,0.028571,110,6,0.054545,2023-10,2023-10,24,1,0,4,5,-0.024061,-0.012122,1,2026-08-06T03:30:35+00:00
2024-10,物联网工程,智能化技术,政府人工智能专利审查与技术监管岗,1,1,1.0,1,1,1.0,2024-10,2023-10,12,0,1,8,10,1.0,1.0,1,2026-08-06T03:30:35+00:00
2023-10,物联网工程,智能化技术,政府信息化建设与管理岗,86,6,0.069767,86,6,0.069767,2023-10,2023-10,0,1,1,7,7,0.069767,0.069767,1,2026-08-06T03:30:35+00:00
2024-10,物联网工程,智能化技术,政府信息化建设与管理岗,56,1,0.017857,142,7,0.049296,2023-10,2023-10,12,1,0,8,10,-0.05191,-0.020471,1,2026-08-06T03:30:35+00:00
2025-10,物联网工程,智能化技术,政府信息化建设与管理岗,73,0,0.0,215,7,0.032558,2023-10,2023-10,24,1,0,4,10,-0.017857,-0.016738,1,2026-08-06T03:30:35+00:00
2023-10,物联网工程,智能化技术,政府信息系统运维岗,109,17,0.155963,109,17,0.155963,2023-10,2023-10,0,1,1,7,7,0.155963,0.155963,1,2026-08-06T03:30:35+00:00
2024-10,物联网工程,智能化技术,政府信息系统运维岗,246,34,0.138211,355,51,0.143662,2023-10,2023-10,12,1,0,8,10,-0.017752,-0.012301,1,2026-08-06T03:30:35+00:00
2025-10,物联网工程,智能化技术,政府信息系统运维岗,230,41,0.178261,585,92,0.157265,2023-10,2023-10,24,1,0,4,10,0.04005,0.013603,1,2026-08-06T03:30:35+00:00
2023-10,物联网工程,智能化技术,政府数字监管与科技执法岗,34,6,0.176471,34,6,0.176471,2023-10,2023-10,0,1,1,7,7,0.176471,0.176471,1,2026-08-06T03:30:35+00:00
2024-10,物联网工程,智能化技术,政府数字监管与科技执法岗,36,7,0.194444,70,13,0.185714,2023-10,2023-10,12,1,0,8,10,0.017973,0.009243,1,2026-08-06T03:30:35+00:00
2025-10,物联网工程,智能化技术,政府数字监管与科技执法岗,39,10,0.25641,109,23,0.211009,2023-10,2023-10,24,1,0,4,10,0.061966,0.025295,1,2026-08-06T03:30:35+00:00
2023-10,物联网工程,智能化技术,政府数据治理与统计分析岗,631,41,0.064976,631,41,0.064976,2023-10,2023-10,0,1,1,7,7,0.064976,0.064976,1,2026-08-06T03:30:35+00:00
2024-10,物联网工程,智能化技术,政府数据治理与统计分析岗,638,13,0.020376,1269,54,0.042553,2023-10,2023-10,12,1,0,8,10,-0.0446,-0.022423,1,2026-08-06T03:30:35+00:00
2025-10,物联网工程,智能化技术,政府数据治理与统计分析岗,408,17,0.041667,1677,71,0.042338,2023-10,2023-10,24,1,0,4,10,0.021291,-0.000215,1,2026-08-06T03:30:35+00:00
2024-10,物联网工程,智能化技术,政府智能化与自动化技术岗,6,1,0.166667,10,1,0.1,2024-10,2023-10,12,0,1,8,10,0.166667,0.1,1,2026-08-06T03:30:35+00:00
2025-10,物联网工程,智能化技术,政府智能化与自动化技术岗,6,1,0.166667,16,2,0.125,2024-10,2023-10,24,0,0,4,10,0.0,0.025,1,2026-08-06T03:30:35+00:00
2023-10,物联网工程,智能化技术,政府网络与数据安全岗,38,2,0.052632,38,2,0.052632,2023-10,2023-10,0,1,1,7,7,0.052632,0.052632,1,2026-08-06T03:30:35+00:00
2024-10,物联网工程,智能化技术,政府网络与数据安全岗,44,1,0.022727,82,3,0.036585,2023-10,2023-10,12,1,0,8,10,-0.029905,-0.016047,1,2026-08-06T03:30:35+00:00
2025-10,物联网工程,智能化技术,政府网络与数据安全岗,26,0,0.0,108,3,0.027778,2023-10,2023-10,24,1,0,4,10,-0.022727,-0.008807,1,2026-08-06T03:30:35+00:00
2023-10,物联网工程,智能化技术,政府警务信息技术保障岗,40,1,0.025,40,1,0.025,2023-10,2023-10,0,1,1,7,7,0.025,0.025,1,2026-08-06T03:30:35+00:00
2024-10,物联网工程,智能化技术,政府警务信息技术保障岗,24,0,0.0,64,1,0.015625,2023-10,2023-10,12,1,0,8,10,-0.025,-0.009375,1,2026-08-06T03:30:35+00:00
2025-10,物联网工程,智能化技术,政府警务信息技术保障岗,24,0,0.0,88,1,0.011364,2023-10,2023-10,24,1,0,4,10,0.0,-0.004261,1,2026-08-06T03:30:35+00:00
2024-10,物联网工程,智能化技术,政府通信电子技术岗,11,1,0.090909,18,1,0.055556,2024-10,2023-10,12,0,1,8,10,0.090909,0.055556,1,2026-08-06T03:30:35+00:00
2025-10,物联网工程,智能化技术,政府通信电子技术岗,2,0,0.0,20,1,0.05,2024-10,2023-10,24,0,0,4,10,-0.090909,-0.005556,1,2026-08-06T03:30:35+00:00
2023-10,物联网工程,智能化技术,政府通用计算机技术岗,37,2,0.054054,37,2,0.054054,2023-10,2023-10,0,1,1,7,7,0.054054,0.054054,1,2026-08-06T03:30:35+00:00
2024-10,物联网工程,智能化技术,政府通用计算机技术岗,38,0,0.0,75,2,0.026667,2023-10,2023-10,12,1,0,8,10,-0.054054,-0.027387,1,2026-08-06T03:30:35+00:00
2025-10,物联网工程,智能化技术,政府通用计算机技术岗,35,0,0.0,110,2,0.018182,2023-10,2023-10,24,1,0,4,10,0.0,-0.008485,1,2026-08-06T03:30:35+00:00
2025-10,电子信息,通信与电子技术,政府信息化审计岗,1,1,1.0,2,1,0.5,2025-10,2023-10,24,0,1,13,13,1.0,0.5,1,2026-08-06T03:30:35+00:00
2023-10,电子信息,通信与电子技术,政府信息化建设与管理岗,86,49,0.569767,86,49,0.569767,2023-10,2023-10,0,1,1,11,11,0.569767,0.569767,1,2026-08-06T03:30:35+00:00
2024-10,电子信息,通信与电子技术,政府信息化建设与管理岗,56,46,0.821429,142,95,0.669014,2023-10,2023-10,12,1,0,12,12,0.251662,0.099247,1,2026-08-06T03:30:35+00:00
2025-10,电子信息,通信与电子技术,政府信息化建设与管理岗,73,62,0.849315,215,157,0.730233,2023-10,2023-10,24,1,0,13,13,0.027886,0.061219,1,2026-08-06T03:30:35+00:00
2023-10,电子信息,通信与电子技术,政府信息系统开发岗,5,5,1.0,5,5,1.0,2023-10,2023-10,0,1,1,11,11,1.0,1.0,1,2026-08-06T03:30:35+00:00
2024-10,电子信息,通信与电子技术,政府信息系统开发岗,13,10,0.769231,18,15,0.833333,2023-10,2023-10,12,1,0,12,12,-0.230769,-0.166667,1,2026-08-06T03:30:35+00:00
2025-10,电子信息,通信与电子技术,政府信息系统开发岗,4,3,0.75,22,18,0.818182,2023-10,2023-10,24,1,0,13,13,-0.019231,-0.015151,1,2026-08-06T03:30:35+00:00
2023-10,电子信息,通信与电子技术,政府信息系统运维岗,109,12,0.110092,109,12,0.110092,2023-10,2023-10,0,1,1,11,11,0.110092,0.110092,1,2026-08-06T03:30:35+00:00
2024-10,电子信息,通信与电子技术,政府信息系统运维岗,246,57,0.231707,355,69,0.194366,2023-10,2023-10,12,1,0,12,12,0.121615,0.084274,1,2026-08-06T03:30:35+00:00
2025-10,电子信息,通信与电子技术,政府信息系统运维岗,230,82,0.356522,585,151,0.25812,2023-10,2023-10,24,1,0,13,13,0.124815,0.063754,1,2026-08-06T03:30:35+00:00
2023-10,电子信息,通信与电子技术,政府数字监管与科技执法岗,34,11,0.323529,34,11,0.323529,2023-10,2023-10,0,1,1,11,11,0.323529,0.323529,1,2026-08-06T03:30:35+00:00
2024-10,电子信息,通信与电子技术,政府数字监管与科技执法岗,36,33,0.916667,70,44,0.628571,2023-10,2023-10,12,1,0,12,12,0.593138,0.305042,1,2026-08-06T03:30:35+00:00
2025-10,电子信息,通信与电子技术,政府数字监管与科技执法岗,39,35,0.897436,109,79,0.724771,2023-10,2023-10,24,1,0,13,13,-0.019231,0.0962,1,2026-08-06T03:30:35+00:00
2023-10,电子信息,通信与电子技术,政府数据治理与统计分析岗,631,89,0.141046,631,89,0.141046,2023-10,2023-10,0,1,1,11,11,0.141046,0.141046,1,2026-08-06T03:30:35+00:00
2024-10,电子信息,通信与电子技术,政府数据治理与统计分析岗,638,123,0.19279,1269,212,0.167061,2023-10,2023-10,12,1,0,12,12,0.051744,0.026015,1,2026-08-06T03:30:35+00:00
2025-10,电子信息,通信与电子技术,政府数据治理与统计分析岗,408,68,0.166667,1677,280,0.166965,2023-10,2023-10,24,1,0,13,13,-0.026123,-9.6e-05,1,2026-08-06T03:30:35+00:00
2024-10,电子信息,通信与电子技术,政府智能化与自动化技术岗,6,3,0.5,10,3,0.3,2024-10,2023-10,12,0,1,12,12,0.5,0.3,1,2026-08-06T03:30:35+00:00
2025-10,电子信息,通信与电子技术,政府智能化与自动化技术岗,6,2,0.333333,16,5,0.3125,2024-10,2023-10,24,0,0,13,13,-0.166667,0.0125,1,2026-08-06T03:30:35+00:00
2023-10,电子信息,通信与电子技术,政府电子数据取证与情报技术岗,4,2,0.5,4,2,0.5,2023-10,2023-10,0,1,1,11,11,0.5,0.5,1,2026-08-06T03:30:35+00:00
2024-10,电子信息,通信与电子技术,政府电子数据取证与情报技术岗,1,1,1.0,5,3,0.6,2023-10,2023-10,12,1,0,12,12,0.5,0.1,1,2026-08-06T03:30:35+00:00
2025-10,电子信息,通信与电子技术,政府电子数据取证与情报技术岗,5,3,0.6,10,6,0.6,2023-10,2023-10,24,1,0,13,13,-0.4,0.0,1,2026-08-06T03:30:35+00:00
2023-10,电子信息,通信与电子技术,政府网络与数据安全岗,38,5,0.131579,38,5,0.131579,2023-10,2023-10,0,1,1,11,11,0.131579,0.131579,1,2026-08-06T03:30:35+00:00
2024-10,电子信息,通信与电子技术,政府网络与数据安全岗,44,14,0.318182,82,19,0.231707,2023-10,2023-10,12,1,0,12,12,0.186603,0.100128,1,2026-08-06T03:30:35+00:00
2025-10,电子信息,通信与电子技术,政府网络与数据安全岗,26,9,0.346154,108,28,0.259259,2023-10,2023-10,24,1,0,13,13,0.027972,0.027552,1,2026-08-06T03:30:35+00:00
2023-10,电子信息,通信与电子技术,政府网络与通信运维岗,13,6,0.461538,13,6,0.461538,2023-10,2023-10,0,1,1,11,11,0.461538,0.461538,1,2026-08-06T03:30:35+00:00
2024-10,电子信息,通信与电子技术,政府网络与通信运维岗,8,3,0.375,21,9,0.428571,2023-10,2023-10,12,1,0,12,12,-0.086538,-0.032967,1,2026-08-06T03:30:35+00:00
2025-10,电子信息,通信与电子技术,政府网络与通信运维岗,11,8,0.727273,32,17,0.53125,2023-10,2023-10,24,1,0,13,13,0.352273,0.102679,1,2026-08-06T03:30:35+00:00
2023-10,电子信息,通信与电子技术,政府警务信息技术保障岗,40,10,0.25,40,10,0.25,2023-10,2023-10,0,1,1,11,11,0.25,0.25,1,2026-08-06T03:30:35+00:00
2024-10,电子信息,通信与电子技术,政府警务信息技术保障岗,24,3,0.125,64,13,0.203125,2023-10,2023-10,12,1,0,12,12,-0.125,-0.046875,1,2026-08-06T03:30:35+00:00
2025-10,电子信息,通信与电子技术,政府警务信息技术保障岗,24,17,0.708333,88,30,0.340909,2023-10,2023-10,24,1,0,13,13,0.583333,0.137784,1,2026-08-06T03:30:35+00:00
2023-10,电子信息,通信与电子技术,政府通信电子技术岗,7,5,0.714286,7,5,0.714286,2023-10,2023-10,0,1,1,11,11,0.714286,0.714286,1,2026-08-06T03:30:35+00:00
2024-10,电子信息,通信与电子技术,政府通信电子技术岗,11,7,0.636364,18,12,0.666667,2023-10,2023-10,12,1,0,12,12,-0.077922,-0.047619,1,2026-08-06T03:30:35+00:00
2025-10,电子信息,通信与电子技术,政府通信电子技术岗,2,1,0.5,20,13,0.65,2023-10,2023-10,24,1,0,13,13,-0.136364,-0.016667,1,2026-08-06T03:30:35+00:00
2023-10,电子信息,通信与电子技术,政府通用计算机技术岗,37,8,0.216216,37,8,0.216216,2023-10,2023-10,0,1,1,11,11,0.216216,0.216216,1,2026-08-06T03:30:35+00:00
2024-10,电子信息,通信与电子技术,政府通用计算机技术岗,38,4,0.105263,75,12,0.16,2023-10,2023-10,12,1,0,12,12,-0.110953,-0.056216,1,2026-08-06T03:30:35+00:00
2025-10,电子信息,通信与电子技术,政府通用计算机技术岗,35,10,0.285714,110,22,0.2,2023-10,2023-10,24,1,0,13,13,0.180451,0.04,1,2026-08-06T03:30:35+00:00
2023-10,电子信息工程,通信与电子技术,政府信息化建设与管理岗,86,6,0.069767,86,6,0.069767,2023-10,2023-10,0,1,1,6,6,0.069767,0.069767,1,2026-08-06T03:30:35+00:00
2024-10,电子信息工程,通信与电子技术,政府信息化建设与管理岗,56,0,0.0,142,6,0.042254,2023-10,2023-10,12,1,0,9,11,-0.069767,-0.027513,1,2026-08-06T03:30:35+00:00
2025-10,电子信息工程,通信与电子技术,政府信息化建设与管理岗,73,0,0.0,215,6,0.027907,2023-10,2023-10,24,1,0,6,11,0.0,-0.014347,1,2026-08-06T03:30:35+00:00
2024-10,电子信息工程,通信与电子技术,政府信息系统开发岗,13,1,0.076923,18,1,0.055556,2024-10,2023-10,12,0,1,9,11,0.076923,0.055556,1,2026-08-06T03:30:35+00:00
2025-10,电子信息工程,通信与电子技术,政府信息系统开发岗,4,1,0.25,22,2,0.090909,2024-10,2023-10,24,0,0,6,11,0.173077,0.035353,1,2026-08-06T03:30:35+00:00
2023-10,电子信息工程,通信与电子技术,政府信息系统运维岗,109,12,0.110092,109,12,0.110092,2023-10,2023-10,0,1,1,6,6,0.110092,0.110092,1,2026-08-06T03:30:35+00:00
2024-10,电子信息工程,通信与电子技术,政府信息系统运维岗,246,4,0.01626,355,16,0.04507,2023-10,2023-10,12,1,0,9,11,-0.093832,-0.065022,1,2026-08-06T03:30:35+00:00
2025-10,电子信息工程,通信与电子技术,政府信息系统运维岗,230,5,0.021739,585,21,0.035897,2023-10,2023-10,24,1,0,6,11,0.005479,-0.009173,1,2026-08-06T03:30:35+00:00
2023-10,电子信息工程,通信与电子技术,政府数字监管与科技执法岗,34,2,0.058824,34,2,0.058824,2023-10,2023-10,0,1,1,6,6,0.058824,0.058824,1,2026-08-06T03:30:35+00:00
2024-10,电子信息工程,通信与电子技术,政府数字监管与科技执法岗,36,2,0.055556,70,4,0.057143,2023-10,2023-10,12,1,0,9,11,-0.003268,-0.001681,1,2026-08-06T03:30:35+00:00
2025-10,电子信息工程,通信与电子技术,政府数字监管与科技执法岗,39,9,0.230769,109,13,0.119266,2023-10,2023-10,24,1,0,6,11,0.175213,0.062123,1,2026-08-06T03:30:35+00:00
2024-10,电子信息工程,通信与电子技术,政府数据治理与统计分析岗,638,2,0.003135,1269,2,0.001576,2024-10,2023-10,12,0,1,9,11,0.003135,0.001576,1,2026-08-06T03:30:35+00:00
2025-10,电子信息工程,通信与电子技术,政府数据治理与统计分析岗,408,3,0.007353,1677,5,0.002982,2024-10,2023-10,24,0,0,6,11,0.004218,0.001406,1,2026-08-06T03:30:35+00:00
2024-10,电子信息工程,通信与电子技术,政府智能化与自动化技术岗,6,1,0.166667,10,1,0.1,2024-10,2023-10,12,0,1,9,11,0.166667,0.1,1,2026-08-06T03:30:35+00:00
2025-10,电子信息工程,通信与电子技术,政府智能化与自动化技术岗,6,1,0.166667,16,2,0.125,2024-10,2023-10,24,0,0,6,11,0.0,0.025,1,2026-08-06T03:30:35+00:00
2024-10,电子信息工程,通信与电子技术,政府网络与数据安全岗,44,1,0.022727,82,1,0.012195,2024-10,2023-10,12,0,1,9,11,0.022727,0.012195,1,2026-08-06T03:30:35+00:00
2025-10,电子信息工程,通信与电子技术,政府网络与数据安全岗,26,0,0.0,108,1,0.009259,2024-10,2023-10,24,0,0,6,11,-0.022727,-0.002936,1,2026-08-06T03:30:35+00:00
2023-10,电子信息工程,通信与电子技术,政府网络与通信运维岗,13,3,0.230769,13,3,0.230769,2023-10,2023-10,0,1,1,6,6,0.230769,0.230769,1,2026-08-06T03:30:35+00:00
2024-10,电子信息工程,通信与电子技术,政府网络与通信运维岗,8,0,0.0,21,3,0.142857,2023-10,2023-10,12,1,0,9,11,-0.230769,-0.087912,1,2026-08-06T03:30:35+00:00
2025-10,电子信息工程,通信与电子技术,政府网络与通信运维岗,11,3,0.272727,32,6,0.1875,2023-10,2023-10,24,1,0,6,11,0.272727,0.044643,1,2026-08-06T03:30:35+00:00
2023-10,电子信息工程,通信与电子技术,政府警务信息技术保障岗,40,1,0.025,40,1,0.025,2023-10,2023-10,0,1,1,6,6,0.025,0.025,1,2026-08-06T03:30:35+00:00
2024-10,电子信息工程,通信与电子技术,政府警务信息技术保障岗,24,2,0.083333,64,3,0.046875,2023-10,2023-10,12,1,0,9,11,0.058333,0.021875,1,2026-08-06T03:30:35+00:00
2025-10,电子信息工程,通信与电子技术,政府警务信息技术保障岗,24,0,0.0,88,3,0.034091,2023-10,2023-10,24,1,0,6,11,-0.083333,-0.012784,1,2026-08-06T03:30:35+00:00
2024-10,电子信息工程,通信与电子技术,政府通信电子技术岗,11,4,0.363636,18,4,0.222222,2024-10,2023-10,12,0,1,9,11,0.363636,0.222222,1,2026-08-06T03:30:35+00:00
2025-10,电子信息工程,通信与电子技术,政府通信电子技术岗,2,0,0.0,20,4,0.2,2024-10,2023-10,24,0,0,6,11,-0.363636,-0.022222,1,2026-08-06T03:30:35+00:00
2023-10,电子信息工程,通信与电子技术,政府通用计算机技术岗,37,2,0.054054,37,2,0.054054,2023-10,2023-10,0,1,1,6,6,0.054054,0.054054,1,2026-08-06T03:30:35+00:00
2024-10,电子信息工程,通信与电子技术,政府通用计算机技术岗,38,1,0.026316,75,3,0.04,2023-10,2023-10,12,1,0,9,11,-0.027738,-0.014054,1,2026-08-06T03:30:35+00:00
2025-10,电子信息工程,通信与电子技术,政府通用计算机技术岗,35,0,0.0,110,3,0.027273,2023-10,2023-10,24,1,0,6,11,-0.026316,-0.012727,1,2026-08-06T03:30:35+00:00
2025-10,系统运维,网络与基础设施,政府信息系统开发岗,4,1,0.25,22,1,0.045455,2025-10,2023-10,24,0,1,4,8,0.25,0.045455,1,2026-08-06T03:30:35+00:00
2023-10,系统运维,网络与基础设施,政府信息系统运维岗,109,107,0.981651,109,107,0.981651,2023-10,2023-10,0,1,1,5,5,0.981651,0.981651,1,2026-08-06T03:30:35+00:00
2024-10,系统运维,网络与基础设施,政府信息系统运维岗,246,245,0.995935,355,352,0.991549,2023-10,2023-10,12,1,0,6,7,0.014284,0.009898,1,2026-08-06T03:30:35+00:00
2025-10,系统运维,网络与基础设施,政府信息系统运维岗,230,229,0.995652,585,581,0.993162,2023-10,2023-10,24,1,0,4,8,-0.000283,0.001613,1,2026-08-06T03:30:35+00:00
2023-10,系统运维,网络与基础设施,政府数据治理与统计分析岗,631,39,0.061807,631,39,0.061807,2023-10,2023-10,0,1,1,5,5,0.061807,0.061807,1,2026-08-06T03:30:35+00:00
2024-10,系统运维,网络与基础设施,政府数据治理与统计分析岗,638,59,0.092476,1269,98,0.077226,2023-10,2023-10,12,1,0,6,7,0.030669,0.015419,1,2026-08-06T03:30:35+00:00
2025-10,系统运维,网络与基础设施,政府数据治理与统计分析岗,408,1,0.002451,1677,99,0.059034,2023-10,2023-10,24,1,0,4,8,-0.090025,-0.018192,1,2026-08-06T03:30:35+00:00
2024-10,系统运维,网络与基础设施,政府电子数据取证与情报技术岗,1,1,1.0,5,1,0.2,2024-10,2023-10,12,0,1,6,7,1.0,0.2,1,2026-08-06T03:30:35+00:00
2025-10,系统运维,网络与基础设施,政府电子数据取证与情报技术岗,5,0,0.0,10,1,0.1,2024-10,2023-10,24,0,0,4,8,-1.0,-0.1,1,2026-08-06T03:30:35+00:00
2023-10,系统运维,网络与基础设施,政府网络与数据安全岗,38,1,0.026316,38,1,0.026316,2023-10,2023-10,0,1,1,5,5,0.026316,0.026316,1,2026-08-06T03:30:35+00:00
2024-10,系统运维,网络与基础设施,政府网络与数据安全岗,44,2,0.045455,82,3,0.036585,2023-10,2023-10,12,1,0,6,7,0.019139,0.010269,1,2026-08-06T03:30:35+00:00
2025-10,系统运维,网络与基础设施,政府网络与数据安全岗,26,0,0.0,108,3,0.027778,2023-10,2023-10,24,1,0,4,8,-0.045455,-0.008807,1,2026-08-06T03:30:35+00:00
2023-10,系统运维,网络与基础设施,政府网络与通信运维岗,13,1,0.076923,13,1,0.076923,2023-10,2023-10,0,1,1,5,5,0.076923,0.076923,1,2026-08-06T03:30:35+00:00
2024-10,系统运维,网络与基础设施,政府网络与通信运维岗,8,1,0.125,21,2,0.095238,2023-10,2023-10,12,1,0,6,7,0.048077,0.018315,1,2026-08-06T03:30:35+00:00
2025-10,系统运维,网络与基础设施,政府网络与通信运维岗,11,0,0.0,32,2,0.0625,2023-10,2023-10,24,1,0,4,8,-0.125,-0.032738,1,2026-08-06T03:30:35+00:00
2024-10,系统运维,网络与基础设施,政府警务信息技术保障岗,24,2,0.083333,64,2,0.03125,2024-10,2023-10,12,0,1,6,7,0.083333,0.03125,1,2026-08-06T03:30:35+00:00
2025-10,系统运维,网络与基础设施,政府警务信息技术保障岗,24,0,0.0,88,2,0.022727,2024-10,2023-10,24,0,0,4,8,-0.083333,-0.008523,1,2026-08-06T03:30:35+00:00
2023-10,系统运维,网络与基础设施,政府通用计算机技术岗,37,1,0.027027,37,1,0.027027,2023-10,2023-10,0,1,1,5,5,0.027027,0.027027,1,2026-08-06T03:30:35+00:00
2024-10,系统运维,网络与基础设施,政府通用计算机技术岗,38,0,0.0,75,1,0.013333,2023-10,2023-10,12,1,0,6,7,-0.027027,-0.013694,1,2026-08-06T03:30:35+00:00
2025-10,系统运维,网络与基础设施,政府通用计算机技术岗,35,1,0.028571,110,2,0.018182,2023-10,2023-10,24,1,0,4,8,0.028571,0.004849,1,2026-08-06T03:30:35+00:00
2025-10,统计分析,数据与统计,政府信息化建设与管理岗,73,1,0.013699,215,1,0.004651,2025-10,2023-10,24,0,1,3,3,0.013699,0.004651,1,2026-08-06T03:30:35+00:00
2024-10,统计分析,数据与统计,政府数字监管与科技执法岗,36,3,0.083333,70,3,0.042857,2024-10,2023-10,12,0,1,2,2,0.083333,0.042857,1,2026-08-06T03:30:35+00:00
2025-10,统计分析,数据与统计,政府数字监管与科技执法岗,39,4,0.102564,109,7,0.06422,2024-10,2023-10,24,0,0,3,3,0.019231,0.021363,1,2026-08-06T03:30:35+00:00
2023-10,统计分析,数据与统计,政府数据治理与统计分析岗,631,397,0.62916,631,397,0.62916,2023-10,2023-10,0,1,1,1,1,0.62916,0.62916,1,2026-08-06T03:30:35+00:00
2024-10,统计分析,数据与统计,政府数据治理与统计分析岗,638,449,0.703762,1269,846,0.666667,2023-10,2023-10,12,1,0,2,2,0.074602,0.037507,1,2026-08-06T03:30:35+00:00
2025-10,统计分析,数据与统计,政府数据治理与统计分析岗,408,332,0.813725,1677,1178,0.702445,2023-10,2023-10,24,1,0,3,3,0.109963,0.035778,1,2026-08-06T03:30:35+00:00
2025-10,统计学,数据与统计,政府信息化审计岗,1,1,1.0,2,1,0.5,2025-10,2023-10,24,0,1,5,10,1.0,0.5,1,2026-08-06T03:30:35+00:00
2023-10,统计学,数据与统计,政府信息化建设与管理岗,86,5,0.05814,86,5,0.05814,2023-10,2023-10,0,1,1,8,8,0.05814,0.05814,1,2026-08-06T03:30:35+00:00
2024-10,统计学,数据与统计,政府信息化建设与管理岗,56,0,0.0,142,5,0.035211,2023-10,2023-10,12,1,0,4,9,-0.05814,-0.022929,1,2026-08-06T03:30:35+00:00
2025-10,统计学,数据与统计,政府信息化建设与管理岗,73,2,0.027397,215,7,0.032558,2023-10,2023-10,24,1,0,5,10,0.027397,-0.002653,1,2026-08-06T03:30:35+00:00
2024-10,统计学,数据与统计,政府信息系统开发岗,13,1,0.076923,18,1,0.055556,2024-10,2023-10,12,0,1,4,9,0.076923,0.055556,1,2026-08-06T03:30:35+00:00
2025-10,统计学,数据与统计,政府信息系统开发岗,4,0,0.0,22,1,0.045455,2024-10,2023-10,24,0,0,5,10,-0.076923,-0.010101,1,2026-08-06T03:30:35+00:00
2023-10,统计学,数据与统计,政府信息系统运维岗,109,1,0.009174,109,1,0.009174,2023-10,2023-10,0,1,1,8,8,0.009174,0.009174,1,2026-08-06T03:30:35+00:00
2024-10,统计学,数据与统计,政府信息系统运维岗,246,0,0.0,355,1,0.002817,2023-10,2023-10,12,1,0,4,9,-0.009174,-0.006357,1,2026-08-06T03:30:35+00:00
2025-10,统计学,数据与统计,政府信息系统运维岗,230,0,0.0,585,1,0.001709,2023-10,2023-10,24,1,0,5,10,0.0,-0.001108,1,2026-08-06T03:30:35+00:00
2023-10,统计学,数据与统计,政府地理信息与空间数据技术岗,5,1,0.2,5,1,0.2,2023-10,2023-10,0,1,1,8,8,0.2,0.2,1,2026-08-06T03:30:35+00:00
2023-10,统计学,数据与统计,政府数字监管与科技执法岗,34,9,0.264706,34,9,0.264706,2023-10,2023-10,0,1,1,8,8,0.264706,0.264706,1,2026-08-06T03:30:35+00:00
2024-10,统计学,数据与统计,政府数字监管与科技执法岗,36,2,0.055556,70,11,0.157143,2023-10,2023-10,12,1,0,4,9,-0.20915,-0.107563,1,2026-08-06T03:30:35+00:00
2025-10,统计学,数据与统计,政府数字监管与科技执法岗,39,3,0.076923,109,14,0.12844,2023-10,2023-10,24,1,0,5,10,0.021367,-0.028703,1,2026-08-06T03:30:35+00:00
2023-10,统计学,数据与统计,政府数据治理与统计分析岗,631,474,0.751189,631,474,0.751189,2023-10,2023-10,0,1,1,8,8,0.751189,0.751189,1,2026-08-06T03:30:35+00:00
2024-10,统计学,数据与统计,政府数据治理与统计分析岗,638,449,0.703762,1269,923,0.727344,2023-10,2023-10,12,1,0,4,9,-0.047427,-0.023845,1,2026-08-06T03:30:35+00:00
2025-10,统计学,数据与统计,政府数据治理与统计分析岗,408,258,0.632353,1677,1181,0.704234,2023-10,2023-10,24,1,0,5,10,-0.071409,-0.02311,1,2026-08-06T03:30:35+00:00
2023-10,统计学,数据与统计,政府电子数据取证与情报技术岗,4,1,0.25,4,1,0.25,2023-10,2023-10,0,1,1,8,8,0.25,0.25,1,2026-08-06T03:30:35+00:00
2024-10,统计学,数据与统计,政府电子数据取证与情报技术岗,1,0,0.0,5,1,0.2,2023-10,2023-10,12,1,0,4,9,-0.25,-0.05,1,2026-08-06T03:30:35+00:00
2025-10,统计学,数据与统计,政府电子数据取证与情报技术岗,5,0,0.0,10,1,0.1,2023-10,2023-10,24,1,0,5,10,0.0,-0.1,1,2026-08-06T03:30:35+00:00
2023-10,统计学,数据与统计,政府警务信息技术保障岗,40,1,0.025,40,1,0.025,2023-10,2023-10,0,1,1,8,8,0.025,0.025,1,2026-08-06T03:30:35+00:00
2024-10,统计学,数据与统计,政府警务信息技术保障岗,24,0,0.0,64,1,0.015625,2023-10,2023-10,12,1,0,4,9,-0.025,-0.009375,1,2026-08-06T03:30:35+00:00
2025-10,统计学,数据与统计,政府警务信息技术保障岗,24,0,0.0,88,1,0.011364,2023-10,2023-10,24,1,0,5,10,0.0,-0.004261,1,2026-08-06T03:30:35+00:00
2023-10,统计学,数据与统计,政府通用计算机技术岗,37,2,0.054054,37,2,0.054054,2023-10,2023-10,0,1,1,8,8,0.054054,0.054054,1,2026-08-06T03:30:35+00:00
2024-10,统计学,数据与统计,政府通用计算机技术岗,38,1,0.026316,75,3,0.04,2023-10,2023-10,12,1,0,4,9,-0.027738,-0.014054,1,2026-08-06T03:30:35+00:00
2025-10,统计学,数据与统计,政府通用计算机技术岗,35,5,0.142857,110,8,0.072727,2023-10,2023-10,24,1,0,5,10,0.116541,0.032727,1,2026-08-06T03:30:35+00:00
2023-10,网络工程,网络与基础设施,政府信息化建设与管理岗,86,17,0.197674,86,17,0.197674,2023-10,2023-10,0,1,1,8,8,0.197674,0.197674,1,2026-08-06T03:30:35+00:00
2024-10,网络工程,网络与基础设施,政府信息化建设与管理岗,56,3,0.053571,142,20,0.140845,2023-10,2023-10,12,1,0,9,11,-0.144103,-0.056829,1,2026-08-06T03:30:35+00:00
2025-10,网络工程,网络与基础设施,政府信息化建设与管理岗,73,1,0.013699,215,21,0.097674,2023-10,2023-10,24,1,0,8,11,-0.039872,-0.043171,1,2026-08-06T03:30:35+00:00
2023-10,网络工程,网络与基础设施,政府信息系统运维岗,109,24,0.220183,109,24,0.220183,2023-10,2023-10,0,1,1,8,8,0.220183,0.220183,1,2026-08-06T03:30:35+00:00
2024-10,网络工程,网络与基础设施,政府信息系统运维岗,246,80,0.325203,355,104,0.292958,2023-10,2023-10,12,1,0,9,11,0.10502,0.072775,1,2026-08-06T03:30:35+00:00
2025-10,网络工程,网络与基础设施,政府信息系统运维岗,230,88,0.382609,585,192,0.328205,2023-10,2023-10,24,1,0,8,11,0.057406,0.035247,1,2026-08-06T03:30:35+00:00
2023-10,网络工程,网络与基础设施,政府数字监管与科技执法岗,34,8,0.235294,34,8,0.235294,2023-10,2023-10,0,1,1,8,8,0.235294,0.235294,1,2026-08-06T03:30:35+00:00
2024-10,网络工程,网络与基础设施,政府数字监管与科技执法岗,36,19,0.527778,70,27,0.385714,2023-10,2023-10,12,1,0,9,11,0.292484,0.15042,1,2026-08-06T03:30:35+00:00
2025-10,网络工程,网络与基础设施,政府数字监管与科技执法岗,39,28,0.717949,109,55,0.504587,2023-10,2023-10,24,1,0,8,11,0.190171,0.118873,1,2026-08-06T03:30:35+00:00
2023-10,网络工程,网络与基础设施,政府数据治理与统计分析岗,631,74,0.117274,631,74,0.117274,2023-10,2023-10,0,1,1,8,8,0.117274,0.117274,1,2026-08-06T03:30:35+00:00
2024-10,网络工程,网络与基础设施,政府数据治理与统计分析岗,638,104,0.163009,1269,178,0.140268,2023-10,2023-10,12,1,0,9,11,0.045735,0.022994,1,2026-08-06T03:30:35+00:00
2025-10,网络工程,网络与基础设施,政府数据治理与统计分析岗,408,53,0.129902,1677,231,0.137746,2023-10,2023-10,24,1,0,8,11,-0.033107,-0.002522,1,2026-08-06T03:30:35+00:00
2024-10,网络工程,网络与基础设施,政府智能化与自动化技术岗,6,1,0.166667,10,1,0.1,2024-10,2023-10,12,0,1,9,11,0.166667,0.1,1,2026-08-06T03:30:35+00:00
2025-10,网络工程,网络与基础设施,政府智能化与自动化技术岗,6,0,0.0,16,1,0.0625,2024-10,2023-10,24,0,0,8,11,-0.166667,-0.0375,1,2026-08-06T03:30:35+00:00
2024-10,网络工程,网络与基础设施,政府电子数据取证与情报技术岗,1,1,1.0,5,1,0.2,2024-10,2023-10,12,0,1,9,11,1.0,0.2,1,2026-08-06T03:30:35+00:00
2025-10,网络工程,网络与基础设施,政府电子数据取证与情报技术岗,5,2,0.4,10,3,0.3,2024-10,2023-10,24,0,0,8,11,-0.6,0.1,1,2026-08-06T03:30:35+00:00
2023-10,网络工程,网络与基础设施,政府网络与数据安全岗,38,7,0.184211,38,7,0.184211,2023-10,2023-10,0,1,1,8,8,0.184211,0.184211,1,2026-08-06T03:30:35+00:00
2024-10,网络工程,网络与基础设施,政府网络与数据安全岗,44,9,0.204545,82,16,0.195122,2023-10,2023-10,12,1,0,9,11,0.020334,0.010911,1,2026-08-06T03:30:35+00:00
2025-10,网络工程,网络与基础设施,政府网络与数据安全岗,26,2,0.076923,108,18,0.166667,2023-10,2023-10,24,1,0,8,11,-0.127622,-0.028455,1,2026-08-06T03:30:35+00:00
2023-10,网络工程,网络与基础设施,政府网络与通信运维岗,13,2,0.153846,13,2,0.153846,2023-10,2023-10,0,1,1,8,8,0.153846,0.153846,1,2026-08-06T03:30:35+00:00
2024-10,网络工程,网络与基础设施,政府网络与通信运维岗,8,0,0.0,21,2,0.095238,2023-10,2023-10,12,1,0,9,11,-0.153846,-0.058608,1,2026-08-06T03:30:35+00:00
2025-10,网络工程,网络与基础设施,政府网络与通信运维岗,11,0,0.0,32,2,0.0625,2023-10,2023-10,24,1,0,8,11,0.0,-0.032738,1,2026-08-06T03:30:35+00:00
2023-10,网络工程,网络与基础设施,政府警务信息技术保障岗,40,5,0.125,40,5,0.125,2023-10,2023-10,0,1,1,8,8,0.125,0.125,1,2026-08-06T03:30:35+00:00
2024-10,网络工程,网络与基础设施,政府警务信息技术保障岗,24,0,0.0,64,5,0.078125,2023-10,2023-10,12,1,0,9,11,-0.125,-0.046875,1,2026-08-06T03:30:35+00:00
2025-10,网络工程,网络与基础设施,政府警务信息技术保障岗,24,4,0.166667,88,9,0.102273,2023-10,2023-10,24,1,0,8,11,0.166667,0.024148,1,2026-08-06T03:30:35+00:00
2024-10,网络工程,网络与基础设施,政府通信电子技术岗,11,2,0.181818,18,2,0.111111,2024-10,2023-10,12,0,1,9,11,0.181818,0.111111,1,2026-08-06T03:30:35+00:00
2025-10,网络工程,网络与基础设施,政府通信电子技术岗,2,0,0.0,20,2,0.1,2024-10,2023-10,24,0,0,8,11,-0.181818,-0.011111,1,2026-08-06T03:30:35+00:00
2023-10,网络工程,网络与基础设施,政府通用计算机技术岗,37,15,0.405405,37,15,0.405405,2023-10,2023-10,0,1,1,8,8,0.405405,0.405405,1,2026-08-06T03:30:35+00:00
2024-10,网络工程,网络与基础设施,政府通用计算机技术岗,38,11,0.289474,75,26,0.346667,2023-10,2023-10,12,1,0,9,11,-0.115931,-0.058738,1,2026-08-06T03:30:35+00:00
2025-10,网络工程,网络与基础设施,政府通用计算机技术岗,35,13,0.371429,110,39,0.354545,2023-10,2023-10,24,1,0,8,11,0.081955,0.007878,1,2026-08-06T03:30:35+00:00
2023-10,网络空间安全,网络与安全,政府信息化建设与管理岗,86,13,0.151163,86,13,0.151163,2023-10,2023-10,0,1,1,11,11,0.151163,0.151163,1,2026-08-06T03:30:35+00:00
2024-10,网络空间安全,网络与安全,政府信息化建设与管理岗,56,7,0.125,142,20,0.140845,2023-10,2023-10,12,1,0,9,11,-0.026163,-0.010318,1,2026-08-06T03:30:35+00:00
2025-10,网络空间安全,网络与安全,政府信息化建设与管理岗,73,11,0.150685,215,31,0.144186,2023-10,2023-10,24,1,0,12,12,0.025685,0.003341,1,2026-08-06T03:30:35+00:00
2023-10,网络空间安全,网络与安全,政府信息系统开发岗,5,4,0.8,5,4,0.8,2023-10,2023-10,0,1,1,11,11,0.8,0.8,1,2026-08-06T03:30:35+00:00
2024-10,网络空间安全,网络与安全,政府信息系统开发岗,13,3,0.230769,18,7,0.388889,2023-10,2023-10,12,1,0,9,11,-0.569231,-0.411111,1,2026-08-06T03:30:35+00:00
2025-10,网络空间安全,网络与安全,政府信息系统开发岗,4,2,0.5,22,9,0.409091,2023-10,2023-10,24,1,0,12,12,0.269231,0.020202,1,2026-08-06T03:30:35+00:00
2023-10,网络空间安全,网络与安全,政府信息系统运维岗,109,5,0.045872,109,5,0.045872,2023-10,2023-10,0,1,1,11,11,0.045872,0.045872,1,2026-08-06T03:30:35+00:00
2024-10,网络空间安全,网络与安全,政府信息系统运维岗,246,89,0.361789,355,94,0.264789,2023-10,2023-10,12,1,0,9,11,0.315917,0.218917,1,2026-08-06T03:30:35+00:00
2025-10,网络空间安全,网络与安全,政府信息系统运维岗,230,48,0.208696,585,142,0.242735,2023-10,2023-10,24,1,0,12,12,-0.153093,-0.022054,1,2026-08-06T03:30:35+00:00
2023-10,网络空间安全,网络与安全,政府数字监管与科技执法岗,34,5,0.147059,34,5,0.147059,2023-10,2023-10,0,1,1,11,11,0.147059,0.147059,1,2026-08-06T03:30:35+00:00
2024-10,网络空间安全,网络与安全,政府数字监管与科技执法岗,36,12,0.333333,70,17,0.242857,2023-10,2023-10,12,1,0,9,11,0.186274,0.095798,1,2026-08-06T03:30:35+00:00
2025-10,网络空间安全,网络与安全,政府数字监管与科技执法岗,39,14,0.358974,109,31,0.284404,2023-10,2023-10,24,1,0,12,12,0.025641,0.041547,1,2026-08-06T03:30:35+00:00
2023-10,网络空间安全,网络与安全,政府数据治理与统计分析岗,631,12,0.019017,631,12,0.019017,2023-10,2023-10,0,1,1,11,11,0.019017,0.019017,1,2026-08-06T03:30:35+00:00
2024-10,网络空间安全,网络与安全,政府数据治理与统计分析岗,638,55,0.086207,1269,67,0.052797,2023-10,2023-10,12,1,0,9,11,0.06719,0.03378,1,2026-08-06T03:30:35+00:00
2025-10,网络空间安全,网络与安全,政府数据治理与统计分析岗,408,33,0.080882,1677,100,0.05963,2023-10,2023-10,24,1,0,12,12,-0.005325,0.006833,1,2026-08-06T03:30:35+00:00
2025-10,网络空间安全,网络与安全,政府智能化与自动化技术岗,6,1,0.166667,16,1,0.0625,2025-10,2023-10,24,0,1,12,12,0.166667,0.0625,1,2026-08-06T03:30:35+00:00
2023-10,网络空间安全,网络与安全,政府电子数据取证与情报技术岗,4,3,0.75,4,3,0.75,2023-10,2023-10,0,1,1,11,11,0.75,0.75,1,2026-08-06T03:30:35+00:00
2024-10,网络空间安全,网络与安全,政府电子数据取证与情报技术岗,1,0,0.0,5,3,0.6,2023-10,2023-10,12,1,0,9,11,-0.75,-0.15,1,2026-08-06T03:30:35+00:00
2025-10,网络空间安全,网络与安全,政府电子数据取证与情报技术岗,5,1,0.2,10,4,0.4,2023-10,2023-10,24,1,0,12,12,0.2,-0.2,1,2026-08-06T03:30:35+00:00
2023-10,网络空间安全,网络与安全,政府网络与数据安全岗,38,17,0.447368,38,17,0.447368,2023-10,2023-10,0,1,1,11,11,0.447368,0.447368,1,2026-08-06T03:30:35+00:00
2024-10,网络空间安全,网络与安全,政府网络与数据安全岗,44,20,0.454545,82,37,0.45122,2023-10,2023-10,12,1,0,9,11,0.007177,0.003852,1,2026-08-06T03:30:35+00:00
2025-10,网络空间安全,网络与安全,政府网络与数据安全岗,26,10,0.384615,108,47,0.435185,2023-10,2023-10,24,1,0,12,12,-0.06993,-0.016035,1,2026-08-06T03:30:35+00:00
2023-10,网络空间安全,网络与安全,政府网络与通信运维岗,13,5,0.384615,13,5,0.384615,2023-10,2023-10,0,1,1,11,11,0.384615,0.384615,1,2026-08-06T03:30:35+00:00
2024-10,网络空间安全,网络与安全,政府网络与通信运维岗,8,4,0.5,21,9,0.428571,2023-10,2023-10,12,1,0,9,11,0.115385,0.043956,1,2026-08-06T03:30:35+00:00
2025-10,网络空间安全,网络与安全,政府网络与通信运维岗,11,4,0.363636,32,13,0.40625,2023-10,2023-10,24,1,0,12,12,-0.136364,-0.022321,1,2026-08-06T03:30:35+00:00
2023-10,网络空间安全,网络与安全,政府警务信息技术保障岗,40,2,0.05,40,2,0.05,2023-10,2023-10,0,1,1,11,11,0.05,0.05,1,2026-08-06T03:30:35+00:00
2024-10,网络空间安全,网络与安全,政府警务信息技术保障岗,24,1,0.041667,64,3,0.046875,2023-10,2023-10,12,1,0,9,11,-0.008333,-0.003125,1,2026-08-06T03:30:35+00:00
2025-10,网络空间安全,网络与安全,政府警务信息技术保障岗,24,13,0.541667,88,16,0.181818,2023-10,2023-10,24,1,0,12,12,0.5,0.134943,1,2026-08-06T03:30:35+00:00
2023-10,网络空间安全,网络与安全,政府通信电子技术岗,7,2,0.285714,7,2,0.285714,2023-10,2023-10,0,1,1,11,11,0.285714,0.285714,1,2026-08-06T03:30:35+00:00
2024-10,网络空间安全,网络与安全,政府通信电子技术岗,11,0,0.0,18,2,0.111111,2023-10,2023-10,12,1,0,9,11,-0.285714,-0.174603,1,2026-08-06T03:30:35+00:00
2025-10,网络空间安全,网络与安全,政府通信电子技术岗,2,2,1.0,20,4,0.2,2023-10,2023-10,24,1,0,12,12,1.0,0.088889,1,2026-08-06T03:30:35+00:00
2023-10,网络空间安全,网络与安全,政府通用计算机技术岗,37,5,0.135135,37,5,0.135135,2023-10,2023-10,0,1,1,11,11,0.135135,0.135135,1,2026-08-06T03:30:35+00:00
2024-10,网络空间安全,网络与安全,政府通用计算机技术岗,38,8,0.210526,75,13,0.173333,2023-10,2023-10,12,1,0,9,11,0.075391,0.038198,1,2026-08-06T03:30:35+00:00
2025-10,网络空间安全,网络与安全,政府通用计算机技术岗,35,11,0.314286,110,24,0.218182,2023-10,2023-10,24,1,0,12,12,0.10376,0.044849,1,2026-08-06T03:30:35+00:00
2025-10,网络运维,网络与基础设施,政府信息系统运维岗,230,1,0.004348,585,1,0.001709,2025-10,2023-10,24,0,1,4,6,0.004348,0.001709,1,2026-08-06T03:30:35+00:00
2023-10,网络运维,网络与基础设施,政府数据治理与统计分析岗,631,1,0.001585,631,1,0.001585,2023-10,2023-10,0,1,1,3,3,0.001585,0.001585,1,2026-08-06T03:30:35+00:00
2024-10,网络运维,网络与基础设施,政府数据治理与统计分析岗,638,0,0.0,1269,1,0.000788,2023-10,2023-10,12,1,0,2,3,-0.001585,-0.000797,1,2026-08-06T03:30:35+00:00
2025-10,网络运维,网络与基础设施,政府数据治理与统计分析岗,408,2,0.004902,1677,3,0.001789,2023-10,2023-10,24,1,0,4,6,0.004902,0.001001,1,2026-08-06T03:30:35+00:00
2023-10,网络运维,网络与基础设施,政府网络与数据安全岗,38,1,0.026316,38,1,0.026316,2023-10,2023-10,0,1,1,3,3,0.026316,0.026316,1,2026-08-06T03:30:35+00:00
2024-10,网络运维,网络与基础设施,政府网络与数据安全岗,44,1,0.022727,82,2,0.02439,2023-10,2023-10,12,1,0,2,3,-0.003589,-0.001926,1,2026-08-06T03:30:35+00:00
2025-10,网络运维,网络与基础设施,政府网络与数据安全岗,26,0,0.0,108,2,0.018519,2023-10,2023-10,24,1,0,4,6,-0.022727,-0.005871,1,2026-08-06T03:30:35+00:00
2025-10,网络运维,网络与基础设施,政府网络与通信运维岗,11,1,0.090909,32,1,0.03125,2025-10,2023-10,24,0,1,4,6,0.090909,0.03125,1,2026-08-06T03:30:35+00:00
2025-10,网络运维,网络与基础设施,政府警务信息技术保障岗,24,3,0.125,88,3,0.034091,2025-10,2023-10,24,0,1,4,6,0.125,0.034091,1,2026-08-06T03:30:35+00:00
2023-10,网络运维,网络与基础设施,政府通用计算机技术岗,37,8,0.216216,37,8,0.216216,2023-10,2023-10,0,1,1,3,3,0.216216,0.216216,1,2026-08-06T03:30:35+00:00
2024-10,网络运维,网络与基础设施,政府通用计算机技术岗,38,2,0.052632,75,10,0.133333,2023-10,2023-10,12,1,0,2,3,-0.163584,-0.082883,1,2026-08-06T03:30:35+00:00
2025-10,网络运维,网络与基础设施,政府通用计算机技术岗,35,0,0.0,110,10,0.090909,2023-10,2023-10,24,1,0,4,6,-0.052632,-0.042424,1,2026-08-06T03:30:35+00:00
2023-10,自动化,智能化技术,政府信息化建设与管理岗,86,10,0.116279,86,10,0.116279,2023-10,2023-10,0,1,1,10,10,0.116279,0.116279,1,2026-08-06T03:30:35+00:00
2024-10,自动化,智能化技术,政府信息化建设与管理岗,56,4,0.071429,142,14,0.098592,2023-10,2023-10,12,1,0,9,11,-0.04485,-0.017687,1,2026-08-06T03:30:35+00:00
2025-10,自动化,智能化技术,政府信息化建设与管理岗,73,1,0.013699,215,15,0.069767,2023-10,2023-10,24,1,0,7,11,-0.05773,-0.028825,1,2026-08-06T03:30:35+00:00
2023-10,自动化,智能化技术,政府信息系统开发岗,5,3,0.6,5,3,0.6,2023-10,2023-10,0,1,1,10,10,0.6,0.6,1,2026-08-06T03:30:35+00:00
2024-10,自动化,智能化技术,政府信息系统开发岗,13,7,0.538462,18,10,0.555556,2023-10,2023-10,12,1,0,9,11,-0.061538,-0.044444,1,2026-08-06T03:30:35+00:00
2025-10,自动化,智能化技术,政府信息系统开发岗,4,1,0.25,22,11,0.5,2023-10,2023-10,24,1,0,7,11,-0.288462,-0.055556,1,2026-08-06T03:30:35+00:00
2023-10,自动化,智能化技术,政府信息系统运维岗,109,12,0.110092,109,12,0.110092,2023-10,2023-10,0,1,1,10,10,0.110092,0.110092,1,2026-08-06T03:30:35+00:00
2024-10,自动化,智能化技术,政府信息系统运维岗,246,1,0.004065,355,13,0.03662,2023-10,2023-10,12,1,0,9,11,-0.106027,-0.073472,1,2026-08-06T03:30:35+00:00
2025-10,自动化,智能化技术,政府信息系统运维岗,230,3,0.013043,585,16,0.02735,2023-10,2023-10,24,1,0,7,11,0.008978,-0.00927,1,2026-08-06T03:30:35+00:00
2023-10,自动化,智能化技术,政府数字监管与科技执法岗,34,2,0.058824,34,2,0.058824,2023-10,2023-10,0,1,1,10,10,0.058824,0.058824,1,2026-08-06T03:30:35+00:00
2024-10,自动化,智能化技术,政府数字监管与科技执法岗,36,1,0.027778,70,3,0.042857,2023-10,2023-10,12,1,0,9,11,-0.031046,-0.015967,1,2026-08-06T03:30:35+00:00
2025-10,自动化,智能化技术,政府数字监管与科技执法岗,39,0,0.0,109,3,0.027523,2023-10,2023-10,24,1,0,7,11,-0.027778,-0.015334,1,2026-08-06T03:30:35+00:00
2023-10,自动化,智能化技术,政府数据治理与统计分析岗,631,15,0.023772,631,15,0.023772,2023-10,2023-10,0,1,1,10,10,0.023772,0.023772,1,2026-08-06T03:30:35+00:00
2024-10,自动化,智能化技术,政府数据治理与统计分析岗,638,35,0.054859,1269,50,0.039401,2023-10,2023-10,12,1,0,9,11,0.031087,0.015629,1,2026-08-06T03:30:35+00:00
2025-10,自动化,智能化技术,政府数据治理与统计分析岗,408,6,0.014706,1677,56,0.033393,2023-10,2023-10,24,1,0,7,11,-0.040153,-0.006008,1,2026-08-06T03:30:35+00:00
2023-10,自动化,智能化技术,政府智能化与自动化技术岗,4,3,0.75,4,3,0.75,2023-10,2023-10,0,1,1,10,10,0.75,0.75,1,2026-08-06T03:30:35+00:00
2024-10,自动化,智能化技术,政府智能化与自动化技术岗,6,1,0.166667,10,4,0.4,2023-10,2023-10,12,1,0,9,11,-0.583333,-0.35,1,2026-08-06T03:30:35+00:00
2025-10,自动化,智能化技术,政府智能化与自动化技术岗,6,2,0.333333,16,6,0.375,2023-10,2023-10,24,1,0,7,11,0.166666,-0.025,1,2026-08-06T03:30:35+00:00
2023-10,自动化,智能化技术,政府电子数据取证与情报技术岗,4,1,0.25,4,1,0.25,2023-10,2023-10,0,1,1,10,10,0.25,0.25,1,2026-08-06T03:30:35+00:00
2024-10,自动化,智能化技术,政府电子数据取证与情报技术岗,1,0,0.0,5,1,0.2,2023-10,2023-10,12,1,0,9,11,-0.25,-0.05,1,2026-08-06T03:30:35+00:00
2025-10,自动化,智能化技术,政府电子数据取证与情报技术岗,5,0,0.0,10,1,0.1,2023-10,2023-10,24,1,0,7,11,0.0,-0.1,1,2026-08-06T03:30:35+00:00
2023-10,自动化,智能化技术,政府网络与数据安全岗,38,2,0.052632,38,2,0.052632,2023-10,2023-10,0,1,1,10,10,0.052632,0.052632,1,2026-08-06T03:30:35+00:00
2024-10,自动化,智能化技术,政府网络与数据安全岗,44,2,0.045455,82,4,0.04878,2023-10,2023-10,12,1,0,9,11,-0.007177,-0.003852,1,2026-08-06T03:30:35+00:00
2025-10,自动化,智能化技术,政府网络与数据安全岗,26,0,0.0,108,4,0.037037,2023-10,2023-10,24,1,0,7,11,-0.045455,-0.011743,1,2026-08-06T03:30:35+00:00
2024-10,自动化,智能化技术,政府警务信息技术保障岗,24,1,0.041667,64,1,0.015625,2024-10,2023-10,12,0,1,9,11,0.041667,0.015625,1,2026-08-06T03:30:35+00:00
2025-10,自动化,智能化技术,政府警务信息技术保障岗,24,10,0.416667,88,11,0.125,2024-10,2023-10,24,0,0,7,11,0.375,0.109375,1,2026-08-06T03:30:35+00:00
2023-10,自动化,智能化技术,政府通信电子技术岗,7,1,0.142857,7,1,0.142857,2023-10,2023-10,0,1,1,10,10,0.142857,0.142857,1,2026-08-06T03:30:35+00:00
2024-10,自动化,智能化技术,政府通信电子技术岗,11,0,0.0,18,1,0.055556,2023-10,2023-10,12,1,0,9,11,-0.142857,-0.087301,1,2026-08-06T03:30:35+00:00
2025-10,自动化,智能化技术,政府通信电子技术岗,2,0,0.0,20,1,0.05,2023-10,2023-10,24,1,0,7,11,0.0,-0.005556,1,2026-08-06T03:30:35+00:00
2023-10,自动化,智能化技术,政府通用计算机技术岗,37,1,0.027027,37,1,0.027027,2023-10,2023-10,0,1,1,10,10,0.027027,0.027027,1,2026-08-06T03:30:35+00:00
2024-10,自动化,智能化技术,政府通用计算机技术岗,38,1,0.026316,75,2,0.026667,2023-10,2023-10,12,1,0,9,11,-0.000711,-0.00036,1,2026-08-06T03:30:35+00:00
2025-10,自动化,智能化技术,政府通用计算机技术岗,35,1,0.028571,110,3,0.027273,2023-10,2023-10,24,1,0,7,11,0.002255,0.000606,1,2026-08-06T03:30:35+00:00
2024-10,计算机科学与技术,计算机基础,政府人工智能专利审查与技术监管岗,1,1,1.0,1,1,1.0,2024-10,2023-10,12,0,1,13,15,1.0,1.0,1,2026-08-06T03:30:35+00:00
2023-10,计算机科学与技术,计算机基础,政府信息化审计岗,1,1,1.0,1,1,1.0,2023-10,2023-10,0,1,1,14,14,1.0,1.0,1,2026-08-06T03:30:35+00:00
2025-10,计算机科学与技术,计算机基础,政府信息化审计岗,1,0,0.0,2,1,0.5,2023-10,2023-10,24,1,0,12,15,-1.0,-0.5,1,2026-08-06T03:30:35+00:00
2023-10,计算机科学与技术,计算机基础,政府信息化建设与管理岗,86,68,0.790698,86,68,0.790698,2023-10,2023-10,0,1,1,14,14,0.790698,0.790698,1,2026-08-06T03:30:35+00:00
2024-10,计算机科学与技术,计算机基础,政府信息化建设与管理岗,56,51,0.910714,142,119,0.838028,2023-10,2023-10,12,1,0,13,15,0.120016,0.04733,1,2026-08-06T03:30:35+00:00
2025-10,计算机科学与技术,计算机基础,政府信息化建设与管理岗,73,72,0.986301,215,191,0.888372,2023-10,2023-10,24,1,0,12,15,0.075587,0.050344,1,2026-08-06T03:30:35+00:00
2023-10,计算机科学与技术,计算机基础,政府信息系统开发岗,5,5,1.0,5,5,1.0,2023-10,2023-10,0,1,1,14,14,1.0,1.0,1,2026-08-06T03:30:35+00:00
2024-10,计算机科学与技术,计算机基础,政府信息系统开发岗,13,11,0.846154,18,16,0.888889,2023-10,2023-10,12,1,0,13,15,-0.153846,-0.111111,1,2026-08-06T03:30:35+00:00
2025-10,计算机科学与技术,计算机基础,政府信息系统开发岗,4,3,0.75,22,19,0.863636,2023-10,2023-10,24,1,0,12,15,-0.096154,-0.025253,1,2026-08-06T03:30:35+00:00
2023-10,计算机科学与技术,计算机基础,政府信息系统运维岗,109,90,0.825688,109,90,0.825688,2023-10,2023-10,0,1,1,14,14,0.825688,0.825688,1,2026-08-06T03:30:35+00:00
2024-10,计算机科学与技术,计算机基础,政府信息系统运维岗,246,245,0.995935,355,335,0.943662,2023-10,2023-10,12,1,0,13,15,0.170247,0.117974,1,2026-08-06T03:30:35+00:00
2025-10,计算机科学与技术,计算机基础,政府信息系统运维岗,230,227,0.986957,585,562,0.960684,2023-10,2023-10,24,1,0,12,15,-0.008978,0.017022,1,2026-08-06T03:30:35+00:00
2023-10,计算机科学与技术,计算机基础,政府地理信息与空间数据技术岗,5,1,0.2,5,1,0.2,2023-10,2023-10,0,1,1,14,14,0.2,0.2,1,2026-08-06T03:30:35+00:00
2023-10,计算机科学与技术,计算机基础,政府数字监管与科技执法岗,34,24,0.705882,34,24,0.705882,2023-10,2023-10,0,1,1,14,14,0.705882,0.705882,1,2026-08-06T03:30:35+00:00
2024-10,计算机科学与技术,计算机基础,政府数字监管与科技执法岗,36,31,0.861111,70,55,0.785714,2023-10,2023-10,12,1,0,13,15,0.155229,0.079832,1,2026-08-06T03:30:35+00:00
2025-10,计算机科学与技术,计算机基础,政府数字监管与科技执法岗,39,30,0.769231,109,85,0.779817,2023-10,2023-10,24,1,0,12,15,-0.09188,-0.005897,1,2026-08-06T03:30:35+00:00
2023-10,计算机科学与技术,计算机基础,政府数据治理与统计分析岗,631,538,0.852615,631,538,0.852615,2023-10,2023-10,0,1,1,14,14,0.852615,0.852615,1,2026-08-06T03:30:35+00:00
2024-10,计算机科学与技术,计算机基础,政府数据治理与统计分析岗,638,488,0.76489,1269,1026,0.808511,2023-10,2023-10,12,1,0,13,15,-0.087725,-0.044104,1,2026-08-06T03:30:35+00:00
2025-10,计算机科学与技术,计算机基础,政府数据治理与统计分析岗,408,323,0.791667,1677,1349,0.804413,2023-10,2023-10,24,1,0,12,15,0.026777,-0.004098,1,2026-08-06T03:30:35+00:00
2023-10,计算机科学与技术,计算机基础,政府智能化与自动化技术岗,4,4,1.0,4,4,1.0,2023-10,2023-10,0,1,1,14,14,1.0,1.0,1,2026-08-06T03:30:35+00:00
2024-10,计算机科学与技术,计算机基础,政府智能化与自动化技术岗,6,5,0.833333,10,9,0.9,2023-10,2023-10,12,1,0,13,15,-0.166667,-0.1,1,2026-08-06T03:30:35+00:00
2025-10,计算机科学与技术,计算机基础,政府智能化与自动化技术岗,6,4,0.666667,16,13,0.8125,2023-10,2023-10,24,1,0,12,15,-0.166666,-0.0875,1,2026-08-06T03:30:35+00:00
2023-10,计算机科学与技术,计算机基础,政府电子数据取证与情报技术岗,4,3,0.75,4,3,0.75,2023-10,2023-10,0,1,1,14,14,0.75,0.75,1,2026-08-06T03:30:35+00:00
2024-10,计算机科学与技术,计算机基础,政府电子数据取证与情报技术岗,1,1,1.0,5,4,0.8,2023-10,2023-10,12,1,0,13,15,0.25,0.05,1,2026-08-06T03:30:35+00:00
2025-10,计算机科学与技术,计算机基础,政府电子数据取证与情报技术岗,5,5,1.0,10,9,0.9,2023-10,2023-10,24,1,0,12,15,0.0,0.1,1,2026-08-06T03:30:35+00:00
2023-10,计算机科学与技术,计算机基础,政府网络与数据安全岗,38,26,0.684211,38,26,0.684211,2023-10,2023-10,0,1,1,14,14,0.684211,0.684211,1,2026-08-06T03:30:35+00:00
2024-10,计算机科学与技术,计算机基础,政府网络与数据安全岗,44,27,0.613636,82,53,0.646341,2023-10,2023-10,12,1,0,13,15,-0.070575,-0.03787,1,2026-08-06T03:30:35+00:00
2025-10,计算机科学与技术,计算机基础,政府网络与数据安全岗,26,17,0.653846,108,70,0.648148,2023-10,2023-10,24,1,0,12,15,0.04021,0.001807,1,2026-08-06T03:30:35+00:00
2023-10,计算机科学与技术,计算机基础,政府网络与通信运维岗,13,12,0.923077,13,12,0.923077,2023-10,2023-10,0,1,1,14,14,0.923077,0.923077,1,2026-08-06T03:30:35+00:00
2024-10,计算机科学与技术,计算机基础,政府网络与通信运维岗,8,8,1.0,21,20,0.952381,2023-10,2023-10,12,1,0,13,15,0.076923,0.029304,1,2026-08-06T03:30:35+00:00
2025-10,计算机科学与技术,计算机基础,政府网络与通信运维岗,11,11,1.0,32,31,0.96875,2023-10,2023-10,24,1,0,12,15,0.0,0.016369,1,2026-08-06T03:30:35+00:00
2023-10,计算机科学与技术,计算机基础,政府警务信息技术保障岗,40,37,0.925,40,37,0.925,2023-10,2023-10,0,1,1,14,14,0.925,0.925,1,2026-08-06T03:30:35+00:00
2024-10,计算机科学与技术,计算机基础,政府警务信息技术保障岗,24,24,1.0,64,61,0.953125,2023-10,2023-10,12,1,0,13,15,0.075,0.028125,1,2026-08-06T03:30:35+00:00
2025-10,计算机科学与技术,计算机基础,政府警务信息技术保障岗,24,19,0.791667,88,80,0.909091,2023-10,2023-10,24,1,0,12,15,-0.208333,-0.044034,1,2026-08-06T03:30:35+00:00
2023-10,计算机科学与技术,计算机基础,政府通信电子技术岗,7,6,0.857143,7,6,0.857143,2023-10,2023-10,0,1,1,14,14,0.857143,0.857143,1,2026-08-06T03:30:35+00:00
2024-10,计算机科学与技术,计算机基础,政府通信电子技术岗,11,10,0.909091,18,16,0.888889,2023-10,2023-10,12,1,0,13,15,0.051948,0.031746,1,2026-08-06T03:30:35+00:00
2025-10,计算机科学与技术,计算机基础,政府通信电子技术岗,2,2,1.0,20,18,0.9,2023-10,2023-10,24,1,0,12,15,0.090909,0.011111,1,2026-08-06T03:30:35+00:00
2023-10,计算机科学与技术,计算机基础,政府通用计算机技术岗,37,36,0.972973,37,36,0.972973,2023-10,2023-10,0,1,1,14,14,0.972973,0.972973,1,2026-08-06T03:30:35+00:00
2024-10,计算机科学与技术,计算机基础,政府通用计算机技术岗,38,31,0.815789,75,67,0.893333,2023-10,2023-10,12,1,0,13,15,-0.157184,-0.07964,1,2026-08-06T03:30:35+00:00
2025-10,计算机科学与技术,计算机基础,政府通用计算机技术岗,35,32,0.914286,110,99,0.9,2023-10,2023-10,24,1,0,12,15,0.098497,0.006667,1,2026-08-06T03:30:35+00:00
2024-10,软件工程,软件工程,政府人工智能专利审查与技术监管岗,1,1,1.0,1,1,1.0,2024-10,2023-10,12,0,1,13,13,1.0,1.0,1,2026-08-06T03:30:35+00:00
2023-10,软件工程,软件工程,政府信息化建设与管理岗,86,28,0.325581,86,28,0.325581,2023-10,2023-10,0,1,1,12,12,0.325581,0.325581,1,2026-08-06T03:30:35+00:00
2024-10,软件工程,软件工程,政府信息化建设与管理岗,56,15,0.267857,142,43,0.302817,2023-10,2023-10,12,1,0,13,13,-0.057724,-0.022764,1,2026-08-06T03:30:35+00:00
2025-10,软件工程,软件工程,政府信息化建设与管理岗,73,19,0.260274,215,62,0.288372,2023-10,2023-10,24,1,0,12,13,-0.007583,-0.014445,1,2026-08-06T03:30:35+00:00
2023-10,软件工程,软件工程,政府信息系统开发岗,5,5,1.0,5,5,1.0,2023-10,2023-10,0,1,1,12,12,1.0,1.0,1,2026-08-06T03:30:35+00:00
2024-10,软件工程,软件工程,政府信息系统开发岗,13,12,0.923077,18,17,0.944444,2023-10,2023-10,12,1,0,13,13,-0.076923,-0.055556,1,2026-08-06T03:30:35+00:00
2025-10,软件工程,软件工程,政府信息系统开发岗,4,3,0.75,22,20,0.909091,2023-10,2023-10,24,1,0,12,13,-0.173077,-0.035353,1,2026-08-06T03:30:35+00:00
2023-10,软件工程,软件工程,政府信息系统运维岗,109,36,0.330275,109,36,0.330275,2023-10,2023-10,0,1,1,12,12,0.330275,0.330275,1,2026-08-06T03:30:35+00:00
2024-10,软件工程,软件工程,政府信息系统运维岗,246,155,0.630081,355,191,0.538028,2023-10,2023-10,12,1,0,13,13,0.299806,0.207753,1,2026-08-06T03:30:35+00:00
2025-10,软件工程,软件工程,政府信息系统运维岗,230,136,0.591304,585,327,0.558974,2023-10,2023-10,24,1,0,12,13,-0.038777,0.020946,1,2026-08-06T03:30:35+00:00
2023-10,软件工程,软件工程,政府数字监管与科技执法岗,34,17,0.5,34,17,0.5,2023-10,2023-10,0,1,1,12,12,0.5,0.5,1,2026-08-06T03:30:35+00:00
2024-10,软件工程,软件工程,政府数字监管与科技执法岗,36,31,0.861111,70,48,0.685714,2023-10,2023-10,12,1,0,13,13,0.361111,0.185714,1,2026-08-06T03:30:35+00:00
2025-10,软件工程,软件工程,政府数字监管与科技执法岗,39,31,0.794872,109,79,0.724771,2023-10,2023-10,24,1,0,12,13,-0.066239,0.039057,1,2026-08-06T03:30:35+00:00
2023-10,软件工程,软件工程,政府数据治理与统计分析岗,631,77,0.122029,631,77,0.122029,2023-10,2023-10,0,1,1,12,12,0.122029,0.122029,1,2026-08-06T03:30:35+00:00
2024-10,软件工程,软件工程,政府数据治理与统计分析岗,638,150,0.23511,1269,227,0.178881,2023-10,2023-10,12,1,0,13,13,0.113081,0.056852,1,2026-08-06T03:30:35+00:00
2025-10,软件工程,软件工程,政府数据治理与统计分析岗,408,122,0.29902,1677,349,0.20811,2023-10,2023-10,24,1,0,12,13,0.06391,0.029229,1,2026-08-06T03:30:35+00:00
2023-10,软件工程,软件工程,政府智能化与自动化技术岗,4,1,0.25,4,1,0.25,2023-10,2023-10,0,1,1,12,12,0.25,0.25,1,2026-08-06T03:30:35+00:00
2024-10,软件工程,软件工程,政府智能化与自动化技术岗,6,4,0.666667,10,5,0.5,2023-10,2023-10,12,1,0,13,13,0.416667,0.25,1,2026-08-06T03:30:35+00:00
2025-10,软件工程,软件工程,政府智能化与自动化技术岗,6,2,0.333333,16,7,0.4375,2023-10,2023-10,24,1,0,12,13,-0.333334,-0.0625,1,2026-08-06T03:30:35+00:00
2023-10,软件工程,软件工程,政府电子数据取证与情报技术岗,4,2,0.5,4,2,0.5,2023-10,2023-10,0,1,1,12,12,0.5,0.5,1,2026-08-06T03:30:35+00:00
2024-10,软件工程,软件工程,政府电子数据取证与情报技术岗,1,1,1.0,5,3,0.6,2023-10,2023-10,12,1,0,13,13,0.5,0.1,1,2026-08-06T03:30:35+00:00
2025-10,软件工程,软件工程,政府电子数据取证与情报技术岗,5,4,0.8,10,7,0.7,2023-10,2023-10,24,1,0,12,13,-0.2,0.1,1,2026-08-06T03:30:35+00:00
2023-10,软件工程,软件工程,政府网络与数据安全岗,38,15,0.394737,38,15,0.394737,2023-10,2023-10,0,1,1,12,12,0.394737,0.394737,1,2026-08-06T03:30:35+00:00
2024-10,软件工程,软件工程,政府网络与数据安全岗,44,19,0.431818,82,34,0.414634,2023-10,2023-10,12,1,0,13,13,0.037081,0.019897,1,2026-08-06T03:30:35+00:00
2025-10,软件工程,软件工程,政府网络与数据安全岗,26,6,0.230769,108,40,0.37037,2023-10,2023-10,24,1,0,12,13,-0.201049,-0.044264,1,2026-08-06T03:30:35+00:00
2023-10,软件工程,软件工程,政府网络与通信运维岗,13,7,0.538462,13,7,0.538462,2023-10,2023-10,0,1,1,12,12,0.538462,0.538462,1,2026-08-06T03:30:35+00:00
2024-10,软件工程,软件工程,政府网络与通信运维岗,8,5,0.625,21,12,0.571429,2023-10,2023-10,12,1,0,13,13,0.086538,0.032967,1,2026-08-06T03:30:35+00:00
2025-10,软件工程,软件工程,政府网络与通信运维岗,11,6,0.545455,32,18,0.5625,2023-10,2023-10,24,1,0,12,13,-0.079545,-0.008929,1,2026-08-06T03:30:35+00:00
2023-10,软件工程,软件工程,政府警务信息技术保障岗,40,17,0.425,40,17,0.425,2023-10,2023-10,0,1,1,12,12,0.425,0.425,1,2026-08-06T03:30:35+00:00
2024-10,软件工程,软件工程,政府警务信息技术保障岗,24,3,0.125,64,20,0.3125,2023-10,2023-10,12,1,0,13,13,-0.3,-0.1125,1,2026-08-06T03:30:35+00:00
2025-10,软件工程,软件工程,政府警务信息技术保障岗,24,17,0.708333,88,37,0.420455,2023-10,2023-10,24,1,0,12,13,0.583333,0.107955,1,2026-08-06T03:30:35+00:00
2023-10,软件工程,软件工程,政府通信电子技术岗,7,2,0.285714,7,2,0.285714,2023-10,2023-10,0,1,1,12,12,0.285714,0.285714,1,2026-08-06T03:30:35+00:00
2024-10,软件工程,软件工程,政府通信电子技术岗,11,5,0.454545,18,7,0.388889,2023-10,2023-10,12,1,0,13,13,0.168831,0.103175,1,2026-08-06T03:30:35+00:00
2025-10,软件工程,软件工程,政府通信电子技术岗,2,2,1.0,20,9,0.45,2023-10,2023-10,24,1,0,12,13,0.545455,0.061111,1,2026-08-06T03:30:35+00:00
2023-10,软件工程,软件工程,政府通用计算机技术岗,37,22,0.594595,37,22,0.594595,2023-10,2023-10,0,1,1,12,12,0.594595,0.594595,1,2026-08-06T03:30:35+00:00
2024-10,软件工程,软件工程,政府通用计算机技术岗,38,11,0.289474,75,33,0.44,2023-10,2023-10,12,1,0,13,13,-0.305121,-0.154595,1,2026-08-06T03:30:35+00:00
2025-10,软件工程,软件工程,政府通用计算机技术岗,35,20,0.571429,110,53,0.481818,2023-10,2023-10,24,1,0,12,13,0.281955,0.041818,1,2026-08-06T03:30:35+00:00
2023-10,通信工程,通信与电子技术,政府信息化建设与管理岗,86,13,0.151163,86,13,0.151163,2023-10,2023-10,0,1,1,12,12,0.151163,0.151163,1,2026-08-06T03:30:35+00:00
2024-10,通信工程,通信与电子技术,政府信息化建设与管理岗,56,8,0.142857,142,21,0.147887,2023-10,2023-10,12,1,0,11,12,-0.008306,-0.003276,1,2026-08-06T03:30:35+00:00
2025-10,通信工程,通信与电子技术,政府信息化建设与管理岗,73,5,0.068493,215,26,0.12093,2023-10,2023-10,24,1,0,12,12,-0.074364,-0.026957,1,2026-08-06T03:30:35+00:00
2023-10,通信工程,通信与电子技术,政府信息系统开发岗,5,5,1.0,5,5,1.0,2023-10,2023-10,0,1,1,12,12,1.0,1.0,1,2026-08-06T03:30:35+00:00
2024-10,通信工程,通信与电子技术,政府信息系统开发岗,13,10,0.769231,18,15,0.833333,2023-10,2023-10,12,1,0,11,12,-0.230769,-0.166667,1,2026-08-06T03:30:35+00:00
2025-10,通信工程,通信与电子技术,政府信息系统开发岗,4,3,0.75,22,18,0.818182,2023-10,2023-10,24,1,0,12,12,-0.019231,-0.015151,1,2026-08-06T03:30:35+00:00
2023-10,通信工程,通信与电子技术,政府信息系统运维岗,109,18,0.165138,109,18,0.165138,2023-10,2023-10,0,1,1,12,12,0.165138,0.165138,1,2026-08-06T03:30:35+00:00
2024-10,通信工程,通信与电子技术,政府信息系统运维岗,246,19,0.077236,355,37,0.104225,2023-10,2023-10,12,1,0,11,12,-0.087902,-0.060913,1,2026-08-06T03:30:35+00:00
2025-10,通信工程,通信与电子技术,政府信息系统运维岗,230,47,0.204348,585,84,0.14359,2023-10,2023-10,24,1,0,12,12,0.127112,0.039365,1,2026-08-06T03:30:35+00:00
2023-10,通信工程,通信与电子技术,政府数字监管与科技执法岗,34,3,0.088235,34,3,0.088235,2023-10,2023-10,0,1,1,12,12,0.088235,0.088235,1,2026-08-06T03:30:35+00:00
2024-10,通信工程,通信与电子技术,政府数字监管与科技执法岗,36,4,0.111111,70,7,0.1,2023-10,2023-10,12,1,0,11,12,0.022876,0.011765,1,2026-08-06T03:30:35+00:00
2025-10,通信工程,通信与电子技术,政府数字监管与科技执法岗,39,8,0.205128,109,15,0.137615,2023-10,2023-10,24,1,0,12,12,0.094017,0.037615,1,2026-08-06T03:30:35+00:00
2023-10,通信工程,通信与电子技术,政府数据治理与统计分析岗,631,21,0.033281,631,21,0.033281,2023-10,2023-10,0,1,1,12,12,0.033281,0.033281,1,2026-08-06T03:30:35+00:00
2024-10,通信工程,通信与电子技术,政府数据治理与统计分析岗,638,33,0.051724,1269,54,0.042553,2023-10,2023-10,12,1,0,11,12,0.018443,0.009272,1,2026-08-06T03:30:35+00:00
2025-10,通信工程,通信与电子技术,政府数据治理与统计分析岗,408,20,0.04902,1677,74,0.044126,2023-10,2023-10,24,1,0,12,12,-0.002704,0.001573,1,2026-08-06T03:30:35+00:00
2023-10,通信工程,通信与电子技术,政府智能化与自动化技术岗,4,1,0.25,4,1,0.25,2023-10,2023-10,0,1,1,12,12,0.25,0.25,1,2026-08-06T03:30:35+00:00
2024-10,通信工程,通信与电子技术,政府智能化与自动化技术岗,6,2,0.333333,10,3,0.3,2023-10,2023-10,12,1,0,11,12,0.083333,0.05,1,2026-08-06T03:30:35+00:00
2025-10,通信工程,通信与电子技术,政府智能化与自动化技术岗,6,1,0.166667,16,4,0.25,2023-10,2023-10,24,1,0,12,12,-0.166666,-0.05,1,2026-08-06T03:30:35+00:00
2023-10,通信工程,通信与电子技术,政府电子数据取证与情报技术岗,4,3,0.75,4,3,0.75,2023-10,2023-10,0,1,1,12,12,0.75,0.75,1,2026-08-06T03:30:35+00:00
2024-10,通信工程,通信与电子技术,政府电子数据取证与情报技术岗,1,0,0.0,5,3,0.6,2023-10,2023-10,12,1,0,11,12,-0.75,-0.15,1,2026-08-06T03:30:35+00:00
2025-10,通信工程,通信与电子技术,政府电子数据取证与情报技术岗,5,2,0.4,10,5,0.5,2023-10,2023-10,24,1,0,12,12,0.4,-0.1,1,2026-08-06T03:30:35+00:00
2023-10,通信工程,通信与电子技术,政府网络与数据安全岗,38,7,0.184211,38,7,0.184211,2023-10,2023-10,0,1,1,12,12,0.184211,0.184211,1,2026-08-06T03:30:35+00:00
2024-10,通信工程,通信与电子技术,政府网络与数据安全岗,44,15,0.340909,82,22,0.268293,2023-10,2023-10,12,1,0,11,12,0.156698,0.084082,1,2026-08-06T03:30:35+00:00
2025-10,通信工程,通信与电子技术,政府网络与数据安全岗,26,7,0.269231,108,29,0.268519,2023-10,2023-10,24,1,0,12,12,-0.071678,0.000226,1,2026-08-06T03:30:35+00:00
2023-10,通信工程,通信与电子技术,政府网络与通信运维岗,13,11,0.846154,13,11,0.846154,2023-10,2023-10,0,1,1,12,12,0.846154,0.846154,1,2026-08-06T03:30:35+00:00
2024-10,通信工程,通信与电子技术,政府网络与通信运维岗,8,5,0.625,21,16,0.761905,2023-10,2023-10,12,1,0,11,12,-0.221154,-0.084249,1,2026-08-06T03:30:35+00:00
2025-10,通信工程,通信与电子技术,政府网络与通信运维岗,11,6,0.545455,32,22,0.6875,2023-10,2023-10,24,1,0,12,12,-0.079545,-0.074405,1,2026-08-06T03:30:35+00:00
2023-10,通信工程,通信与电子技术,政府警务信息技术保障岗,40,12,0.3,40,12,0.3,2023-10,2023-10,0,1,1,12,12,0.3,0.3,1,2026-08-06T03:30:35+00:00
2024-10,通信工程,通信与电子技术,政府警务信息技术保障岗,24,4,0.166667,64,16,0.25,2023-10,2023-10,12,1,0,11,12,-0.133333,-0.05,1,2026-08-06T03:30:35+00:00
2025-10,通信工程,通信与电子技术,政府警务信息技术保障岗,24,12,0.5,88,28,0.318182,2023-10,2023-10,24,1,0,12,12,0.333333,0.068182,1,2026-08-06T03:30:35+00:00
2023-10,通信工程,通信与电子技术,政府通信电子技术岗,7,3,0.428571,7,3,0.428571,2023-10,2023-10,0,1,1,12,12,0.428571,0.428571,1,2026-08-06T03:30:35+00:00
2024-10,通信工程,通信与电子技术,政府通信电子技术岗,11,7,0.636364,18,10,0.555556,2023-10,2023-10,12,1,0,11,12,0.207793,0.126985,1,2026-08-06T03:30:35+00:00
2025-10,通信工程,通信与电子技术,政府通信电子技术岗,2,2,1.0,20,12,0.6,2023-10,2023-10,24,1,0,12,12,0.363636,0.044444,1,2026-08-06T03:30:35+00:00
2023-10,通信工程,通信与电子技术,政府通用计算机技术岗,37,2,0.054054,37,2,0.054054,2023-10,2023-10,0,1,1,12,12,0.054054,0.054054,1,2026-08-06T03:30:35+00:00
2024-10,通信工程,通信与电子技术,政府通用计算机技术岗,38,1,0.026316,75,3,0.04,2023-10,2023-10,12,1,0,11,12,-0.027738,-0.014054,1,2026-08-06T03:30:35+00:00
2025-10,通信工程,通信与电子技术,政府通用计算机技术岗,35,3,0.085714,110,6,0.054545,2023-10,2023-10,24,1,0,12,12,0.059398,0.014545,1,2026-08-06T03:30:35+00:00
2024-10,遥感技术,空间信息技术,政府信息化建设与管理岗,56,1,0.017857,142,1,0.007042,2024-10,2023-10,12,0,1,2,3,0.017857,0.007042,1,2026-08-06T03:30:35+00:00
2025-10,遥感技术,空间信息技术,政府信息化建设与管理岗,73,1,0.013699,215,2,0.009302,2024-10,2023-10,24,0,0,3,4,-0.004158,0.00226,1,2026-08-06T03:30:35+00:00
2023-10,遥感技术,空间信息技术,政府地理信息与空间数据技术岗,5,4,0.8,5,4,0.8,2023-10,2023-10,0,1,1,2,2,0.8,0.8,1,2026-08-06T03:30:35+00:00
2023-10,遥感技术,空间信息技术,政府数据治理与统计分析岗,631,1,0.001585,631,1,0.001585,2023-10,2023-10,0,1,1,2,2,0.001585,0.001585,1,2026-08-06T03:30:35+00:00
2024-10,遥感技术,空间信息技术,政府数据治理与统计分析岗,638,8,0.012539,1269,9,0.007092,2023-10,2023-10,12,1,0,2,3,0.010954,0.005507,1,2026-08-06T03:30:35+00:00
2025-10,遥感技术,空间信息技术,政府数据治理与统计分析岗,408,11,0.026961,1677,20,0.011926,2023-10,2023-10,24,1,0,3,4,0.014422,0.004834,1,2026-08-06T03:30:35+00:00
2025-10,遥感技术,空间信息技术,政府网络与数据安全岗,26,1,0.038462,108,1,0.009259,2025-10,2023-10,24,0,1,3,4,0.038462,0.009259,1,2026-08-06T03:30:35+00:00
