month,standard_job,skill,kg_display_skill,monthly_jd_count,monthly_skill_count,monthly_skill_frequency,cumulative_jd_count,cumulative_skill_count,cumulative_skill_frequency,snapshot_skill_status,is_core_skill,rank_in_month,updated_at
2024-10,政府人工智能专利审查与技术监管岗,人工智能,智能化技术,1,1,1.0,1,1,1.0,稳定核心技能,1,1,2026-08-06T03:30:35+00:00
2024-10,政府人工智能专利审查与技术监管岗,信息安全,网络与安全,1,1,1.0,1,1,1.0,稳定核心技能,1,2,2026-08-06T03:30:35+00:00
2024-10,政府人工智能专利审查与技术监管岗,密码技术,网络与安全,1,1,1.0,1,1,1.0,稳定核心技能,1,3,2026-08-06T03:30:35+00:00
2024-10,政府人工智能专利审查与技术监管岗,数据科学与大数据技术,数据与统计,1,1,1.0,1,1,1.0,稳定核心技能,1,4,2026-08-06T03:30:35+00:00
2024-10,政府人工智能专利审查与技术监管岗,物联网工程,智能化技术,1,1,1.0,1,1,1.0,稳定核心技能,1,5,2026-08-06T03:30:35+00:00
2024-10,政府人工智能专利审查与技术监管岗,计算机科学与技术,计算机基础,1,1,1.0,1,1,1.0,稳定核心技能,1,6,2026-08-06T03:30:35+00:00
2024-10,政府人工智能专利审查与技术监管岗,软件工程,软件工程,1,1,1.0,1,1,1.0,稳定核心技能,1,7,2026-08-06T03:30:35+00:00
2023-10,政府信息化审计岗,计算机科学与技术,计算机基础,1,1,1.0,1,1,1.0,稳定核心技能,1,1,2026-08-06T03:30:35+00:00
2025-10,政府信息化审计岗,数据科学与大数据技术,数据与统计,1,1,1.0,2,1,0.5,稳定核心技能,1,1,2026-08-06T03:30:35+00:00
2025-10,政府信息化审计岗,电子信息,通信与电子技术,1,1,1.0,2,1,0.5,稳定核心技能,1,2,2026-08-06T03:30:35+00:00
2025-10,政府信息化审计岗,统计学,数据与统计,1,1,1.0,2,1,0.5,稳定核心技能,1,3,2026-08-06T03:30:35+00:00
2025-10,政府信息化审计岗,计算机科学与技术,计算机基础,1,0,0.0,2,1,0.5,当月未出现,0,,2026-08-06T03:30:35+00:00
2023-10,政府信息化建设与管理岗,人工智能,智能化技术,86,9,0.104651,86,9,0.104651,当月活跃技能,0,10,2026-08-06T03:30:35+00:00
2023-10,政府信息化建设与管理岗,信息化建设,政务信息化,86,6,0.069767,86,6,0.069767,当月活跃技能,0,12,2026-08-06T03:30:35+00:00
2023-10,政府信息化建设与管理岗,信息安全,网络与安全,86,18,0.209302,86,18,0.209302,当月活跃技能,0,4,2026-08-06T03:30:35+00:00
2023-10,政府信息化建设与管理岗,信息管理与信息系统,政务信息化,86,4,0.046512,86,4,0.046512,当月活跃技能,0,16,2026-08-06T03:30:35+00:00
2023-10,政府信息化建设与管理岗,信息系统,政务信息化,86,8,0.093023,86,8,0.093023,当月活跃技能,0,11,2026-08-06T03:30:35+00:00
2023-10,政府信息化建设与管理岗,大数据管理与应用,政务信息化,86,3,0.034884,86,3,0.034884,当月活跃技能,0,17,2026-08-06T03:30:35+00:00
2023-10,政府信息化建设与管理岗,密码技术,网络与安全,86,3,0.034884,86,3,0.034884,当月活跃技能,0,18,2026-08-06T03:30:35+00:00
2023-10,政府信息化建设与管理岗,数据科学与大数据技术,数据与统计,86,13,0.151163,86,13,0.151163,当月活跃技能,0,6,2026-08-06T03:30:35+00:00
2023-10,政府信息化建设与管理岗,数据管理,数据与统计,86,3,0.034884,86,3,0.034884,当月活跃技能,0,19,2026-08-06T03:30:35+00:00
2023-10,政府信息化建设与管理岗,数据计算及应用,数据与统计,86,2,0.023256,86,2,0.023256,当月活跃技能,0,20,2026-08-06T03:30:35+00:00
2023-10,政府信息化建设与管理岗,物联网工程,智能化技术,86,6,0.069767,86,6,0.069767,当月活跃技能,0,13,2026-08-06T03:30:35+00:00
2023-10,政府信息化建设与管理岗,电子信息,通信与电子技术,86,49,0.569767,86,49,0.569767,稳定核心技能,1,2,2026-08-06T03:30:35+00:00
2023-10,政府信息化建设与管理岗,电子信息工程,通信与电子技术,86,6,0.069767,86,6,0.069767,当月活跃技能,0,14,2026-08-06T03:30:35+00:00
2023-10,政府信息化建设与管理岗,统计学,数据与统计,86,5,0.05814,86,5,0.05814,当月活跃技能,0,15,2026-08-06T03:30:35+00:00
2023-10,政府信息化建设与管理岗,网络工程,网络与基础设施,86,17,0.197674,86,17,0.197674,当月活跃技能,0,5,2026-08-06T03:30:35+00:00
2023-10,政府信息化建设与管理岗,网络空间安全,网络与安全,86,13,0.151163,86,13,0.151163,当月活跃技能,0,7,2026-08-06T03:30:35+00:00
2023-10,政府信息化建设与管理岗,自动化,智能化技术,86,10,0.116279,86,10,0.116279,当月活跃技能,0,9,2026-08-06T03:30:35+00:00
2023-10,政府信息化建设与管理岗,计算机科学与技术,计算机基础,86,68,0.790698,86,68,0.790698,稳定核心技能,1,1,2026-08-06T03:30:35+00:00
2023-10,政府信息化建设与管理岗,软件工程,软件工程,86,28,0.325581,86,28,0.325581,稳定核心技能,1,3,2026-08-06T03:30:35+00:00
2023-10,政府信息化建设与管理岗,通信工程,通信与电子技术,86,13,0.151163,86,13,0.151163,当月活跃技能,0,8,2026-08-06T03:30:35+00:00
2024-10,政府信息化建设与管理岗,人工智能,智能化技术,56,6,0.107143,142,15,0.105634,当月活跃技能,0,7,2026-08-06T03:30:35+00:00
2024-10,政府信息化建设与管理岗,信息化建设,政务信息化,56,14,0.25,142,20,0.140845,当月活跃技能,0,4,2026-08-06T03:30:35+00:00
2024-10,政府信息化建设与管理岗,信息安全,网络与安全,56,3,0.053571,142,21,0.147887,当月活跃技能,0,10,2026-08-06T03:30:35+00:00
2024-10,政府信息化建设与管理岗,信息管理与信息系统,政务信息化,56,0,0.0,142,4,0.028169,当月未出现,0,,2026-08-06T03:30:35+00:00
2024-10,政府信息化建设与管理岗,信息系统,政务信息化,56,0,0.0,142,8,0.056338,当月未出现,0,,2026-08-06T03:30:35+00:00
2024-10,政府信息化建设与管理岗,大数据管理与应用,政务信息化,56,0,0.0,142,3,0.021127,当月未出现,0,,2026-08-06T03:30:35+00:00
2024-10,政府信息化建设与管理岗,密码技术,网络与安全,56,1,0.017857,142,4,0.028169,当月活跃技能,0,12,2026-08-06T03:30:35+00:00
2024-10,政府信息化建设与管理岗,数据科学与大数据技术,数据与统计,56,4,0.071429,142,17,0.119718,当月活跃技能,0,8,2026-08-06T03:30:35+00:00
2024-10,政府信息化建设与管理岗,数据管理,数据与统计,56,0,0.0,142,3,0.021127,当月未出现,0,,2026-08-06T03:30:35+00:00
2024-10,政府信息化建设与管理岗,数据计算及应用,数据与统计,56,0,0.0,142,2,0.014085,当月未出现,0,,2026-08-06T03:30:35+00:00
2024-10,政府信息化建设与管理岗,物联网工程,智能化技术,56,1,0.017857,142,7,0.049296,当月活跃技能,0,13,2026-08-06T03:30:35+00:00
2024-10,政府信息化建设与管理岗,电子信息,通信与电子技术,56,46,0.821429,142,95,0.669014,稳定核心技能,1,2,2026-08-06T03:30:35+00:00
2024-10,政府信息化建设与管理岗,电子信息工程,通信与电子技术,56,0,0.0,142,6,0.042254,当月未出现,0,,2026-08-06T03:30:35+00:00
2024-10,政府信息化建设与管理岗,统计学,数据与统计,56,0,0.0,142,5,0.035211,当月未出现,0,,2026-08-06T03:30:35+00:00
2024-10,政府信息化建设与管理岗,网络工程,网络与基础设施,56,3,0.053571,142,20,0.140845,当月活跃技能,0,11,2026-08-06T03:30:35+00:00
2024-10,政府信息化建设与管理岗,网络空间安全,网络与安全,56,7,0.125,142,20,0.140845,当月活跃技能,0,6,2026-08-06T03:30:35+00:00
2024-10,政府信息化建设与管理岗,自动化,智能化技术,56,4,0.071429,142,14,0.098592,当月活跃技能,0,9,2026-08-06T03:30:35+00:00
2024-10,政府信息化建设与管理岗,计算机科学与技术,计算机基础,56,51,0.910714,142,119,0.838028,稳定核心技能,1,1,2026-08-06T03:30:35+00:00
2024-10,政府信息化建设与管理岗,软件工程,软件工程,56,15,0.267857,142,43,0.302817,稳定核心技能,1,3,2026-08-06T03:30:35+00:00
2024-10,政府信息化建设与管理岗,通信工程,通信与电子技术,56,8,0.142857,142,21,0.147887,当月活跃技能,0,5,2026-08-06T03:30:35+00:00
2024-10,政府信息化建设与管理岗,遥感技术,空间信息技术,56,1,0.017857,142,1,0.007042,当月活跃技能,0,14,2026-08-06T03:30:35+00:00
2025-10,政府信息化建设与管理岗,人工智能,智能化技术,73,11,0.150685,215,26,0.12093,当月活跃技能,0,5,2026-08-06T03:30:35+00:00
2025-10,政府信息化建设与管理岗,信息化建设,政务信息化,73,19,0.260274,215,39,0.181395,当月活跃技能,0,3,2026-08-06T03:30:35+00:00
2025-10,政府信息化建设与管理岗,信息安全,网络与安全,73,8,0.109589,215,29,0.134884,当月活跃技能,0,8,2026-08-06T03:30:35+00:00
2025-10,政府信息化建设与管理岗,信息管理与信息系统,政务信息化,73,0,0.0,215,4,0.018605,当月未出现,0,,2026-08-06T03:30:35+00:00
2025-10,政府信息化建设与管理岗,信息系统,政务信息化,73,3,0.041096,215,11,0.051163,当月活跃技能,0,10,2026-08-06T03:30:35+00:00
2025-10,政府信息化建设与管理岗,大数据管理与应用,政务信息化,73,0,0.0,215,3,0.013953,当月未出现,0,,2026-08-06T03:30:35+00:00
2025-10,政府信息化建设与管理岗,密码技术,网络与安全,73,0,0.0,215,4,0.018605,当月未出现,0,,2026-08-06T03:30:35+00:00
2025-10,政府信息化建设与管理岗,数据科学与大数据技术,数据与统计,73,10,0.136986,215,27,0.125581,当月活跃技能,0,7,2026-08-06T03:30:35+00:00
2025-10,政府信息化建设与管理岗,数据管理,数据与统计,73,0,0.0,215,3,0.013953,当月未出现,0,,2026-08-06T03:30:35+00:00
2025-10,政府信息化建设与管理岗,数据计算及应用,数据与统计,73,0,0.0,215,2,0.009302,当月未出现,0,,2026-08-06T03:30:35+00:00
2025-10,政府信息化建设与管理岗,物联网工程,智能化技术,73,0,0.0,215,7,0.032558,当月未出现,0,,2026-08-06T03:30:35+00:00
2025-10,政府信息化建设与管理岗,电子信息,通信与电子技术,73,62,0.849315,215,157,0.730233,稳定核心技能,1,2,2026-08-06T03:30:35+00:00
2025-10,政府信息化建设与管理岗,电子信息工程,通信与电子技术,73,0,0.0,215,6,0.027907,当月未出现,0,,2026-08-06T03:30:35+00:00
2025-10,政府信息化建设与管理岗,统计分析,数据与统计,73,1,0.013699,215,1,0.004651,当月活跃技能,0,12,2026-08-06T03:30:35+00:00
2025-10,政府信息化建设与管理岗,统计学,数据与统计,73,2,0.027397,215,7,0.032558,当月活跃技能,0,11,2026-08-06T03:30:35+00:00
2025-10,政府信息化建设与管理岗,网络工程,网络与基础设施,73,1,0.013699,215,21,0.097674,当月活跃技能,0,13,2026-08-06T03:30:35+00:00
2025-10,政府信息化建设与管理岗,网络空间安全,网络与安全,73,11,0.150685,215,31,0.144186,当月活跃技能,0,6,2026-08-06T03:30:35+00:00
2025-10,政府信息化建设与管理岗,自动化,智能化技术,73,1,0.013699,215,15,0.069767,当月活跃技能,0,14,2026-08-06T03:30:35+00:00
2025-10,政府信息化建设与管理岗,计算机科学与技术,计算机基础,73,72,0.986301,215,191,0.888372,稳定核心技能,1,1,2026-08-06T03:30:35+00:00
2025-10,政府信息化建设与管理岗,软件工程,软件工程,73,19,0.260274,215,62,0.288372,稳定核心技能,1,4,2026-08-06T03:30:35+00:00
2025-10,政府信息化建设与管理岗,通信工程,通信与电子技术,73,5,0.068493,215,26,0.12093,当月活跃技能,0,9,2026-08-06T03:30:35+00:00
2025-10,政府信息化建设与管理岗,遥感技术,空间信息技术,73,1,0.013699,215,2,0.009302,当月活跃技能,0,15,2026-08-06T03:30:35+00:00
2023-10,政府信息系统开发岗,信息系统,政务信息化,5,2,0.4,5,2,0.4,稳定核心技能,1,7,2026-08-06T03:30:35+00:00
2023-10,政府信息系统开发岗,电子信息,通信与电子技术,5,5,1.0,5,5,1.0,稳定核心技能,1,1,2026-08-06T03:30:35+00:00
2023-10,政府信息系统开发岗,网络空间安全,网络与安全,5,4,0.8,5,4,0.8,稳定核心技能,1,5,2026-08-06T03:30:35+00:00
2023-10,政府信息系统开发岗,自动化,智能化技术,5,3,0.6,5,3,0.6,稳定核心技能,1,6,2026-08-06T03:30:35+00:00
2023-10,政府信息系统开发岗,计算机科学与技术,计算机基础,5,5,1.0,5,5,1.0,稳定核心技能,1,2,2026-08-06T03:30:35+00:00
2023-10,政府信息系统开发岗,软件工程,软件工程,5,5,1.0,5,5,1.0,稳定核心技能,1,3,2026-08-06T03:30:35+00:00
2023-10,政府信息系统开发岗,通信工程,通信与电子技术,5,5,1.0,5,5,1.0,稳定核心技能,1,4,2026-08-06T03:30:35+00:00
2024-10,政府信息系统开发岗,信息安全,网络与安全,13,1,0.076923,18,1,0.055556,当月活跃技能,0,8,2026-08-06T03:30:35+00:00
2024-10,政府信息系统开发岗,信息管理与信息系统,政务信息化,13,1,0.076923,18,1,0.055556,当月活跃技能,0,9,2026-08-06T03:30:35+00:00
2024-10,政府信息系统开发岗,信息系统,政务信息化,13,3,0.230769,18,5,0.277778,当月活跃技能,0,6,2026-08-06T03:30:35+00:00
2024-10,政府信息系统开发岗,大数据管理与应用,政务信息化,13,1,0.076923,18,1,0.055556,当月活跃技能,0,10,2026-08-06T03:30:35+00:00
2024-10,政府信息系统开发岗,数据分析,数据与统计,13,1,0.076923,18,1,0.055556,当月活跃技能,0,11,2026-08-06T03:30:35+00:00
2024-10,政府信息系统开发岗,数据管理,数据与统计,13,1,0.076923,18,1,0.055556,当月活跃技能,0,12,2026-08-06T03:30:35+00:00
2024-10,政府信息系统开发岗,电子信息,通信与电子技术,13,10,0.769231,18,15,0.833333,稳定核心技能,1,3,2026-08-06T03:30:35+00:00
2024-10,政府信息系统开发岗,电子信息工程,通信与电子技术,13,1,0.076923,18,1,0.055556,当月活跃技能,0,13,2026-08-06T03:30:35+00:00
2024-10,政府信息系统开发岗,统计学,数据与统计,13,1,0.076923,18,1,0.055556,当月活跃技能,0,14,2026-08-06T03:30:35+00:00
2024-10,政府信息系统开发岗,网络空间安全,网络与安全,13,3,0.230769,18,7,0.388889,当月活跃技能,0,7,2026-08-06T03:30:35+00:00
2024-10,政府信息系统开发岗,自动化,智能化技术,13,7,0.538462,18,10,0.555556,稳定核心技能,1,5,2026-08-06T03:30:35+00:00
2024-10,政府信息系统开发岗,计算机科学与技术,计算机基础,13,11,0.846154,18,16,0.888889,稳定核心技能,1,2,2026-08-06T03:30:35+00:00
2024-10,政府信息系统开发岗,软件工程,软件工程,13,12,0.923077,18,17,0.944444,稳定核心技能,1,1,2026-08-06T03:30:35+00:00
2024-10,政府信息系统开发岗,通信工程,通信与电子技术,13,10,0.769231,18,15,0.833333,稳定核心技能,1,4,2026-08-06T03:30:35+00:00
2025-10,政府信息系统开发岗,人工智能,智能化技术,4,1,0.25,22,1,0.045455,当月活跃技能,0,6,2026-08-06T03:30:35+00:00
2025-10,政府信息系统开发岗,信息安全,网络与安全,4,1,0.25,22,2,0.090909,当月活跃技能,0,7,2026-08-06T03:30:35+00:00
2025-10,政府信息系统开发岗,信息管理与信息系统,政务信息化,4,0,0.0,22,1,0.045455,当月未出现,0,,2026-08-06T03:30:35+00:00
2025-10,政府信息系统开发岗,信息系统,政务信息化,4,0,0.0,22,5,0.227273,当月未出现,0,,2026-08-06T03:30:35+00:00
2025-10,政府信息系统开发岗,大数据管理与应用,政务信息化,4,0,0.0,22,1,0.045455,当月未出现,0,,2026-08-06T03:30:35+00:00
2025-10,政府信息系统开发岗,数据分析,数据与统计,4,0,0.0,22,1,0.045455,当月未出现,0,,2026-08-06T03:30:35+00:00
2025-10,政府信息系统开发岗,数据科学与大数据技术,数据与统计,4,1,0.25,22,1,0.045455,当月活跃技能,0,8,2026-08-06T03:30:35+00:00
2025-10,政府信息系统开发岗,数据管理,数据与统计,4,0,0.0,22,1,0.045455,当月未出现,0,,2026-08-06T03:30:35+00:00
2025-10,政府信息系统开发岗,电子信息,通信与电子技术,4,3,0.75,22,18,0.818182,稳定核心技能,1,1,2026-08-06T03:30:35+00:00
2025-10,政府信息系统开发岗,电子信息工程,通信与电子技术,4,1,0.25,22,2,0.090909,当月活跃技能,0,9,2026-08-06T03:30:35+00:00
2025-10,政府信息系统开发岗,系统运维,网络与基础设施,4,1,0.25,22,1,0.045455,当月活跃技能,0,10,2026-08-06T03:30:35+00:00
2025-10,政府信息系统开发岗,统计学,数据与统计,4,0,0.0,22,1,0.045455,当月未出现,0,,2026-08-06T03:30:35+00:00
2025-10,政府信息系统开发岗,网络空间安全,网络与安全,4,2,0.5,22,9,0.409091,稳定核心技能,1,5,2026-08-06T03:30:35+00:00
2025-10,政府信息系统开发岗,自动化,智能化技术,4,1,0.25,22,11,0.5,稳定核心技能,1,11,2026-08-06T03:30:35+00:00
2025-10,政府信息系统开发岗,计算机科学与技术,计算机基础,4,3,0.75,22,19,0.863636,稳定核心技能,1,2,2026-08-06T03:30:35+00:00
2025-10,政府信息系统开发岗,软件工程,软件工程,4,3,0.75,22,20,0.909091,稳定核心技能,1,3,2026-08-06T03:30:35+00:00
2025-10,政府信息系统开发岗,通信工程,通信与电子技术,4,3,0.75,22,18,0.818182,稳定核心技能,1,4,2026-08-06T03:30:35+00:00
2023-10,政府信息系统运维岗,人工智能,智能化技术,109,2,0.018349,109,2,0.018349,当月活跃技能,0,13,2026-08-06T03:30:35+00:00
2023-10,政府信息系统运维岗,信息安全,网络与安全,109,19,0.174312,109,19,0.174312,当月活跃技能,0,6,2026-08-06T03:30:35+00:00
2023-10,政府信息系统运维岗,信息系统,政务信息化,109,100,0.917431,109,100,0.917431,稳定核心技能,1,2,2026-08-06T03:30:35+00:00
2023-10,政府信息系统运维岗,数据科学与大数据技术,数据与统计,109,2,0.018349,109,2,0.018349,当月活跃技能,0,14,2026-08-06T03:30:35+00:00
2023-10,政府信息系统运维岗,物联网工程,智能化技术,109,17,0.155963,109,17,0.155963,当月活跃技能,0,8,2026-08-06T03:30:35+00:00
2023-10,政府信息系统运维岗,电子信息,通信与电子技术,109,12,0.110092,109,12,0.110092,当月活跃技能,0,9,2026-08-06T03:30:35+00:00
2023-10,政府信息系统运维岗,电子信息工程,通信与电子技术,109,12,0.110092,109,12,0.110092,当月活跃技能,0,10,2026-08-06T03:30:35+00:00
2023-10,政府信息系统运维岗,系统运维,网络与基础设施,109,107,0.981651,109,107,0.981651,稳定核心技能,1,1,2026-08-06T03:30:35+00:00
2023-10,政府信息系统运维岗,统计学,数据与统计,109,1,0.009174,109,1,0.009174,当月活跃技能,0,15,2026-08-06T03:30:35+00:00
2023-10,政府信息系统运维岗,网络工程,网络与基础设施,109,24,0.220183,109,24,0.220183,当月活跃技能,0,5,2026-08-06T03:30:35+00:00
2023-10,政府信息系统运维岗,网络空间安全,网络与安全,109,5,0.045872,109,5,0.045872,当月活跃技能,0,12,2026-08-06T03:30:35+00:00
2023-10,政府信息系统运维岗,自动化,智能化技术,109,12,0.110092,109,12,0.110092,当月活跃技能,0,11,2026-08-06T03:30:35+00:00
2023-10,政府信息系统运维岗,计算机科学与技术,计算机基础,109,90,0.825688,109,90,0.825688,稳定核心技能,1,3,2026-08-06T03:30:35+00:00
2023-10,政府信息系统运维岗,软件工程,软件工程,109,36,0.330275,109,36,0.330275,稳定核心技能,1,4,2026-08-06T03:30:35+00:00
2023-10,政府信息系统运维岗,通信工程,通信与电子技术,109,18,0.165138,109,18,0.165138,当月活跃技能,0,7,2026-08-06T03:30:35+00:00
2024-10,政府信息系统运维岗,人工智能,智能化技术,246,1,0.004065,355,3,0.008451,当月活跃技能,0,13,2026-08-06T03:30:35+00:00
2024-10,政府信息系统运维岗,信息安全,网络与安全,246,94,0.382114,355,113,0.31831,稳定核心技能,1,5,2026-08-06T03:30:35+00:00
2024-10,政府信息系统运维岗,信息系统,政务信息化,246,243,0.987805,355,343,0.966197,稳定核心技能,1,3,2026-08-06T03:30:35+00:00
2024-10,政府信息系统运维岗,数据科学与大数据技术,数据与统计,246,41,0.166667,355,43,0.121127,当月活跃技能,0,9,2026-08-06T03:30:35+00:00
2024-10,政府信息系统运维岗,物联网工程,智能化技术,246,34,0.138211,355,51,0.143662,当月活跃技能,0,10,2026-08-06T03:30:35+00:00
2024-10,政府信息系统运维岗,电子信息,通信与电子技术,246,57,0.231707,355,69,0.194366,当月活跃技能,0,8,2026-08-06T03:30:35+00:00
2024-10,政府信息系统运维岗,电子信息工程,通信与电子技术,246,4,0.01626,355,16,0.04507,当月活跃技能,0,12,2026-08-06T03:30:35+00:00
2024-10,政府信息系统运维岗,系统运维,网络与基础设施,246,245,0.995935,355,352,0.991549,稳定核心技能,1,1,2026-08-06T03:30:35+00:00
2024-10,政府信息系统运维岗,统计学,数据与统计,246,0,0.0,355,1,0.002817,当月未出现,0,,2026-08-06T03:30:35+00:00
2024-10,政府信息系统运维岗,网络工程,网络与基础设施,246,80,0.325203,355,104,0.292958,稳定核心技能,1,7,2026-08-06T03:30:35+00:00
2024-10,政府信息系统运维岗,网络空间安全,网络与安全,246,89,0.361789,355,94,0.264789,稳定核心技能,1,6,2026-08-06T03:30:35+00:00
2024-10,政府信息系统运维岗,自动化,智能化技术,246,1,0.004065,355,13,0.03662,当月活跃技能,0,14,2026-08-06T03:30:35+00:00
2024-10,政府信息系统运维岗,计算机科学与技术,计算机基础,246,245,0.995935,355,335,0.943662,稳定核心技能,1,2,2026-08-06T03:30:35+00:00
2024-10,政府信息系统运维岗,软件工程,软件工程,246,155,0.630081,355,191,0.538028,稳定核心技能,1,4,2026-08-06T03:30:35+00:00
2024-10,政府信息系统运维岗,通信工程,通信与电子技术,246,19,0.077236,355,37,0.104225,当月活跃技能,0,11,2026-08-06T03:30:35+00:00
2025-10,政府信息系统运维岗,人工智能,智能化技术,230,23,0.1,585,26,0.044444,当月活跃技能,0,15,2026-08-06T03:30:35+00:00
2025-10,政府信息系统运维岗,信息化建设,政务信息化,230,1,0.004348,585,1,0.001709,当月活跃技能,0,19,2026-08-06T03:30:35+00:00
2025-10,政府信息系统运维岗,信息安全,网络与安全,230,98,0.426087,585,211,0.360684,稳定核心技能,1,5,2026-08-06T03:30:35+00:00
2025-10,政府信息系统运维岗,信息管理与信息系统,政务信息化,230,27,0.117391,585,27,0.046154,当月活跃技能,0,12,2026-08-06T03:30:35+00:00
2025-10,政府信息系统运维岗,信息系统,政务信息化,230,222,0.965217,585,565,0.965812,稳定核心技能,1,3,2026-08-06T03:30:35+00:00
2025-10,政府信息系统运维岗,大数据管理与应用,政务信息化,230,27,0.117391,585,27,0.046154,当月活跃技能,0,13,2026-08-06T03:30:35+00:00
2025-10,政府信息系统运维岗,数据分析,数据与统计,230,2,0.008696,585,2,0.003419,当月活跃技能,0,18,2026-08-06T03:30:35+00:00
2025-10,政府信息系统运维岗,数据科学与大数据技术,数据与统计,230,87,0.378261,585,130,0.222222,当月活跃技能,0,7,2026-08-06T03:30:35+00:00
2025-10,政府信息系统运维岗,数据管理,数据与统计,230,27,0.117391,585,27,0.046154,当月活跃技能,0,14,2026-08-06T03:30:35+00:00
2025-10,政府信息系统运维岗,物联网工程,智能化技术,230,41,0.178261,585,92,0.157265,当月活跃技能,0,11,2026-08-06T03:30:35+00:00
2025-10,政府信息系统运维岗,电子信息,通信与电子技术,230,82,0.356522,585,151,0.25812,稳定核心技能,1,8,2026-08-06T03:30:35+00:00
2025-10,政府信息系统运维岗,电子信息工程,通信与电子技术,230,5,0.021739,585,21,0.035897,当月活跃技能,0,16,2026-08-06T03:30:35+00:00
2025-10,政府信息系统运维岗,系统运维,网络与基础设施,230,229,0.995652,585,581,0.993162,稳定核心技能,1,1,2026-08-06T03:30:35+00:00
2025-10,政府信息系统运维岗,统计学,数据与统计,230,0,0.0,585,1,0.001709,当月未出现,0,,2026-08-06T03:30:35+00:00
2025-10,政府信息系统运维岗,网络工程,网络与基础设施,230,88,0.382609,585,192,0.328205,稳定核心技能,1,6,2026-08-06T03:30:35+00:00
2025-10,政府信息系统运维岗,网络空间安全,网络与安全,230,48,0.208696,585,142,0.242735,当月活跃技能,0,9,2026-08-06T03:30:35+00:00
2025-10,政府信息系统运维岗,网络运维,网络与基础设施,230,1,0.004348,585,1,0.001709,当月活跃技能,0,20,2026-08-06T03:30:35+00:00
2025-10,政府信息系统运维岗,自动化,智能化技术,230,3,0.013043,585,16,0.02735,当月活跃技能,0,17,2026-08-06T03:30:35+00:00
2025-10,政府信息系统运维岗,计算机科学与技术,计算机基础,230,227,0.986957,585,562,0.960684,稳定核心技能,1,2,2026-08-06T03:30:35+00:00
2025-10,政府信息系统运维岗,软件工程,软件工程,230,136,0.591304,585,327,0.558974,稳定核心技能,1,4,2026-08-06T03:30:35+00:00
2025-10,政府信息系统运维岗,通信工程,通信与电子技术,230,47,0.204348,585,84,0.14359,当月活跃技能,0,10,2026-08-06T03:30:35+00:00
2023-10,政府地理信息与空间数据技术岗,信息系统,政务信息化,5,5,1.0,5,5,1.0,稳定核心技能,1,1,2026-08-06T03:30:35+00:00
2023-10,政府地理信息与空间数据技术岗,地理信息系统,空间信息技术,5,5,1.0,5,5,1.0,稳定核心技能,1,2,2026-08-06T03:30:35+00:00
2023-10,政府地理信息与空间数据技术岗,统计学,数据与统计,5,1,0.2,5,1,0.2,当月活跃技能,0,4,2026-08-06T03:30:35+00:00
2023-10,政府地理信息与空间数据技术岗,计算机科学与技术,计算机基础,5,1,0.2,5,1,0.2,当月活跃技能,0,5,2026-08-06T03:30:35+00:00
2023-10,政府地理信息与空间数据技术岗,遥感技术,空间信息技术,5,4,0.8,5,4,0.8,稳定核心技能,1,3,2026-08-06T03:30:35+00:00
2023-10,政府数字监管与科技执法岗,人工智能,智能化技术,34,8,0.235294,34,8,0.235294,当月活跃技能,0,7,2026-08-06T03:30:35+00:00
2023-10,政府数字监管与科技执法岗,信息安全,网络与安全,34,10,0.294118,34,10,0.294118,稳定核心技能,1,5,2026-08-06T03:30:35+00:00
2023-10,政府数字监管与科技执法岗,信息管理与信息系统,政务信息化,34,4,0.117647,34,4,0.117647,当月活跃技能,0,13,2026-08-06T03:30:35+00:00
2023-10,政府数字监管与科技执法岗,信息系统,政务信息化,34,4,0.117647,34,4,0.117647,当月活跃技能,0,14,2026-08-06T03:30:35+00:00
2023-10,政府数字监管与科技执法岗,大数据管理与应用,政务信息化,34,5,0.147059,34,5,0.147059,当月活跃技能,0,10,2026-08-06T03:30:35+00:00
2023-10,政府数字监管与科技执法岗,密码技术,网络与安全,34,1,0.029412,34,1,0.029412,当月活跃技能,0,19,2026-08-06T03:30:35+00:00
2023-10,政府数字监管与科技执法岗,数据分析,数据与统计,34,1,0.029412,34,1,0.029412,当月活跃技能,0,20,2026-08-06T03:30:35+00:00
2023-10,政府数字监管与科技执法岗,数据科学与大数据技术,数据与统计,34,12,0.352941,34,12,0.352941,稳定核心技能,1,3,2026-08-06T03:30:35+00:00
2023-10,政府数字监管与科技执法岗,数据管理,数据与统计,34,5,0.147059,34,5,0.147059,当月活跃技能,0,11,2026-08-06T03:30:35+00:00
2023-10,政府数字监管与科技执法岗,数据计算及应用,数据与统计,34,3,0.088235,34,3,0.088235,当月活跃技能,0,15,2026-08-06T03:30:35+00:00
2023-10,政府数字监管与科技执法岗,物联网工程,智能化技术,34,6,0.176471,34,6,0.176471,当月活跃技能,0,9,2026-08-06T03:30:35+00:00
2023-10,政府数字监管与科技执法岗,电子信息,通信与电子技术,34,11,0.323529,34,11,0.323529,稳定核心技能,1,4,2026-08-06T03:30:35+00:00
2023-10,政府数字监管与科技执法岗,电子信息工程,通信与电子技术,34,2,0.058824,34,2,0.058824,当月活跃技能,0,17,2026-08-06T03:30:35+00:00
2023-10,政府数字监管与科技执法岗,统计学,数据与统计,34,9,0.264706,34,9,0.264706,稳定核心技能,1,6,2026-08-06T03:30:35+00:00
2023-10,政府数字监管与科技执法岗,网络工程,网络与基础设施,34,8,0.235294,34,8,0.235294,当月活跃技能,0,8,2026-08-06T03:30:35+00:00
2023-10,政府数字监管与科技执法岗,网络空间安全,网络与安全,34,5,0.147059,34,5,0.147059,当月活跃技能,0,12,2026-08-06T03:30:35+00:00
2023-10,政府数字监管与科技执法岗,自动化,智能化技术,34,2,0.058824,34,2,0.058824,当月活跃技能,0,18,2026-08-06T03:30:35+00:00
2023-10,政府数字监管与科技执法岗,计算机科学与技术,计算机基础,34,24,0.705882,34,24,0.705882,稳定核心技能,1,1,2026-08-06T03:30:35+00:00
2023-10,政府数字监管与科技执法岗,软件工程,软件工程,34,17,0.5,34,17,0.5,稳定核心技能,1,2,2026-08-06T03:30:35+00:00
2023-10,政府数字监管与科技执法岗,通信工程,通信与电子技术,34,3,0.088235,34,3,0.088235,当月活跃技能,0,16,2026-08-06T03:30:35+00:00
2024-10,政府数字监管与科技执法岗,人工智能,智能化技术,36,12,0.333333,70,20,0.285714,稳定核心技能,1,7,2026-08-06T03:30:35+00:00
2024-10,政府数字监管与科技执法岗,信息安全,网络与安全,36,19,0.527778,70,29,0.414286,稳定核心技能,1,4,2026-08-06T03:30:35+00:00
2024-10,政府数字监管与科技执法岗,信息管理与信息系统,政务信息化,36,1,0.027778,70,5,0.071429,当月活跃技能,0,15,2026-08-06T03:30:35+00:00
2024-10,政府数字监管与科技执法岗,信息系统,政务信息化,36,2,0.055556,70,6,0.085714,当月活跃技能,0,12,2026-08-06T03:30:35+00:00
2024-10,政府数字监管与科技执法岗,大数据管理与应用,政务信息化,36,1,0.027778,70,6,0.085714,当月活跃技能,0,16,2026-08-06T03:30:35+00:00
2024-10,政府数字监管与科技执法岗,密码技术,网络与安全,36,0,0.0,70,1,0.014286,当月未出现,0,,2026-08-06T03:30:35+00:00
2024-10,政府数字监管与科技执法岗,数据分析,数据与统计,36,1,0.027778,70,2,0.028571,当月活跃技能,0,17,2026-08-06T03:30:35+00:00
2024-10,政府数字监管与科技执法岗,数据科学与大数据技术,数据与统计,36,17,0.472222,70,29,0.414286,稳定核心技能,1,6,2026-08-06T03:30:35+00:00
2024-10,政府数字监管与科技执法岗,数据管理,数据与统计,36,1,0.027778,70,6,0.085714,当月活跃技能,0,18,2026-08-06T03:30:35+00:00
2024-10,政府数字监管与科技执法岗,数据计算及应用,数据与统计,36,1,0.027778,70,4,0.057143,当月活跃技能,0,19,2026-08-06T03:30:35+00:00
2024-10,政府数字监管与科技执法岗,物联网工程,智能化技术,36,7,0.194444,70,13,0.185714,当月活跃技能,0,9,2026-08-06T03:30:35+00:00
2024-10,政府数字监管与科技执法岗,电子信息,通信与电子技术,36,33,0.916667,70,44,0.628571,稳定核心技能,1,1,2026-08-06T03:30:35+00:00
2024-10,政府数字监管与科技执法岗,电子信息工程,通信与电子技术,36,2,0.055556,70,4,0.057143,当月活跃技能,0,13,2026-08-06T03:30:35+00:00
2024-10,政府数字监管与科技执法岗,统计分析,数据与统计,36,3,0.083333,70,3,0.042857,当月活跃技能,0,11,2026-08-06T03:30:35+00:00
2024-10,政府数字监管与科技执法岗,统计学,数据与统计,36,2,0.055556,70,11,0.157143,当月活跃技能,0,14,2026-08-06T03:30:35+00:00
2024-10,政府数字监管与科技执法岗,网络工程,网络与基础设施,36,19,0.527778,70,27,0.385714,稳定核心技能,1,5,2026-08-06T03:30:35+00:00
2024-10,政府数字监管与科技执法岗,网络空间安全,网络与安全,36,12,0.333333,70,17,0.242857,当月活跃技能,0,8,2026-08-06T03:30:35+00:00
2024-10,政府数字监管与科技执法岗,自动化,智能化技术,36,1,0.027778,70,3,0.042857,当月活跃技能,0,20,2026-08-06T03:30:35+00:00
2024-10,政府数字监管与科技执法岗,计算机科学与技术,计算机基础,36,31,0.861111,70,55,0.785714,稳定核心技能,1,2,2026-08-06T03:30:35+00:00
2024-10,政府数字监管与科技执法岗,软件工程,软件工程,36,31,0.861111,70,48,0.685714,稳定核心技能,1,3,2026-08-06T03:30:35+00:00
2024-10,政府数字监管与科技执法岗,通信工程,通信与电子技术,36,4,0.111111,70,7,0.1,当月活跃技能,0,10,2026-08-06T03:30:35+00:00
2025-10,政府数字监管与科技执法岗,人工智能,智能化技术,39,26,0.666667,109,46,0.422018,稳定核心技能,1,6,2026-08-06T03:30:35+00:00
2025-10,政府数字监管与科技执法岗,信息安全,网络与安全,39,27,0.692308,109,56,0.513761,稳定核心技能,1,5,2026-08-06T03:30:35+00:00
2025-10,政府数字监管与科技执法岗,信息管理与信息系统,政务信息化,39,0,0.0,109,5,0.045872,当月未出现,0,,2026-08-06T03:30:35+00:00
2025-10,政府数字监管与科技执法岗,信息系统,政务信息化,39,0,0.0,109,6,0.055046,当月未出现,0,,2026-08-06T03:30:35+00:00
2025-10,政府数字监管与科技执法岗,大数据管理与应用,政务信息化,39,1,0.025641,109,7,0.06422,当月活跃技能,0,15,2026-08-06T03:30:35+00:00
2025-10,政府数字监管与科技执法岗,密码技术,网络与安全,39,0,0.0,109,1,0.009174,当月未出现,0,,2026-08-06T03:30:35+00:00
2025-10,政府数字监管与科技执法岗,数据分析,数据与统计,39,0,0.0,109,2,0.018349,当月未出现,0,,2026-08-06T03:30:35+00:00
2025-10,政府数字监管与科技执法岗,数据科学与大数据技术,数据与统计,39,26,0.666667,109,55,0.504587,稳定核心技能,1,7,2026-08-06T03:30:35+00:00
2025-10,政府数字监管与科技执法岗,数据管理,数据与统计,39,1,0.025641,109,7,0.06422,当月活跃技能,0,16,2026-08-06T03:30:35+00:00
2025-10,政府数字监管与科技执法岗,数据计算及应用,数据与统计,39,3,0.076923,109,7,0.06422,当月活跃技能,0,13,2026-08-06T03:30:35+00:00
2025-10,政府数字监管与科技执法岗,物联网工程,智能化技术,39,10,0.25641,109,23,0.211009,当月活跃技能,0,9,2026-08-06T03:30:35+00:00
2025-10,政府数字监管与科技执法岗,电子信息,通信与电子技术,39,35,0.897436,109,79,0.724771,稳定核心技能,1,1,2026-08-06T03:30:35+00:00
2025-10,政府数字监管与科技执法岗,电子信息工程,通信与电子技术,39,9,0.230769,109,13,0.119266,当月活跃技能,0,10,2026-08-06T03:30:35+00:00
2025-10,政府数字监管与科技执法岗,统计分析,数据与统计,39,4,0.102564,109,7,0.06422,当月活跃技能,0,12,2026-08-06T03:30:35+00:00
2025-10,政府数字监管与科技执法岗,统计学,数据与统计,39,3,0.076923,109,14,0.12844,当月活跃技能,0,14,2026-08-06T03:30:35+00:00
2025-10,政府数字监管与科技执法岗,网络工程,网络与基础设施,39,28,0.717949,109,55,0.504587,稳定核心技能,1,4,2026-08-06T03:30:35+00:00
2025-10,政府数字监管与科技执法岗,网络空间安全,网络与安全,39,14,0.358974,109,31,0.284404,稳定核心技能,1,8,2026-08-06T03:30:35+00:00
2025-10,政府数字监管与科技执法岗,自动化,智能化技术,39,0,0.0,109,3,0.027523,当月未出现,0,,2026-08-06T03:30:35+00:00
2025-10,政府数字监管与科技执法岗,计算机科学与技术,计算机基础,39,30,0.769231,109,85,0.779817,稳定核心技能,1,3,2026-08-06T03:30:35+00:00
2025-10,政府数字监管与科技执法岗,软件工程,软件工程,39,31,0.794872,109,79,0.724771,稳定核心技能,1,2,2026-08-06T03:30:35+00:00
2025-10,政府数字监管与科技执法岗,通信工程,通信与电子技术,39,8,0.205128,109,15,0.137615,当月活跃技能,0,11,2026-08-06T03:30:35+00:00
2023-10,政府数据治理与统计分析岗,人工智能,智能化技术,631,26,0.041204,631,26,0.041204,当月活跃技能,0,18,2026-08-06T03:30:35+00:00
2023-10,政府数据治理与统计分析岗,信息化建设,政务信息化,631,10,0.015848,631,10,0.015848,当月活跃技能,0,22,2026-08-06T03:30:35+00:00
2023-10,政府数据治理与统计分析岗,信息安全,网络与安全,631,61,0.096672,631,61,0.096672,当月活跃技能,0,12,2026-08-06T03:30:35+00:00
2023-10,政府数据治理与统计分析岗,信息管理与信息系统,政务信息化,631,45,0.071315,631,45,0.071315,当月活跃技能,0,13,2026-08-06T03:30:35+00:00
2023-10,政府数据治理与统计分析岗,信息系统,政务信息化,631,70,0.110935,631,70,0.110935,当月活跃技能,0,11,2026-08-06T03:30:35+00:00
2023-10,政府数据治理与统计分析岗,地理信息系统,空间信息技术,631,1,0.001585,631,1,0.001585,当月活跃技能,0,24,2026-08-06T03:30:35+00:00
2023-10,政府数据治理与统计分析岗,大数据管理与应用,政务信息化,631,43,0.068146,631,43,0.068146,当月活跃技能,0,15,2026-08-06T03:30:35+00:00
2023-10,政府数据治理与统计分析岗,密码技术,网络与安全,631,1,0.001585,631,1,0.001585,当月活跃技能,0,25,2026-08-06T03:30:35+00:00
2023-10,政府数据治理与统计分析岗,数据分析,数据与统计,631,151,0.239303,631,151,0.239303,当月活跃技能,0,5,2026-08-06T03:30:35+00:00
2023-10,政府数据治理与统计分析岗,数据处理,数据与统计,631,416,0.659271,631,416,0.659271,稳定核心技能,1,3,2026-08-06T03:30:35+00:00
2023-10,政府数据治理与统计分析岗,数据治理,数据与统计,631,2,0.00317,631,2,0.00317,当月活跃技能,0,23,2026-08-06T03:30:35+00:00
2023-10,政府数据治理与统计分析岗,数据科学与大数据技术,数据与统计,631,73,0.115689,631,73,0.115689,当月活跃技能,0,10,2026-08-06T03:30:35+00:00
2023-10,政府数据治理与统计分析岗,数据管理,数据与统计,631,44,0.069731,631,44,0.069731,当月活跃技能,0,14,2026-08-06T03:30:35+00:00
2023-10,政府数据治理与统计分析岗,数据计算及应用,数据与统计,631,74,0.117274,631,74,0.117274,当月活跃技能,0,8,2026-08-06T03:30:35+00:00
2023-10,政府数据治理与统计分析岗,物联网工程,智能化技术,631,41,0.064976,631,41,0.064976,当月活跃技能,0,16,2026-08-06T03:30:35+00:00
2023-10,政府数据治理与统计分析岗,电子信息,通信与电子技术,631,89,0.141046,631,89,0.141046,当月活跃技能,0,6,2026-08-06T03:30:35+00:00
2023-10,政府数据治理与统计分析岗,系统运维,网络与基础设施,631,39,0.061807,631,39,0.061807,当月活跃技能,0,17,2026-08-06T03:30:35+00:00
2023-10,政府数据治理与统计分析岗,统计分析,数据与统计,631,397,0.62916,631,397,0.62916,稳定核心技能,1,4,2026-08-06T03:30:35+00:00
2023-10,政府数据治理与统计分析岗,统计学,数据与统计,631,474,0.751189,631,474,0.751189,稳定核心技能,1,2,2026-08-06T03:30:35+00:00
2023-10,政府数据治理与统计分析岗,网络工程,网络与基础设施,631,74,0.117274,631,74,0.117274,当月活跃技能,0,9,2026-08-06T03:30:35+00:00
2023-10,政府数据治理与统计分析岗,网络空间安全,网络与安全,631,12,0.019017,631,12,0.019017,当月活跃技能,0,21,2026-08-06T03:30:35+00:00
2023-10,政府数据治理与统计分析岗,网络运维,网络与基础设施,631,1,0.001585,631,1,0.001585,当月活跃技能,0,26,2026-08-06T03:30:35+00:00
2023-10,政府数据治理与统计分析岗,自动化,智能化技术,631,15,0.023772,631,15,0.023772,当月活跃技能,0,20,2026-08-06T03:30:35+00:00
2023-10,政府数据治理与统计分析岗,计算机科学与技术,计算机基础,631,538,0.852615,631,538,0.852615,稳定核心技能,1,1,2026-08-06T03:30:35+00:00
2023-10,政府数据治理与统计分析岗,软件工程,软件工程,631,77,0.122029,631,77,0.122029,当月活跃技能,0,7,2026-08-06T03:30:35+00:00
2023-10,政府数据治理与统计分析岗,通信工程,通信与电子技术,631,21,0.033281,631,21,0.033281,当月活跃技能,0,19,2026-08-06T03:30:35+00:00
2023-10,政府数据治理与统计分析岗,遥感技术,空间信息技术,631,1,0.001585,631,1,0.001585,当月活跃技能,0,27,2026-08-06T03:30:35+00:00
2024-10,政府数据治理与统计分析岗,人工智能,智能化技术,638,25,0.039185,1269,51,0.040189,当月活跃技能,0,20,2026-08-06T03:30:35+00:00
2024-10,政府数据治理与统计分析岗,信息化建设,政务信息化,638,35,0.054859,1269,45,0.035461,当月活跃技能,0,17,2026-08-06T03:30:35+00:00
2024-10,政府数据治理与统计分析岗,信息安全,网络与安全,638,69,0.10815,1269,130,0.102443,当月活跃技能,0,11,2026-08-06T03:30:35+00:00
2024-10,政府数据治理与统计分析岗,信息管理与信息系统,政务信息化,638,22,0.034483,1269,67,0.052797,当月活跃技能,0,21,2026-08-06T03:30:35+00:00
2024-10,政府数据治理与统计分析岗,信息系统,政务信息化,638,67,0.105016,1269,137,0.107959,当月活跃技能,0,12,2026-08-06T03:30:35+00:00
2024-10,政府数据治理与统计分析岗,地理信息系统,空间信息技术,638,3,0.004702,1269,4,0.003152,当月活跃技能,0,25,2026-08-06T03:30:35+00:00
2024-10,政府数据治理与统计分析岗,大数据管理与应用,政务信息化,638,48,0.075235,1269,91,0.07171,当月活跃技能,0,16,2026-08-06T03:30:35+00:00
2024-10,政府数据治理与统计分析岗,密码技术,网络与安全,638,12,0.018809,1269,13,0.010244,当月活跃技能,0,23,2026-08-06T03:30:35+00:00
2024-10,政府数据治理与统计分析岗,情报技术,政法信息技术,638,1,0.001567,1269,1,0.000788,当月活跃技能,0,28,2026-08-06T03:30:35+00:00
2024-10,政府数据治理与统计分析岗,数据分析,数据与统计,638,113,0.177116,1269,264,0.208038,当月活跃技能,0,8,2026-08-06T03:30:35+00:00
2024-10,政府数据治理与统计分析岗,数据处理,数据与统计,638,439,0.688088,1269,855,0.673759,稳定核心技能,1,4,2026-08-06T03:30:35+00:00
2024-10,政府数据治理与统计分析岗,数据治理,数据与统计,638,2,0.003135,1269,4,0.003152,当月活跃技能,0,26,2026-08-06T03:30:35+00:00
2024-10,政府数据治理与统计分析岗,数据科学与大数据技术,数据与统计,638,168,0.263323,1269,241,0.189913,当月活跃技能,0,5,2026-08-06T03:30:35+00:00
2024-10,政府数据治理与统计分析岗,数据管理,数据与统计,638,50,0.07837,1269,94,0.074074,当月活跃技能,0,15,2026-08-06T03:30:35+00:00
2024-10,政府数据治理与统计分析岗,数据计算及应用,数据与统计,638,71,0.111285,1269,145,0.114263,当月活跃技能,0,10,2026-08-06T03:30:35+00:00
2024-10,政府数据治理与统计分析岗,物联网工程,智能化技术,638,13,0.020376,1269,54,0.042553,当月活跃技能,0,22,2026-08-06T03:30:35+00:00
2024-10,政府数据治理与统计分析岗,电子信息,通信与电子技术,638,123,0.19279,1269,212,0.167061,当月活跃技能,0,7,2026-08-06T03:30:35+00:00
2024-10,政府数据治理与统计分析岗,电子信息工程,通信与电子技术,638,2,0.003135,1269,2,0.001576,当月活跃技能,0,27,2026-08-06T03:30:35+00:00
2024-10,政府数据治理与统计分析岗,系统运维,网络与基础设施,638,59,0.092476,1269,98,0.077226,当月活跃技能,0,13,2026-08-06T03:30:35+00:00
2024-10,政府数据治理与统计分析岗,统计分析,数据与统计,638,449,0.703762,1269,846,0.666667,稳定核心技能,1,2,2026-08-06T03:30:35+00:00
2024-10,政府数据治理与统计分析岗,统计学,数据与统计,638,449,0.703762,1269,923,0.727344,稳定核心技能,1,3,2026-08-06T03:30:35+00:00
2024-10,政府数据治理与统计分析岗,网络工程,网络与基础设施,638,104,0.163009,1269,178,0.140268,当月活跃技能,0,9,2026-08-06T03:30:35+00:00
2024-10,政府数据治理与统计分析岗,网络空间安全,网络与安全,638,55,0.086207,1269,67,0.052797,当月活跃技能,0,14,2026-08-06T03:30:35+00:00
2024-10,政府数据治理与统计分析岗,网络运维,网络与基础设施,638,0,0.0,1269,1,0.000788,当月未出现,0,,2026-08-06T03:30:35+00:00
2024-10,政府数据治理与统计分析岗,自动化,智能化技术,638,35,0.054859,1269,50,0.039401,当月活跃技能,0,18,2026-08-06T03:30:35+00:00
2024-10,政府数据治理与统计分析岗,计算机科学与技术,计算机基础,638,488,0.76489,1269,1026,0.808511,稳定核心技能,1,1,2026-08-06T03:30:35+00:00
2024-10,政府数据治理与统计分析岗,软件工程,软件工程,638,150,0.23511,1269,227,0.178881,当月活跃技能,0,6,2026-08-06T03:30:35+00:00
2024-10,政府数据治理与统计分析岗,通信工程,通信与电子技术,638,33,0.051724,1269,54,0.042553,当月活跃技能,0,19,2026-08-06T03:30:35+00:00
2024-10,政府数据治理与统计分析岗,遥感技术,空间信息技术,638,8,0.012539,1269,9,0.007092,当月活跃技能,0,24,2026-08-06T03:30:35+00:00
2025-10,政府数据治理与统计分析岗,人工智能,智能化技术,408,26,0.063725,1677,77,0.045915,当月活跃技能,0,15,2026-08-06T03:30:35+00:00
2025-10,政府数据治理与统计分析岗,信息化建设,政务信息化,408,10,0.02451,1677,55,0.032797,当月活跃技能,0,19,2026-08-06T03:30:35+00:00
2025-10,政府数据治理与统计分析岗,信息安全,网络与安全,408,28,0.068627,1677,158,0.094216,当月活跃技能,0,14,2026-08-06T03:30:35+00:00
2025-10,政府数据治理与统计分析岗,信息管理与信息系统,政务信息化,408,1,0.002451,1677,68,0.040549,当月活跃技能,0,26,2026-08-06T03:30:35+00:00
2025-10,政府数据治理与统计分析岗,信息系统,政务信息化,408,8,0.019608,1677,145,0.086464,当月活跃技能,0,21,2026-08-06T03:30:35+00:00
2025-10,政府数据治理与统计分析岗,地理信息系统,空间信息技术,408,6,0.014706,1677,10,0.005963,当月活跃技能,0,22,2026-08-06T03:30:35+00:00
2025-10,政府数据治理与统计分析岗,大数据管理与应用,政务信息化,408,31,0.07598,1677,122,0.072749,当月活跃技能,0,12,2026-08-06T03:30:35+00:00
2025-10,政府数据治理与统计分析岗,密码技术,网络与安全,408,9,0.022059,1677,22,0.013119,当月活跃技能,0,20,2026-08-06T03:30:35+00:00
2025-10,政府数据治理与统计分析岗,情报技术,政法信息技术,408,1,0.002451,1677,2,0.001193,当月活跃技能,0,27,2026-08-06T03:30:35+00:00
2025-10,政府数据治理与统计分析岗,数据分析,数据与统计,408,54,0.132353,1677,318,0.189624,当月活跃技能,0,8,2026-08-06T03:30:35+00:00
2025-10,政府数据治理与统计分析岗,数据处理,数据与统计,408,252,0.617647,1677,1107,0.660107,稳定核心技能,1,4,2026-08-06T03:30:35+00:00
2025-10,政府数据治理与统计分析岗,数据安全,网络与安全,408,1,0.002451,1677,1,0.000596,当月活跃技能,0,28,2026-08-06T03:30:35+00:00
2025-10,政府数据治理与统计分析岗,数据治理,数据与统计,408,0,0.0,1677,4,0.002385,当月未出现,0,,2026-08-06T03:30:35+00:00
2025-10,政府数据治理与统计分析岗,数据科学与大数据技术,数据与统计,408,107,0.262255,1677,348,0.207513,当月活跃技能,0,6,2026-08-06T03:30:35+00:00
2025-10,政府数据治理与统计分析岗,数据管理,数据与统计,408,31,0.07598,1677,125,0.074538,当月活跃技能,0,13,2026-08-06T03:30:35+00:00
2025-10,政府数据治理与统计分析岗,数据计算及应用,数据与统计,408,32,0.078431,1677,177,0.105546,当月活跃技能,0,11,2026-08-06T03:30:35+00:00
2025-10,政府数据治理与统计分析岗,物联网工程,智能化技术,408,17,0.041667,1677,71,0.042338,当月活跃技能,0,17,2026-08-06T03:30:35+00:00
2025-10,政府数据治理与统计分析岗,电子信息,通信与电子技术,408,68,0.166667,1677,280,0.166965,当月活跃技能,0,7,2026-08-06T03:30:35+00:00
2025-10,政府数据治理与统计分析岗,电子信息工程,通信与电子技术,408,3,0.007353,1677,5,0.002982,当月活跃技能,0,24,2026-08-06T03:30:35+00:00
2025-10,政府数据治理与统计分析岗,系统运维,网络与基础设施,408,1,0.002451,1677,99,0.059034,当月活跃技能,0,29,2026-08-06T03:30:35+00:00
2025-10,政府数据治理与统计分析岗,统计分析,数据与统计,408,332,0.813725,1677,1178,0.702445,稳定核心技能,1,1,2026-08-06T03:30:35+00:00
2025-10,政府数据治理与统计分析岗,统计学,数据与统计,408,258,0.632353,1677,1181,0.704234,稳定核心技能,1,3,2026-08-06T03:30:35+00:00
2025-10,政府数据治理与统计分析岗,网络工程,网络与基础设施,408,53,0.129902,1677,231,0.137746,当月活跃技能,0,9,2026-08-06T03:30:35+00:00
2025-10,政府数据治理与统计分析岗,网络空间安全,网络与安全,408,33,0.080882,1677,100,0.05963,当月活跃技能,0,10,2026-08-06T03:30:35+00:00
2025-10,政府数据治理与统计分析岗,网络运维,网络与基础设施,408,2,0.004902,1677,3,0.001789,当月活跃技能,0,25,2026-08-06T03:30:35+00:00
2025-10,政府数据治理与统计分析岗,自动化,智能化技术,408,6,0.014706,1677,56,0.033393,当月活跃技能,0,23,2026-08-06T03:30:35+00:00
2025-10,政府数据治理与统计分析岗,计算机科学与技术,计算机基础,408,323,0.791667,1677,1349,0.804413,稳定核心技能,1,2,2026-08-06T03:30:35+00:00
2025-10,政府数据治理与统计分析岗,软件工程,软件工程,408,122,0.29902,1677,349,0.20811,当月活跃技能,0,5,2026-08-06T03:30:35+00:00
2025-10,政府数据治理与统计分析岗,通信工程,通信与电子技术,408,20,0.04902,1677,74,0.044126,当月活跃技能,0,16,2026-08-06T03:30:35+00:00
2025-10,政府数据治理与统计分析岗,遥感技术,空间信息技术,408,11,0.026961,1677,20,0.011926,当月活跃技能,0,18,2026-08-06T03:30:35+00:00
2023-10,政府智能化与自动化技术岗,信息化建设,政务信息化,4,1,0.25,4,1,0.25,稳定核心技能,1,3,2026-08-06T03:30:35+00:00
2023-10,政府智能化与自动化技术岗,自动化,智能化技术,4,3,0.75,4,3,0.75,稳定核心技能,1,2,2026-08-06T03:30:35+00:00
2023-10,政府智能化与自动化技术岗,计算机科学与技术,计算机基础,4,4,1.0,4,4,1.0,稳定核心技能,1,1,2026-08-06T03:30:35+00:00
2023-10,政府智能化与自动化技术岗,软件工程,软件工程,4,1,0.25,4,1,0.25,稳定核心技能,1,4,2026-08-06T03:30:35+00:00
2023-10,政府智能化与自动化技术岗,通信工程,通信与电子技术,4,1,0.25,4,1,0.25,稳定核心技能,1,5,2026-08-06T03:30:35+00:00
2024-10,政府智能化与自动化技术岗,人工智能,智能化技术,6,5,0.833333,10,5,0.5,稳定核心技能,1,1,2026-08-06T03:30:35+00:00
2024-10,政府智能化与自动化技术岗,信息化建设,政务信息化,6,0,0.0,10,1,0.1,当月未出现,0,,2026-08-06T03:30:35+00:00
2024-10,政府智能化与自动化技术岗,大数据管理与应用,政务信息化,6,1,0.166667,10,1,0.1,当月活跃技能,0,7,2026-08-06T03:30:35+00:00
2024-10,政府智能化与自动化技术岗,数据分析,数据与统计,6,1,0.166667,10,1,0.1,当月活跃技能,0,8,2026-08-06T03:30:35+00:00
2024-10,政府智能化与自动化技术岗,数据科学与大数据技术,数据与统计,6,3,0.5,10,3,0.3,稳定核心技能,1,4,2026-08-06T03:30:35+00:00
2024-10,政府智能化与自动化技术岗,数据管理,数据与统计,6,1,0.166667,10,1,0.1,当月活跃技能,0,9,2026-08-06T03:30:35+00:00
2024-10,政府智能化与自动化技术岗,物联网工程,智能化技术,6,1,0.166667,10,1,0.1,当月活跃技能,0,10,2026-08-06T03:30:35+00:00
2024-10,政府智能化与自动化技术岗,电子信息,通信与电子技术,6,3,0.5,10,3,0.3,稳定核心技能,1,5,2026-08-06T03:30:35+00:00
2024-10,政府智能化与自动化技术岗,电子信息工程,通信与电子技术,6,1,0.166667,10,1,0.1,当月活跃技能,0,11,2026-08-06T03:30:35+00:00
2024-10,政府智能化与自动化技术岗,网络工程,网络与基础设施,6,1,0.166667,10,1,0.1,当月活跃技能,0,12,2026-08-06T03:30:35+00:00
2024-10,政府智能化与自动化技术岗,自动化,智能化技术,6,1,0.166667,10,4,0.4,当月活跃技能,0,13,2026-08-06T03:30:35+00:00
2024-10,政府智能化与自动化技术岗,计算机科学与技术,计算机基础,6,5,0.833333,10,9,0.9,稳定核心技能,1,2,2026-08-06T03:30:35+00:00
2024-10,政府智能化与自动化技术岗,软件工程,软件工程,6,4,0.666667,10,5,0.5,稳定核心技能,1,3,2026-08-06T03:30:35+00:00
2024-10,政府智能化与自动化技术岗,通信工程,通信与电子技术,6,2,0.333333,10,3,0.3,稳定核心技能,1,6,2026-08-06T03:30:35+00:00
2025-10,政府智能化与自动化技术岗,人工智能,智能化技术,6,5,0.833333,16,10,0.625,稳定核心技能,1,1,2026-08-06T03:30:35+00:00
2025-10,政府智能化与自动化技术岗,信息化建设,政务信息化,6,0,0.0,16,1,0.0625,当月未出现,0,,2026-08-06T03:30:35+00:00
2025-10,政府智能化与自动化技术岗,信息安全,网络与安全,6,1,0.166667,16,1,0.0625,当月活跃技能,0,7,2026-08-06T03:30:35+00:00
2025-10,政府智能化与自动化技术岗,信息系统,政务信息化,6,1,0.166667,16,1,0.0625,当月活跃技能,0,8,2026-08-06T03:30:35+00:00
2025-10,政府智能化与自动化技术岗,地理信息系统,空间信息技术,6,1,0.166667,16,1,0.0625,当月活跃技能,0,9,2026-08-06T03:30:35+00:00
2025-10,政府智能化与自动化技术岗,大数据管理与应用,政务信息化,6,0,0.0,16,1,0.0625,当月未出现,0,,2026-08-06T03:30:35+00:00
2025-10,政府智能化与自动化技术岗,数据分析,数据与统计,6,0,0.0,16,1,0.0625,当月未出现,0,,2026-08-06T03:30:35+00:00
2025-10,政府智能化与自动化技术岗,数据科学与大数据技术,数据与统计,6,2,0.333333,16,5,0.3125,稳定核心技能,1,3,2026-08-06T03:30:35+00:00
2025-10,政府智能化与自动化技术岗,数据管理,数据与统计,6,0,0.0,16,1,0.0625,当月未出现,0,,2026-08-06T03:30:35+00:00
2025-10,政府智能化与自动化技术岗,物联网工程,智能化技术,6,1,0.166667,16,2,0.125,当月活跃技能,0,10,2026-08-06T03:30:35+00:00
2025-10,政府智能化与自动化技术岗,电子信息,通信与电子技术,6,2,0.333333,16,5,0.3125,稳定核心技能,1,4,2026-08-06T03:30:35+00:00
2025-10,政府智能化与自动化技术岗,电子信息工程,通信与电子技术,6,1,0.166667,16,2,0.125,当月活跃技能,0,11,2026-08-06T03:30:35+00:00
2025-10,政府智能化与自动化技术岗,网络工程,网络与基础设施,6,0,0.0,16,1,0.0625,当月未出现,0,,2026-08-06T03:30:35+00:00
2025-10,政府智能化与自动化技术岗,网络空间安全,网络与安全,6,1,0.166667,16,1,0.0625,当月活跃技能,0,12,2026-08-06T03:30:35+00:00
2025-10,政府智能化与自动化技术岗,自动化,智能化技术,6,2,0.333333,16,6,0.375,稳定核心技能,1,5,2026-08-06T03:30:35+00:00
2025-10,政府智能化与自动化技术岗,计算机科学与技术,计算机基础,6,4,0.666667,16,13,0.8125,稳定核心技能,1,2,2026-08-06T03:30:35+00:00
2025-10,政府智能化与自动化技术岗,软件工程,软件工程,6,2,0.333333,16,7,0.4375,稳定核心技能,1,6,2026-08-06T03:30:35+00:00
2025-10,政府智能化与自动化技术岗,通信工程,通信与电子技术,6,1,0.166667,16,4,0.25,当月活跃技能,0,13,2026-08-06T03:30:35+00:00
2023-10,政府电子数据取证与情报技术岗,情报技术,政法信息技术,4,1,0.25,4,1,0.25,稳定核心技能,1,6,2026-08-06T03:30:35+00:00
2023-10,政府电子数据取证与情报技术岗,数据分析,数据与统计,4,1,0.25,4,1,0.25,稳定核心技能,1,7,2026-08-06T03:30:35+00:00
2023-10,政府电子数据取证与情报技术岗,数据科学与大数据技术,数据与统计,4,1,0.25,4,1,0.25,稳定核心技能,1,8,2026-08-06T03:30:35+00:00
2023-10,政府电子数据取证与情报技术岗,电子信息,通信与电子技术,4,2,0.5,4,2,0.5,稳定核心技能,1,4,2026-08-06T03:30:35+00:00
2023-10,政府电子数据取证与情报技术岗,统计学,数据与统计,4,1,0.25,4,1,0.25,稳定核心技能,1,9,2026-08-06T03:30:35+00:00
2023-10,政府电子数据取证与情报技术岗,网络空间安全,网络与安全,4,3,0.75,4,3,0.75,稳定核心技能,1,1,2026-08-06T03:30:35+00:00
2023-10,政府电子数据取证与情报技术岗,自动化,智能化技术,4,1,0.25,4,1,0.25,稳定核心技能,1,10,2026-08-06T03:30:35+00:00
2023-10,政府电子数据取证与情报技术岗,计算机科学与技术,计算机基础,4,3,0.75,4,3,0.75,稳定核心技能,1,2,2026-08-06T03:30:35+00:00
2023-10,政府电子数据取证与情报技术岗,软件工程,软件工程,4,2,0.5,4,2,0.5,稳定核心技能,1,5,2026-08-06T03:30:35+00:00
2023-10,政府电子数据取证与情报技术岗,通信工程,通信与电子技术,4,3,0.75,4,3,0.75,稳定核心技能,1,3,2026-08-06T03:30:35+00:00
2024-10,政府电子数据取证与情报技术岗,情报技术,政法信息技术,1,0,0.0,5,1,0.2,当月未出现,0,,2026-08-06T03:30:35+00:00
2024-10,政府电子数据取证与情报技术岗,数据分析,数据与统计,1,1,1.0,5,2,0.4,稳定核心技能,1,1,2026-08-06T03:30:35+00:00
2024-10,政府电子数据取证与情报技术岗,数据科学与大数据技术,数据与统计,1,1,1.0,5,2,0.4,稳定核心技能,1,2,2026-08-06T03:30:35+00:00
2024-10,政府电子数据取证与情报技术岗,电子信息,通信与电子技术,1,1,1.0,5,3,0.6,稳定核心技能,1,3,2026-08-06T03:30:35+00:00
2024-10,政府电子数据取证与情报技术岗,系统运维,网络与基础设施,1,1,1.0,5,1,0.2,当月活跃技能,0,4,2026-08-06T03:30:35+00:00
2024-10,政府电子数据取证与情报技术岗,统计学,数据与统计,1,0,0.0,5,1,0.2,当月未出现,0,,2026-08-06T03:30:35+00:00
2024-10,政府电子数据取证与情报技术岗,网络工程,网络与基础设施,1,1,1.0,5,1,0.2,当月活跃技能,0,5,2026-08-06T03:30:35+00:00
2024-10,政府电子数据取证与情报技术岗,网络空间安全,网络与安全,1,0,0.0,5,3,0.6,当月未出现,0,,2026-08-06T03:30:35+00:00
2024-10,政府电子数据取证与情报技术岗,自动化,智能化技术,1,0,0.0,5,1,0.2,当月未出现,0,,2026-08-06T03:30:35+00:00
2024-10,政府电子数据取证与情报技术岗,计算机科学与技术,计算机基础,1,1,1.0,5,4,0.8,稳定核心技能,1,6,2026-08-06T03:30:35+00:00
2024-10,政府电子数据取证与情报技术岗,软件工程,软件工程,1,1,1.0,5,3,0.6,稳定核心技能,1,7,2026-08-06T03:30:35+00:00
2024-10,政府电子数据取证与情报技术岗,通信工程,通信与电子技术,1,0,0.0,5,3,0.6,当月未出现,0,,2026-08-06T03:30:35+00:00
2025-10,政府电子数据取证与情报技术岗,信息安全,网络与安全,5,2,0.4,10,2,0.2,当月活跃技能,0,6,2026-08-06T03:30:35+00:00
2025-10,政府电子数据取证与情报技术岗,情报技术,政法信息技术,5,2,0.4,10,3,0.3,稳定核心技能,1,7,2026-08-06T03:30:35+00:00
2025-10,政府电子数据取证与情报技术岗,数据分析,数据与统计,5,4,0.8,10,6,0.6,稳定核心技能,1,2,2026-08-06T03:30:35+00:00
2025-10,政府电子数据取证与情报技术岗,数据科学与大数据技术,数据与统计,5,3,0.6,10,5,0.5,稳定核心技能,1,4,2026-08-06T03:30:35+00:00
2025-10,政府电子数据取证与情报技术岗,数据计算及应用,数据与统计,5,2,0.4,10,2,0.2,当月活跃技能,0,8,2026-08-06T03:30:35+00:00
2025-10,政府电子数据取证与情报技术岗,电子信息,通信与电子技术,5,3,0.6,10,6,0.6,稳定核心技能,1,5,2026-08-06T03:30:35+00:00
2025-10,政府电子数据取证与情报技术岗,系统运维,网络与基础设施,5,0,0.0,10,1,0.1,当月未出现,0,,2026-08-06T03:30:35+00:00
2025-10,政府电子数据取证与情报技术岗,统计学,数据与统计,5,0,0.0,10,1,0.1,当月未出现,0,,2026-08-06T03:30:35+00:00
2025-10,政府电子数据取证与情报技术岗,网络工程,网络与基础设施,5,2,0.4,10,3,0.3,稳定核心技能,1,9,2026-08-06T03:30:35+00:00
2025-10,政府电子数据取证与情报技术岗,网络空间安全,网络与安全,5,1,0.2,10,4,0.4,当月活跃技能,0,11,2026-08-06T03:30:35+00:00
2025-10,政府电子数据取证与情报技术岗,自动化,智能化技术,5,0,0.0,10,1,0.1,当月未出现,0,,2026-08-06T03:30:35+00:00
2025-10,政府电子数据取证与情报技术岗,计算机科学与技术,计算机基础,5,5,1.0,10,9,0.9,稳定核心技能,1,1,2026-08-06T03:30:35+00:00
2025-10,政府电子数据取证与情报技术岗,软件工程,软件工程,5,4,0.8,10,7,0.7,稳定核心技能,1,3,2026-08-06T03:30:35+00:00
2025-10,政府电子数据取证与情报技术岗,通信工程,通信与电子技术,5,2,0.4,10,5,0.5,稳定核心技能,1,10,2026-08-06T03:30:35+00:00
2023-10,政府网络与数据安全岗,人工智能,智能化技术,38,2,0.052632,38,2,0.052632,当月活跃技能,0,10,2026-08-06T03:30:35+00:00
2023-10,政府网络与数据安全岗,信息化建设,政务信息化,38,1,0.026316,38,1,0.026316,当月活跃技能,0,14,2026-08-06T03:30:35+00:00
2023-10,政府网络与数据安全岗,信息安全,网络与安全,38,35,0.921053,38,35,0.921053,稳定核心技能,1,1,2026-08-06T03:30:35+00:00
2023-10,政府网络与数据安全岗,信息系统,政务信息化,38,4,0.105263,38,4,0.105263,当月活跃技能,0,9,2026-08-06T03:30:35+00:00
2023-10,政府网络与数据安全岗,数据安全,网络与安全,38,21,0.552632,38,21,0.552632,稳定核心技能,1,3,2026-08-06T03:30:35+00:00
2023-10,政府网络与数据安全岗,数据科学与大数据技术,数据与统计,38,2,0.052632,38,2,0.052632,当月活跃技能,0,11,2026-08-06T03:30:35+00:00
2023-10,政府网络与数据安全岗,物联网工程,智能化技术,38,2,0.052632,38,2,0.052632,当月活跃技能,0,12,2026-08-06T03:30:35+00:00
2023-10,政府网络与数据安全岗,电子信息,通信与电子技术,38,5,0.131579,38,5,0.131579,当月活跃技能,0,8,2026-08-06T03:30:35+00:00
2023-10,政府网络与数据安全岗,系统运维,网络与基础设施,38,1,0.026316,38,1,0.026316,当月活跃技能,0,15,2026-08-06T03:30:35+00:00
2023-10,政府网络与数据安全岗,网络工程,网络与基础设施,38,7,0.184211,38,7,0.184211,当月活跃技能,0,6,2026-08-06T03:30:35+00:00
2023-10,政府网络与数据安全岗,网络空间安全,网络与安全,38,17,0.447368,38,17,0.447368,稳定核心技能,1,4,2026-08-06T03:30:35+00:00
2023-10,政府网络与数据安全岗,网络运维,网络与基础设施,38,1,0.026316,38,1,0.026316,当月活跃技能,0,16,2026-08-06T03:30:35+00:00
2023-10,政府网络与数据安全岗,自动化,智能化技术,38,2,0.052632,38,2,0.052632,当月活跃技能,0,13,2026-08-06T03:30:35+00:00
2023-10,政府网络与数据安全岗,计算机科学与技术,计算机基础,38,26,0.684211,38,26,0.684211,稳定核心技能,1,2,2026-08-06T03:30:35+00:00
2023-10,政府网络与数据安全岗,软件工程,软件工程,38,15,0.394737,38,15,0.394737,稳定核心技能,1,5,2026-08-06T03:30:35+00:00
2023-10,政府网络与数据安全岗,通信工程,通信与电子技术,38,7,0.184211,38,7,0.184211,当月活跃技能,0,7,2026-08-06T03:30:35+00:00
2024-10,政府网络与数据安全岗,人工智能,智能化技术,44,6,0.136364,82,8,0.097561,当月活跃技能,0,9,2026-08-06T03:30:35+00:00
2024-10,政府网络与数据安全岗,信息化建设,政务信息化,44,1,0.022727,82,2,0.02439,当月活跃技能,0,16,2026-08-06T03:30:35+00:00
2024-10,政府网络与数据安全岗,信息安全,网络与安全,44,36,0.818182,82,71,0.865854,稳定核心技能,1,1,2026-08-06T03:30:35+00:00
2024-10,政府网络与数据安全岗,信息系统,政务信息化,44,2,0.045455,82,6,0.073171,当月活跃技能,0,12,2026-08-06T03:30:35+00:00
2024-10,政府网络与数据安全岗,密码技术,网络与安全,44,2,0.045455,82,2,0.02439,当月活跃技能,0,13,2026-08-06T03:30:35+00:00
2024-10,政府网络与数据安全岗,数据分析,数据与统计,44,4,0.090909,82,4,0.04878,当月活跃技能,0,10,2026-08-06T03:30:35+00:00
2024-10,政府网络与数据安全岗,数据安全,网络与安全,44,24,0.545455,82,45,0.54878,稳定核心技能,1,3,2026-08-06T03:30:35+00:00
2024-10,政府网络与数据安全岗,数据科学与大数据技术,数据与统计,44,3,0.068182,82,5,0.060976,当月活跃技能,0,11,2026-08-06T03:30:35+00:00
2024-10,政府网络与数据安全岗,物联网工程,智能化技术,44,1,0.022727,82,3,0.036585,当月活跃技能,0,17,2026-08-06T03:30:35+00:00
2024-10,政府网络与数据安全岗,电子信息,通信与电子技术,44,14,0.318182,82,19,0.231707,当月活跃技能,0,7,2026-08-06T03:30:35+00:00
2024-10,政府网络与数据安全岗,电子信息工程,通信与电子技术,44,1,0.022727,82,1,0.012195,当月活跃技能,0,18,2026-08-06T03:30:35+00:00
2024-10,政府网络与数据安全岗,系统运维,网络与基础设施,44,2,0.045455,82,3,0.036585,当月活跃技能,0,14,2026-08-06T03:30:35+00:00
2024-10,政府网络与数据安全岗,网络工程,网络与基础设施,44,9,0.204545,82,16,0.195122,当月活跃技能,0,8,2026-08-06T03:30:35+00:00
2024-10,政府网络与数据安全岗,网络空间安全,网络与安全,44,20,0.454545,82,37,0.45122,稳定核心技能,1,4,2026-08-06T03:30:35+00:00
2024-10,政府网络与数据安全岗,网络运维,网络与基础设施,44,1,0.022727,82,2,0.02439,当月活跃技能,0,19,2026-08-06T03:30:35+00:00
2024-10,政府网络与数据安全岗,自动化,智能化技术,44,2,0.045455,82,4,0.04878,当月活跃技能,0,15,2026-08-06T03:30:35+00:00
2024-10,政府网络与数据安全岗,计算机科学与技术,计算机基础,44,27,0.613636,82,53,0.646341,稳定核心技能,1,2,2026-08-06T03:30:35+00:00
2024-10,政府网络与数据安全岗,软件工程,软件工程,44,19,0.431818,82,34,0.414634,稳定核心技能,1,5,2026-08-06T03:30:35+00:00
2024-10,政府网络与数据安全岗,通信工程,通信与电子技术,44,15,0.340909,82,22,0.268293,稳定核心技能,1,6,2026-08-06T03:30:35+00:00
2025-10,政府网络与数据安全岗,人工智能,智能化技术,26,2,0.076923,108,10,0.092593,当月活跃技能,0,10,2026-08-06T03:30:35+00:00
2025-10,政府网络与数据安全岗,信息化建设,政务信息化,26,0,0.0,108,2,0.018519,当月未出现,0,,2026-08-06T03:30:35+00:00
2025-10,政府网络与数据安全岗,信息安全,网络与安全,26,17,0.653846,108,88,0.814815,稳定核心技能,1,1,2026-08-06T03:30:35+00:00
2025-10,政府网络与数据安全岗,信息系统,政务信息化,26,5,0.192308,108,11,0.101852,当月活跃技能,0,8,2026-08-06T03:30:35+00:00
2025-10,政府网络与数据安全岗,密码技术,网络与安全,26,4,0.153846,108,6,0.055556,当月活跃技能,0,9,2026-08-06T03:30:35+00:00
2025-10,政府网络与数据安全岗,数据分析,数据与统计,26,1,0.038462,108,5,0.046296,当月活跃技能,0,13,2026-08-06T03:30:35+00:00
2025-10,政府网络与数据安全岗,数据安全,网络与安全,26,15,0.576923,108,60,0.555556,稳定核心技能,1,3,2026-08-06T03:30:35+00:00
2025-10,政府网络与数据安全岗,数据科学与大数据技术,数据与统计,26,2,0.076923,108,7,0.064815,当月活跃技能,0,11,2026-08-06T03:30:35+00:00
2025-10,政府网络与数据安全岗,物联网工程,智能化技术,26,0,0.0,108,3,0.027778,当月未出现,0,,2026-08-06T03:30:35+00:00
2025-10,政府网络与数据安全岗,电子信息,通信与电子技术,26,9,0.346154,108,28,0.259259,稳定核心技能,1,5,2026-08-06T03:30:35+00:00
2025-10,政府网络与数据安全岗,电子信息工程,通信与电子技术,26,0,0.0,108,1,0.009259,当月未出现,0,,2026-08-06T03:30:35+00:00
2025-10,政府网络与数据安全岗,系统运维,网络与基础设施,26,0,0.0,108,3,0.027778,当月未出现,0,,2026-08-06T03:30:35+00:00
2025-10,政府网络与数据安全岗,网络工程,网络与基础设施,26,2,0.076923,108,18,0.166667,当月活跃技能,0,12,2026-08-06T03:30:35+00:00
2025-10,政府网络与数据安全岗,网络空间安全,网络与安全,26,10,0.384615,108,47,0.435185,稳定核心技能,1,4,2026-08-06T03:30:35+00:00
2025-10,政府网络与数据安全岗,网络运维,网络与基础设施,26,0,0.0,108,2,0.018519,当月未出现,0,,2026-08-06T03:30:35+00:00
2025-10,政府网络与数据安全岗,自动化,智能化技术,26,0,0.0,108,4,0.037037,当月未出现,0,,2026-08-06T03:30:35+00:00
2025-10,政府网络与数据安全岗,计算机科学与技术,计算机基础,26,17,0.653846,108,70,0.648148,稳定核心技能,1,2,2026-08-06T03:30:35+00:00
2025-10,政府网络与数据安全岗,软件工程,软件工程,26,6,0.230769,108,40,0.37037,当月活跃技能,0,7,2026-08-06T03:30:35+00:00
2025-10,政府网络与数据安全岗,通信工程,通信与电子技术,26,7,0.269231,108,29,0.268519,稳定核心技能,1,6,2026-08-06T03:30:35+00:00
2025-10,政府网络与数据安全岗,遥感技术,空间信息技术,26,1,0.038462,108,1,0.009259,当月活跃技能,0,14,2026-08-06T03:30:35+00:00
2023-10,政府网络与通信运维岗,信息安全,网络与安全,13,3,0.230769,13,3,0.230769,当月活跃技能,0,6,2026-08-06T03:30:35+00:00
2023-10,政府网络与通信运维岗,信息系统,政务信息化,13,3,0.230769,13,3,0.230769,当月活跃技能,0,7,2026-08-06T03:30:35+00:00
2023-10,政府网络与通信运维岗,数据分析,数据与统计,13,3,0.230769,13,3,0.230769,当月活跃技能,0,8,2026-08-06T03:30:35+00:00
2023-10,政府网络与通信运维岗,数据安全,网络与安全,13,1,0.076923,13,1,0.076923,当月活跃技能,0,11,2026-08-06T03:30:35+00:00
2023-10,政府网络与通信运维岗,数据科学与大数据技术,数据与统计,13,1,0.076923,13,1,0.076923,当月活跃技能,0,12,2026-08-06T03:30:35+00:00
2023-10,政府网络与通信运维岗,电子信息,通信与电子技术,13,6,0.461538,13,6,0.461538,稳定核心技能,1,4,2026-08-06T03:30:35+00:00
2023-10,政府网络与通信运维岗,电子信息工程,通信与电子技术,13,3,0.230769,13,3,0.230769,当月活跃技能,0,9,2026-08-06T03:30:35+00:00
2023-10,政府网络与通信运维岗,系统运维,网络与基础设施,13,1,0.076923,13,1,0.076923,当月活跃技能,0,13,2026-08-06T03:30:35+00:00
2023-10,政府网络与通信运维岗,网络工程,网络与基础设施,13,2,0.153846,13,2,0.153846,当月活跃技能,0,10,2026-08-06T03:30:35+00:00
2023-10,政府网络与通信运维岗,网络空间安全,网络与安全,13,5,0.384615,13,5,0.384615,稳定核心技能,1,5,2026-08-06T03:30:35+00:00
2023-10,政府网络与通信运维岗,计算机科学与技术,计算机基础,13,12,0.923077,13,12,0.923077,稳定核心技能,1,1,2026-08-06T03:30:35+00:00
2023-10,政府网络与通信运维岗,软件工程,软件工程,13,7,0.538462,13,7,0.538462,稳定核心技能,1,3,2026-08-06T03:30:35+00:00
2023-10,政府网络与通信运维岗,通信工程,通信与电子技术,13,11,0.846154,13,11,0.846154,稳定核心技能,1,2,2026-08-06T03:30:35+00:00
2024-10,政府网络与通信运维岗,信息安全,网络与安全,8,0,0.0,21,3,0.142857,当月未出现,0,,2026-08-06T03:30:35+00:00
2024-10,政府网络与通信运维岗,信息管理与信息系统,政务信息化,8,2,0.25,21,2,0.095238,当月活跃技能,0,6,2026-08-06T03:30:35+00:00
2024-10,政府网络与通信运维岗,信息系统,政务信息化,8,2,0.25,21,5,0.238095,当月活跃技能,0,7,2026-08-06T03:30:35+00:00
2024-10,政府网络与通信运维岗,大数据管理与应用,政务信息化,8,2,0.25,21,2,0.095238,当月活跃技能,0,8,2026-08-06T03:30:35+00:00
2024-10,政府网络与通信运维岗,数据分析,数据与统计,8,0,0.0,21,3,0.142857,当月未出现,0,,2026-08-06T03:30:35+00:00
2024-10,政府网络与通信运维岗,数据安全,网络与安全,8,0,0.0,21,1,0.047619,当月未出现,0,,2026-08-06T03:30:35+00:00
2024-10,政府网络与通信运维岗,数据科学与大数据技术,数据与统计,8,1,0.125,21,2,0.095238,当月活跃技能,0,10,2026-08-06T03:30:35+00:00
2024-10,政府网络与通信运维岗,数据管理,数据与统计,8,2,0.25,21,2,0.095238,当月活跃技能,0,9,2026-08-06T03:30:35+00:00
2024-10,政府网络与通信运维岗,电子信息,通信与电子技术,8,3,0.375,21,9,0.428571,稳定核心技能,1,5,2026-08-06T03:30:35+00:00
2024-10,政府网络与通信运维岗,电子信息工程,通信与电子技术,8,0,0.0,21,3,0.142857,当月未出现,0,,2026-08-06T03:30:35+00:00
2024-10,政府网络与通信运维岗,系统运维,网络与基础设施,8,1,0.125,21,2,0.095238,当月活跃技能,0,11,2026-08-06T03:30:35+00:00
2024-10,政府网络与通信运维岗,网络工程,网络与基础设施,8,0,0.0,21,2,0.095238,当月未出现,0,,2026-08-06T03:30:35+00:00
2024-10,政府网络与通信运维岗,网络空间安全,网络与安全,8,4,0.5,21,9,0.428571,稳定核心技能,1,4,2026-08-06T03:30:35+00:00
2024-10,政府网络与通信运维岗,计算机科学与技术,计算机基础,8,8,1.0,21,20,0.952381,稳定核心技能,1,1,2026-08-06T03:30:35+00:00
2024-10,政府网络与通信运维岗,软件工程,软件工程,8,5,0.625,21,12,0.571429,稳定核心技能,1,2,2026-08-06T03:30:35+00:00
2024-10,政府网络与通信运维岗,通信工程,通信与电子技术,8,5,0.625,21,16,0.761905,稳定核心技能,1,3,2026-08-06T03:30:35+00:00
2025-10,政府网络与通信运维岗,人工智能,智能化技术,11,5,0.454545,32,5,0.15625,当月活跃技能,0,5,2026-08-06T03:30:35+00:00
2025-10,政府网络与通信运维岗,信息安全,网络与安全,11,1,0.090909,32,4,0.125,当月活跃技能,0,9,2026-08-06T03:30:35+00:00
2025-10,政府网络与通信运维岗,信息管理与信息系统,政务信息化,11,0,0.0,32,2,0.0625,当月未出现,0,,2026-08-06T03:30:35+00:00
2025-10,政府网络与通信运维岗,信息系统,政务信息化,11,0,0.0,32,5,0.15625,当月未出现,0,,2026-08-06T03:30:35+00:00
2025-10,政府网络与通信运维岗,大数据管理与应用,政务信息化,11,0,0.0,32,2,0.0625,当月未出现,0,,2026-08-06T03:30:35+00:00
2025-10,政府网络与通信运维岗,数据分析,数据与统计,11,0,0.0,32,3,0.09375,当月未出现,0,,2026-08-06T03:30:35+00:00
2025-10,政府网络与通信运维岗,数据安全,网络与安全,11,0,0.0,32,1,0.03125,当月未出现,0,,2026-08-06T03:30:35+00:00
2025-10,政府网络与通信运维岗,数据科学与大数据技术,数据与统计,11,2,0.181818,32,4,0.125,当月活跃技能,0,8,2026-08-06T03:30:35+00:00
2025-10,政府网络与通信运维岗,数据管理,数据与统计,11,0,0.0,32,2,0.0625,当月未出现,0,,2026-08-06T03:30:35+00:00
2025-10,政府网络与通信运维岗,电子信息,通信与电子技术,11,8,0.727273,32,17,0.53125,稳定核心技能,1,2,2026-08-06T03:30:35+00:00
2025-10,政府网络与通信运维岗,电子信息工程,通信与电子技术,11,3,0.272727,32,6,0.1875,当月活跃技能,0,7,2026-08-06T03:30:35+00:00
2025-10,政府网络与通信运维岗,系统运维,网络与基础设施,11,0,0.0,32,2,0.0625,当月未出现,0,,2026-08-06T03:30:35+00:00
2025-10,政府网络与通信运维岗,网络工程,网络与基础设施,11,0,0.0,32,2,0.0625,当月未出现,0,,2026-08-06T03:30:35+00:00
2025-10,政府网络与通信运维岗,网络空间安全,网络与安全,11,4,0.363636,32,13,0.40625,稳定核心技能,1,6,2026-08-06T03:30:35+00:00
2025-10,政府网络与通信运维岗,网络运维,网络与基础设施,11,1,0.090909,32,1,0.03125,当月活跃技能,0,10,2026-08-06T03:30:35+00:00
2025-10,政府网络与通信运维岗,计算机科学与技术,计算机基础,11,11,1.0,32,31,0.96875,稳定核心技能,1,1,2026-08-06T03:30:35+00:00
2025-10,政府网络与通信运维岗,软件工程,软件工程,11,6,0.545455,32,18,0.5625,稳定核心技能,1,3,2026-08-06T03:30:35+00:00
2025-10,政府网络与通信运维岗,通信工程,通信与电子技术,11,6,0.545455,32,22,0.6875,稳定核心技能,1,4,2026-08-06T03:30:35+00:00
2023-10,政府警务信息技术保障岗,人工智能,智能化技术,40,1,0.025,40,1,0.025,当月活跃技能,0,10,2026-08-06T03:30:35+00:00
2023-10,政府警务信息技术保障岗,信息安全,网络与安全,40,7,0.175,40,7,0.175,当月活跃技能,0,5,2026-08-06T03:30:35+00:00
2023-10,政府警务信息技术保障岗,大数据管理与应用,政务信息化,40,1,0.025,40,1,0.025,当月活跃技能,0,11,2026-08-06T03:30:35+00:00
2023-10,政府警务信息技术保障岗,数据分析,数据与统计,40,6,0.15,40,6,0.15,当月活跃技能,0,6,2026-08-06T03:30:35+00:00
2023-10,政府警务信息技术保障岗,数据科学与大数据技术,数据与统计,40,5,0.125,40,5,0.125,当月活跃技能,0,7,2026-08-06T03:30:35+00:00
2023-10,政府警务信息技术保障岗,数据管理,数据与统计,40,1,0.025,40,1,0.025,当月活跃技能,0,12,2026-08-06T03:30:35+00:00
2023-10,政府警务信息技术保障岗,物联网工程,智能化技术,40,1,0.025,40,1,0.025,当月活跃技能,0,13,2026-08-06T03:30:35+00:00
2023-10,政府警务信息技术保障岗,电子信息,通信与电子技术,40,10,0.25,40,10,0.25,稳定核心技能,1,4,2026-08-06T03:30:35+00:00
2023-10,政府警务信息技术保障岗,电子信息工程,通信与电子技术,40,1,0.025,40,1,0.025,当月活跃技能,0,14,2026-08-06T03:30:35+00:00
2023-10,政府警务信息技术保障岗,统计学,数据与统计,40,1,0.025,40,1,0.025,当月活跃技能,0,15,2026-08-06T03:30:35+00:00
2023-10,政府警务信息技术保障岗,网络工程,网络与基础设施,40,5,0.125,40,5,0.125,当月活跃技能,0,8,2026-08-06T03:30:35+00:00
2023-10,政府警务信息技术保障岗,网络空间安全,网络与安全,40,2,0.05,40,2,0.05,当月活跃技能,0,9,2026-08-06T03:30:35+00:00
2023-10,政府警务信息技术保障岗,计算机科学与技术,计算机基础,40,37,0.925,40,37,0.925,稳定核心技能,1,1,2026-08-06T03:30:35+00:00
2023-10,政府警务信息技术保障岗,软件工程,软件工程,40,17,0.425,40,17,0.425,稳定核心技能,1,2,2026-08-06T03:30:35+00:00
2023-10,政府警务信息技术保障岗,通信工程,通信与电子技术,40,12,0.3,40,12,0.3,稳定核心技能,1,3,2026-08-06T03:30:35+00:00
2024-10,政府警务信息技术保障岗,人工智能,智能化技术,24,0,0.0,64,1,0.015625,当月未出现,0,,2026-08-06T03:30:35+00:00
2024-10,政府警务信息技术保障岗,信息安全,网络与安全,24,1,0.041667,64,8,0.125,当月活跃技能,0,9,2026-08-06T03:30:35+00:00
2024-10,政府警务信息技术保障岗,大数据管理与应用,政务信息化,24,0,0.0,64,1,0.015625,当月未出现,0,,2026-08-06T03:30:35+00:00
2024-10,政府警务信息技术保障岗,数据分析,数据与统计,24,3,0.125,64,9,0.140625,当月活跃技能,0,4,2026-08-06T03:30:35+00:00
2024-10,政府警务信息技术保障岗,数据科学与大数据技术,数据与统计,24,4,0.166667,64,9,0.140625,当月活跃技能,0,2,2026-08-06T03:30:35+00:00
2024-10,政府警务信息技术保障岗,数据管理,数据与统计,24,0,0.0,64,1,0.015625,当月未出现,0,,2026-08-06T03:30:35+00:00
2024-10,政府警务信息技术保障岗,物联网工程,智能化技术,24,0,0.0,64,1,0.015625,当月未出现,0,,2026-08-06T03:30:35+00:00
2024-10,政府警务信息技术保障岗,电子信息,通信与电子技术,24,3,0.125,64,13,0.203125,当月活跃技能,0,5,2026-08-06T03:30:35+00:00
2024-10,政府警务信息技术保障岗,电子信息工程,通信与电子技术,24,2,0.083333,64,3,0.046875,当月活跃技能,0,7,2026-08-06T03:30:35+00:00
2024-10,政府警务信息技术保障岗,系统运维,网络与基础设施,24,2,0.083333,64,2,0.03125,当月活跃技能,0,8,2026-08-06T03:30:35+00:00
2024-10,政府警务信息技术保障岗,统计学,数据与统计,24,0,0.0,64,1,0.015625,当月未出现,0,,2026-08-06T03:30:35+00:00
2024-10,政府警务信息技术保障岗,网络工程,网络与基础设施,24,0,0.0,64,5,0.078125,当月未出现,0,,2026-08-06T03:30:35+00:00
2024-10,政府警务信息技术保障岗,网络空间安全,网络与安全,24,1,0.041667,64,3,0.046875,当月活跃技能,0,10,2026-08-06T03:30:35+00:00
2024-10,政府警务信息技术保障岗,自动化,智能化技术,24,1,0.041667,64,1,0.015625,当月活跃技能,0,11,2026-08-06T03:30:35+00:00
2024-10,政府警务信息技术保障岗,计算机科学与技术,计算机基础,24,24,1.0,64,61,0.953125,稳定核心技能,1,1,2026-08-06T03:30:35+00:00
2024-10,政府警务信息技术保障岗,软件工程,软件工程,24,3,0.125,64,20,0.3125,当月活跃技能,0,6,2026-08-06T03:30:35+00:00
2024-10,政府警务信息技术保障岗,通信工程,通信与电子技术,24,4,0.166667,64,16,0.25,当月活跃技能,0,3,2026-08-06T03:30:35+00:00
2025-10,政府警务信息技术保障岗,人工智能,智能化技术,24,5,0.208333,88,6,0.068182,当月活跃技能,0,9,2026-08-06T03:30:35+00:00
2025-10,政府警务信息技术保障岗,信息安全,网络与安全,24,12,0.5,88,20,0.227273,当月活跃技能,0,5,2026-08-06T03:30:35+00:00
2025-10,政府警务信息技术保障岗,大数据管理与应用,政务信息化,24,1,0.041667,88,2,0.022727,当月活跃技能,0,14,2026-08-06T03:30:35+00:00
2025-10,政府警务信息技术保障岗,密码技术,网络与安全,24,1,0.041667,88,1,0.011364,当月活跃技能,0,15,2026-08-06T03:30:35+00:00
2025-10,政府警务信息技术保障岗,数据分析,数据与统计,24,11,0.458333,88,20,0.227273,当月活跃技能,0,7,2026-08-06T03:30:35+00:00
2025-10,政府警务信息技术保障岗,数据安全,网络与安全,24,2,0.083333,88,2,0.022727,当月活跃技能,0,13,2026-08-06T03:30:35+00:00
2025-10,政府警务信息技术保障岗,数据科学与大数据技术,数据与统计,24,5,0.208333,88,14,0.159091,当月活跃技能,0,10,2026-08-06T03:30:35+00:00
2025-10,政府警务信息技术保障岗,数据管理,数据与统计,24,1,0.041667,88,2,0.022727,当月活跃技能,0,16,2026-08-06T03:30:35+00:00
2025-10,政府警务信息技术保障岗,物联网工程,智能化技术,24,0,0.0,88,1,0.011364,当月未出现,0,,2026-08-06T03:30:35+00:00
2025-10,政府警务信息技术保障岗,电子信息,通信与电子技术,24,17,0.708333,88,30,0.340909,稳定核心技能,1,2,2026-08-06T03:30:35+00:00
2025-10,政府警务信息技术保障岗,电子信息工程,通信与电子技术,24,0,0.0,88,3,0.034091,当月未出现,0,,2026-08-06T03:30:35+00:00
2025-10,政府警务信息技术保障岗,系统运维,网络与基础设施,24,0,0.0,88,2,0.022727,当月未出现,0,,2026-08-06T03:30:35+00:00
2025-10,政府警务信息技术保障岗,统计学,数据与统计,24,0,0.0,88,1,0.011364,当月未出现,0,,2026-08-06T03:30:35+00:00
2025-10,政府警务信息技术保障岗,网络工程,网络与基础设施,24,4,0.166667,88,9,0.102273,当月活跃技能,0,11,2026-08-06T03:30:35+00:00
2025-10,政府警务信息技术保障岗,网络空间安全,网络与安全,24,13,0.541667,88,16,0.181818,当月活跃技能,0,4,2026-08-06T03:30:35+00:00
2025-10,政府警务信息技术保障岗,网络运维,网络与基础设施,24,3,0.125,88,3,0.034091,当月活跃技能,0,12,2026-08-06T03:30:35+00:00
2025-10,政府警务信息技术保障岗,自动化,智能化技术,24,10,0.416667,88,11,0.125,当月活跃技能,0,8,2026-08-06T03:30:35+00:00
2025-10,政府警务信息技术保障岗,计算机科学与技术,计算机基础,24,19,0.791667,88,80,0.909091,稳定核心技能,1,1,2026-08-06T03:30:35+00:00
2025-10,政府警务信息技术保障岗,软件工程,软件工程,24,17,0.708333,88,37,0.420455,稳定核心技能,1,3,2026-08-06T03:30:35+00:00
2025-10,政府警务信息技术保障岗,通信工程,通信与电子技术,24,12,0.5,88,28,0.318182,稳定核心技能,1,6,2026-08-06T03:30:35+00:00
2023-10,政府通信电子技术岗,信息系统,政务信息化,7,1,0.142857,7,1,0.142857,当月活跃技能,0,6,2026-08-06T03:30:35+00:00
2023-10,政府通信电子技术岗,地理信息系统,空间信息技术,7,1,0.142857,7,1,0.142857,当月活跃技能,0,7,2026-08-06T03:30:35+00:00
2023-10,政府通信电子技术岗,电子信息,通信与电子技术,7,5,0.714286,7,5,0.714286,稳定核心技能,1,2,2026-08-06T03:30:35+00:00
2023-10,政府通信电子技术岗,网络空间安全,网络与安全,7,2,0.285714,7,2,0.285714,稳定核心技能,1,4,2026-08-06T03:30:35+00:00
2023-10,政府通信电子技术岗,自动化,智能化技术,7,1,0.142857,7,1,0.142857,当月活跃技能,0,8,2026-08-06T03:30:35+00:00
2023-10,政府通信电子技术岗,计算机科学与技术,计算机基础,7,6,0.857143,7,6,0.857143,稳定核心技能,1,1,2026-08-06T03:30:35+00:00
2023-10,政府通信电子技术岗,软件工程,软件工程,7,2,0.285714,7,2,0.285714,稳定核心技能,1,5,2026-08-06T03:30:35+00:00
2023-10,政府通信电子技术岗,通信工程,通信与电子技术,7,3,0.428571,7,3,0.428571,稳定核心技能,1,3,2026-08-06T03:30:35+00:00
2024-10,政府通信电子技术岗,人工智能,智能化技术,11,1,0.090909,18,1,0.055556,当月活跃技能,0,9,2026-08-06T03:30:35+00:00
2024-10,政府通信电子技术岗,信息安全,网络与安全,11,3,0.272727,18,3,0.166667,当月活跃技能,0,6,2026-08-06T03:30:35+00:00
2024-10,政府通信电子技术岗,信息系统,政务信息化,11,0,0.0,18,1,0.055556,当月未出现,0,,2026-08-06T03:30:35+00:00
2024-10,政府通信电子技术岗,地理信息系统,空间信息技术,11,0,0.0,18,1,0.055556,当月未出现,0,,2026-08-06T03:30:35+00:00
2024-10,政府通信电子技术岗,数据科学与大数据技术,数据与统计,11,3,0.272727,18,3,0.166667,当月活跃技能,0,7,2026-08-06T03:30:35+00:00
2024-10,政府通信电子技术岗,物联网工程,智能化技术,11,1,0.090909,18,1,0.055556,当月活跃技能,0,10,2026-08-06T03:30:35+00:00
2024-10,政府通信电子技术岗,电子信息,通信与电子技术,11,7,0.636364,18,12,0.666667,稳定核心技能,1,2,2026-08-06T03:30:35+00:00
2024-10,政府通信电子技术岗,电子信息工程,通信与电子技术,11,4,0.363636,18,4,0.222222,当月活跃技能,0,5,2026-08-06T03:30:35+00:00
2024-10,政府通信电子技术岗,网络工程,网络与基础设施,11,2,0.181818,18,2,0.111111,当月活跃技能,0,8,2026-08-06T03:30:35+00:00
2024-10,政府通信电子技术岗,网络空间安全,网络与安全,11,0,0.0,18,2,0.111111,当月未出现,0,,2026-08-06T03:30:35+00:00
2024-10,政府通信电子技术岗,自动化,智能化技术,11,0,0.0,18,1,0.055556,当月未出现,0,,2026-08-06T03:30:35+00:00
2024-10,政府通信电子技术岗,计算机科学与技术,计算机基础,11,10,0.909091,18,16,0.888889,稳定核心技能,1,1,2026-08-06T03:30:35+00:00
2024-10,政府通信电子技术岗,软件工程,软件工程,11,5,0.454545,18,7,0.388889,稳定核心技能,1,4,2026-08-06T03:30:35+00:00
2024-10,政府通信电子技术岗,通信工程,通信与电子技术,11,7,0.636364,18,10,0.555556,稳定核心技能,1,3,2026-08-06T03:30:35+00:00
2025-10,政府通信电子技术岗,人工智能,智能化技术,2,1,0.5,20,2,0.1,当月活跃技能,0,5,2026-08-06T03:30:35+00:00
2025-10,政府通信电子技术岗,信息安全,网络与安全,2,0,0.0,20,3,0.15,当月未出现,0,,2026-08-06T03:30:35+00:00
2025-10,政府通信电子技术岗,信息系统,政务信息化,2,0,0.0,20,1,0.05,当月未出现,0,,2026-08-06T03:30:35+00:00
2025-10,政府通信电子技术岗,地理信息系统,空间信息技术,2,0,0.0,20,1,0.05,当月未出现,0,,2026-08-06T03:30:35+00:00
2025-10,政府通信电子技术岗,数据科学与大数据技术,数据与统计,2,0,0.0,20,3,0.15,当月未出现,0,,2026-08-06T03:30:35+00:00
2025-10,政府通信电子技术岗,物联网工程,智能化技术,2,0,0.0,20,1,0.05,当月未出现,0,,2026-08-06T03:30:35+00:00
2025-10,政府通信电子技术岗,电子信息,通信与电子技术,2,1,0.5,20,13,0.65,稳定核心技能,1,6,2026-08-06T03:30:35+00:00
2025-10,政府通信电子技术岗,电子信息工程,通信与电子技术,2,0,0.0,20,4,0.2,当月未出现,0,,2026-08-06T03:30:35+00:00
2025-10,政府通信电子技术岗,网络工程,网络与基础设施,2,0,0.0,20,2,0.1,当月未出现,0,,2026-08-06T03:30:35+00:00
2025-10,政府通信电子技术岗,网络空间安全,网络与安全,2,2,1.0,20,4,0.2,当月活跃技能,0,1,2026-08-06T03:30:35+00:00
2025-10,政府通信电子技术岗,自动化,智能化技术,2,0,0.0,20,1,0.05,当月未出现,0,,2026-08-06T03:30:35+00:00
2025-10,政府通信电子技术岗,计算机科学与技术,计算机基础,2,2,1.0,20,18,0.9,稳定核心技能,1,2,2026-08-06T03:30:35+00:00
2025-10,政府通信电子技术岗,软件工程,软件工程,2,2,1.0,20,9,0.45,稳定核心技能,1,3,2026-08-06T03:30:35+00:00
2025-10,政府通信电子技术岗,通信工程,通信与电子技术,2,2,1.0,20,12,0.6,稳定核心技能,1,4,2026-08-06T03:30:35+00:00
2023-10,政府通用计算机技术岗,人工智能,智能化技术,37,3,0.081081,37,3,0.081081,当月活跃技能,0,10,2026-08-06T03:30:35+00:00
2023-10,政府通用计算机技术岗,信息化建设,政务信息化,37,1,0.027027,37,1,0.027027,当月活跃技能,0,16,2026-08-06T03:30:35+00:00
2023-10,政府通用计算机技术岗,信息安全,网络与安全,37,21,0.567568,37,21,0.567568,稳定核心技能,1,3,2026-08-06T03:30:35+00:00
2023-10,政府通用计算机技术岗,信息管理与信息系统,政务信息化,37,1,0.027027,37,1,0.027027,当月活跃技能,0,17,2026-08-06T03:30:35+00:00
2023-10,政府通用计算机技术岗,信息系统,政务信息化,37,5,0.135135,37,5,0.135135,当月活跃技能,0,8,2026-08-06T03:30:35+00:00
2023-10,政府通用计算机技术岗,数据处理,数据与统计,37,1,0.027027,37,1,0.027027,当月活跃技能,0,18,2026-08-06T03:30:35+00:00
2023-10,政府通用计算机技术岗,数据科学与大数据技术,数据与统计,37,12,0.324324,37,12,0.324324,稳定核心技能,1,5,2026-08-06T03:30:35+00:00
2023-10,政府通用计算机技术岗,数据计算及应用,数据与统计,37,3,0.081081,37,3,0.081081,当月活跃技能,0,11,2026-08-06T03:30:35+00:00
2023-10,政府通用计算机技术岗,物联网工程,智能化技术,37,2,0.054054,37,2,0.054054,当月活跃技能,0,12,2026-08-06T03:30:35+00:00
2023-10,政府通用计算机技术岗,电子信息,通信与电子技术,37,8,0.216216,37,8,0.216216,当月活跃技能,0,6,2026-08-06T03:30:35+00:00
2023-10,政府通用计算机技术岗,电子信息工程,通信与电子技术,37,2,0.054054,37,2,0.054054,当月活跃技能,0,13,2026-08-06T03:30:35+00:00
2023-10,政府通用计算机技术岗,系统运维,网络与基础设施,37,1,0.027027,37,1,0.027027,当月活跃技能,0,19,2026-08-06T03:30:35+00:00
2023-10,政府通用计算机技术岗,统计学,数据与统计,37,2,0.054054,37,2,0.054054,当月活跃技能,0,14,2026-08-06T03:30:35+00:00
2023-10,政府通用计算机技术岗,网络工程,网络与基础设施,37,15,0.405405,37,15,0.405405,稳定核心技能,1,4,2026-08-06T03:30:35+00:00
2023-10,政府通用计算机技术岗,网络空间安全,网络与安全,37,5,0.135135,37,5,0.135135,当月活跃技能,0,9,2026-08-06T03:30:35+00:00
2023-10,政府通用计算机技术岗,网络运维,网络与基础设施,37,8,0.216216,37,8,0.216216,当月活跃技能,0,7,2026-08-06T03:30:35+00:00
2023-10,政府通用计算机技术岗,自动化,智能化技术,37,1,0.027027,37,1,0.027027,当月活跃技能,0,20,2026-08-06T03:30:35+00:00
2023-10,政府通用计算机技术岗,计算机科学与技术,计算机基础,37,36,0.972973,37,36,0.972973,稳定核心技能,1,1,2026-08-06T03:30:35+00:00
2023-10,政府通用计算机技术岗,软件工程,软件工程,37,22,0.594595,37,22,0.594595,稳定核心技能,1,2,2026-08-06T03:30:35+00:00
2023-10,政府通用计算机技术岗,通信工程,通信与电子技术,37,2,0.054054,37,2,0.054054,当月活跃技能,0,15,2026-08-06T03:30:35+00:00
2024-10,政府通用计算机技术岗,人工智能,智能化技术,38,4,0.105263,75,7,0.093333,当月活跃技能,0,7,2026-08-06T03:30:35+00:00
2024-10,政府通用计算机技术岗,信息化建设,政务信息化,38,0,0.0,75,1,0.013333,当月未出现,0,,2026-08-06T03:30:35+00:00
2024-10,政府通用计算机技术岗,信息安全,网络与安全,38,8,0.210526,75,29,0.386667,当月活跃技能,0,5,2026-08-06T03:30:35+00:00
2024-10,政府通用计算机技术岗,信息管理与信息系统,政务信息化,38,1,0.026316,75,2,0.026667,当月活跃技能,0,13,2026-08-06T03:30:35+00:00
2024-10,政府通用计算机技术岗,信息系统,政务信息化,38,3,0.078947,75,8,0.106667,当月活跃技能,0,9,2026-08-06T03:30:35+00:00
2024-10,政府通用计算机技术岗,密码技术,网络与安全,38,1,0.026316,75,1,0.013333,当月活跃技能,0,14,2026-08-06T03:30:35+00:00
2024-10,政府通用计算机技术岗,数据分析,数据与统计,38,1,0.026316,75,1,0.013333,当月活跃技能,0,15,2026-08-06T03:30:35+00:00
2024-10,政府通用计算机技术岗,数据处理,数据与统计,38,2,0.052632,75,3,0.04,当月活跃技能,0,10,2026-08-06T03:30:35+00:00
2024-10,政府通用计算机技术岗,数据安全,网络与安全,38,1,0.026316,75,1,0.013333,当月活跃技能,0,16,2026-08-06T03:30:35+00:00
2024-10,政府通用计算机技术岗,数据科学与大数据技术,数据与统计,38,13,0.342105,75,25,0.333333,稳定核心技能,1,2,2026-08-06T03:30:35+00:00
2024-10,政府通用计算机技术岗,数据管理,数据与统计,38,1,0.026316,75,1,0.013333,当月活跃技能,0,17,2026-08-06T03:30:35+00:00
2024-10,政府通用计算机技术岗,数据计算及应用,数据与统计,38,2,0.052632,75,5,0.066667,当月活跃技能,0,11,2026-08-06T03:30:35+00:00
2024-10,政府通用计算机技术岗,物联网工程,智能化技术,38,0,0.0,75,2,0.026667,当月未出现,0,,2026-08-06T03:30:35+00:00
2024-10,政府通用计算机技术岗,电子信息,通信与电子技术,38,4,0.105263,75,12,0.16,当月活跃技能,0,8,2026-08-06T03:30:35+00:00
2024-10,政府通用计算机技术岗,电子信息工程,通信与电子技术,38,1,0.026316,75,3,0.04,当月活跃技能,0,18,2026-08-06T03:30:35+00:00
2024-10,政府通用计算机技术岗,系统运维,网络与基础设施,38,0,0.0,75,1,0.013333,当月未出现,0,,2026-08-06T03:30:35+00:00
2024-10,政府通用计算机技术岗,统计学,数据与统计,38,1,0.026316,75,3,0.04,当月活跃技能,0,19,2026-08-06T03:30:35+00:00
2024-10,政府通用计算机技术岗,网络工程,网络与基础设施,38,11,0.289474,75,26,0.346667,稳定核心技能,1,3,2026-08-06T03:30:35+00:00
2024-10,政府通用计算机技术岗,网络空间安全,网络与安全,38,8,0.210526,75,13,0.173333,当月活跃技能,0,6,2026-08-06T03:30:35+00:00
2024-10,政府通用计算机技术岗,网络运维,网络与基础设施,38,2,0.052632,75,10,0.133333,当月活跃技能,0,12,2026-08-06T03:30:35+00:00
2024-10,政府通用计算机技术岗,自动化,智能化技术,38,1,0.026316,75,2,0.026667,当月活跃技能,0,20,2026-08-06T03:30:35+00:00
2024-10,政府通用计算机技术岗,计算机科学与技术,计算机基础,38,31,0.815789,75,67,0.893333,稳定核心技能,1,1,2026-08-06T03:30:35+00:00
2024-10,政府通用计算机技术岗,软件工程,软件工程,38,11,0.289474,75,33,0.44,稳定核心技能,1,4,2026-08-06T03:30:35+00:00
2024-10,政府通用计算机技术岗,通信工程,通信与电子技术,38,1,0.026316,75,3,0.04,当月活跃技能,0,21,2026-08-06T03:30:35+00:00
2025-10,政府通用计算机技术岗,人工智能,智能化技术,35,7,0.2,110,14,0.127273,当月活跃技能,0,8,2026-08-06T03:30:35+00:00
2025-10,政府通用计算机技术岗,信息化建设,政务信息化,35,0,0.0,110,1,0.009091,当月未出现,0,,2026-08-06T03:30:35+00:00
2025-10,政府通用计算机技术岗,信息安全,网络与安全,35,12,0.342857,110,41,0.372727,稳定核心技能,1,4,2026-08-06T03:30:35+00:00
2025-10,政府通用计算机技术岗,信息管理与信息系统,政务信息化,35,0,0.0,110,2,0.018182,当月未出现,0,,2026-08-06T03:30:35+00:00
2025-10,政府通用计算机技术岗,信息系统,政务信息化,35,1,0.028571,110,9,0.081818,当月活跃技能,0,12,2026-08-06T03:30:35+00:00
2025-10,政府通用计算机技术岗,密码技术,网络与安全,35,1,0.028571,110,2,0.018182,当月活跃技能,0,13,2026-08-06T03:30:35+00:00
2025-10,政府通用计算机技术岗,数据分析,数据与统计,35,2,0.057143,110,3,0.027273,当月活跃技能,0,11,2026-08-06T03:30:35+00:00
2025-10,政府通用计算机技术岗,数据处理,数据与统计,35,0,0.0,110,3,0.027273,当月未出现,0,,2026-08-06T03:30:35+00:00
2025-10,政府通用计算机技术岗,数据安全,网络与安全,35,0,0.0,110,1,0.009091,当月未出现,0,,2026-08-06T03:30:35+00:00
2025-10,政府通用计算机技术岗,数据科学与大数据技术,数据与统计,35,9,0.257143,110,34,0.309091,稳定核心技能,1,7,2026-08-06T03:30:35+00:00
2025-10,政府通用计算机技术岗,数据管理,数据与统计,35,1,0.028571,110,2,0.018182,当月活跃技能,0,14,2026-08-06T03:30:35+00:00
2025-10,政府通用计算机技术岗,数据计算及应用,数据与统计,35,1,0.028571,110,6,0.054545,当月活跃技能,0,15,2026-08-06T03:30:35+00:00
2025-10,政府通用计算机技术岗,物联网工程,智能化技术,35,0,0.0,110,2,0.018182,当月未出现,0,,2026-08-06T03:30:35+00:00
2025-10,政府通用计算机技术岗,电子信息,通信与电子技术,35,10,0.285714,110,22,0.2,当月活跃技能,0,6,2026-08-06T03:30:35+00:00
2025-10,政府通用计算机技术岗,电子信息工程,通信与电子技术,35,0,0.0,110,3,0.027273,当月未出现,0,,2026-08-06T03:30:35+00:00
2025-10,政府通用计算机技术岗,系统运维,网络与基础设施,35,1,0.028571,110,2,0.018182,当月活跃技能,0,16,2026-08-06T03:30:35+00:00
2025-10,政府通用计算机技术岗,统计学,数据与统计,35,5,0.142857,110,8,0.072727,当月活跃技能,0,9,2026-08-06T03:30:35+00:00
2025-10,政府通用计算机技术岗,网络工程,网络与基础设施,35,13,0.371429,110,39,0.354545,稳定核心技能,1,3,2026-08-06T03:30:35+00:00
2025-10,政府通用计算机技术岗,网络空间安全,网络与安全,35,11,0.314286,110,24,0.218182,当月活跃技能,0,5,2026-08-06T03:30:35+00:00
2025-10,政府通用计算机技术岗,网络运维,网络与基础设施,35,0,0.0,110,10,0.090909,当月未出现,0,,2026-08-06T03:30:35+00:00
2025-10,政府通用计算机技术岗,自动化,智能化技术,35,1,0.028571,110,3,0.027273,当月活跃技能,0,17,2026-08-06T03:30:35+00:00
2025-10,政府通用计算机技术岗,计算机科学与技术,计算机基础,35,32,0.914286,110,99,0.9,稳定核心技能,1,1,2026-08-06T03:30:35+00:00
2025-10,政府通用计算机技术岗,软件工程,软件工程,35,20,0.571429,110,53,0.481818,稳定核心技能,1,2,2026-08-06T03:30:35+00:00
2025-10,政府通用计算机技术岗,通信工程,通信与电子技术,35,3,0.085714,110,6,0.054545,当月活跃技能,0,10,2026-08-06T03:30:35+00:00
