month,standard_job,skill,kg_display_skill,lifecycle_status,first_seen_month,last_seen_month,age_months,months_since_last_seen,current_monthly_skill_count,current_monthly_skill_frequency,cumulative_skill_count,cumulative_skill_frequency,recent_3m_skill_count,recent_6m_skill_count,recent_3m_active_months,recent_6m_active_months,prev_3m_skill_count,prev_6m_skill_count,mom_frequency_change,recent_3m_vs_prev_3m_change,recent_6m_frequency_stddev,covered_job_count,recent_3m_covered_job_count,prev_3m_covered_job_count,recent_3m_covered_job_count_change,lifecycle_reason,updated_at
2024-10,政府人工智能专利审查与技术监管岗,人工智能,智能化技术,新兴技能,2024-10,2024-10,1,0,1,1.0,1,1.0,1,1,1,1,0,0,0.0,0.0,0.0,0,0,0,0,first appeared in the latest annual recruitment cycle; government metrics use observed annual recruitment cycles,2026-08-06T03:30:35+00:00
2024-10,政府人工智能专利审查与技术监管岗,信息安全,网络与安全,新兴技能,2024-10,2024-10,1,0,1,1.0,1,1.0,1,1,1,1,0,0,0.0,0.0,0.0,0,0,0,0,first appeared in the latest annual recruitment cycle; government metrics use observed annual recruitment cycles,2026-08-06T03:30:35+00:00
2024-10,政府人工智能专利审查与技术监管岗,密码技术,网络与安全,新兴技能,2024-10,2024-10,1,0,1,1.0,1,1.0,1,1,1,1,0,0,0.0,0.0,0.0,0,0,0,0,first appeared in the latest annual recruitment cycle; government metrics use observed annual recruitment cycles,2026-08-06T03:30:35+00:00
2024-10,政府人工智能专利审查与技术监管岗,数据科学与大数据技术,数据与统计,新兴技能,2024-10,2024-10,1,0,1,1.0,1,1.0,1,1,1,1,0,0,0.0,0.0,0.0,0,0,0,0,first appeared in the latest annual recruitment cycle; government metrics use observed annual recruitment cycles,2026-08-06T03:30:35+00:00
2024-10,政府人工智能专利审查与技术监管岗,物联网工程,智能化技术,新兴技能,2024-10,2024-10,1,0,1,1.0,1,1.0,1,1,1,1,0,0,0.0,0.0,0.0,0,0,0,0,first appeared in the latest annual recruitment cycle; government metrics use observed annual recruitment cycles,2026-08-06T03:30:35+00:00
2024-10,政府人工智能专利审查与技术监管岗,计算机科学与技术,计算机基础,新兴技能,2024-10,2024-10,1,0,1,1.0,1,1.0,1,1,1,1,0,0,0.0,0.0,0.0,0,0,0,0,first appeared in the latest annual recruitment cycle; government metrics use observed annual recruitment cycles,2026-08-06T03:30:35+00:00
2024-10,政府人工智能专利审查与技术监管岗,软件工程,软件工程,新兴技能,2024-10,2024-10,1,0,1,1.0,1,1.0,1,1,1,1,0,0,0.0,0.0,0.0,0,0,0,0,first appeared in the latest annual recruitment cycle; government metrics use observed annual recruitment cycles,2026-08-06T03:30:35+00:00
2025-10,政府信息化审计岗,数据科学与大数据技术,数据与统计,新兴技能,2025-10,2025-10,1,0,1,1.0,1,0.5,1,1,1,1,0,0,0.0,0.0,0.0,0,0,0,0,first appeared in the latest annual recruitment cycle; government metrics use observed annual recruitment cycles,2026-08-06T03:30:35+00:00
2025-10,政府信息化审计岗,电子信息,通信与电子技术,新兴技能,2025-10,2025-10,1,0,1,1.0,1,0.5,1,1,1,1,0,0,0.0,0.0,0.0,0,0,0,0,first appeared in the latest annual recruitment cycle; government metrics use observed annual recruitment cycles,2026-08-06T03:30:35+00:00
2025-10,政府信息化审计岗,统计学,数据与统计,新兴技能,2025-10,2025-10,1,0,1,1.0,1,0.5,1,1,1,1,0,0,0.0,0.0,0.0,0,0,0,0,first appeared in the latest annual recruitment cycle; government metrics use observed annual recruitment cycles,2026-08-06T03:30:35+00:00
2025-10,政府信息化审计岗,计算机科学与技术,计算机基础,衰退技能,2023-10,2023-10,1,1,0,0.0,1,0.5,1,1,1,1,0,0,0.0,0.0,0.0,0,0,0,0,appeared historically but not in the latest annual recruitment cycle; government metrics use observed annual recruitment cycles,2026-08-06T03:30:35+00:00
2025-10,政府信息化建设与管理岗,人工智能,智能化技术,活跃技能,2023-10,2025-10,3,0,11,0.150685,26,0.12093,26,26,3,3,0,0,0.0,0.0,0.0,0,0,0,0,appeared in the latest annual recruitment cycle; government metrics use observed annual recruitment cycles,2026-08-06T03:30:35+00:00
2025-10,政府信息化建设与管理岗,信息化建设,政务信息化,活跃技能,2023-10,2025-10,3,0,19,0.260274,39,0.181395,39,39,3,3,0,0,0.0,0.0,0.0,0,0,0,0,appeared in the latest annual recruitment cycle; government metrics use observed annual recruitment cycles,2026-08-06T03:30:35+00:00
2025-10,政府信息化建设与管理岗,信息安全,网络与安全,活跃技能,2023-10,2025-10,3,0,8,0.109589,29,0.134884,29,29,3,3,0,0,0.0,0.0,0.0,0,0,0,0,appeared in the latest annual recruitment cycle; government metrics use observed annual recruitment cycles,2026-08-06T03:30:35+00:00
2025-10,政府信息化建设与管理岗,信息管理与信息系统,政务信息化,废弃技能,2023-10,2023-10,1,2,0,0.0,4,0.018605,4,4,1,1,0,0,0.0,0.0,0.0,0,0,0,0,absent for at least two observed annual recruitment cycles; government metrics use observed annual recruitment cycles,2026-08-06T03:30:35+00:00
2025-10,政府信息化建设与管理岗,信息系统,政务信息化,活跃技能,2023-10,2025-10,2,0,3,0.041096,11,0.051163,11,11,2,2,0,0,0.0,0.0,0.0,0,0,0,0,appeared in the latest annual recruitment cycle; government metrics use observed annual recruitment cycles,2026-08-06T03:30:35+00:00
2025-10,政府信息化建设与管理岗,大数据管理与应用,政务信息化,废弃技能,2023-10,2023-10,1,2,0,0.0,3,0.013953,3,3,1,1,0,0,0.0,0.0,0.0,0,0,0,0,absent for at least two observed annual recruitment cycles; government metrics use observed annual recruitment cycles,2026-08-06T03:30:35+00:00
2025-10,政府信息化建设与管理岗,密码技术,网络与安全,衰退技能,2023-10,2024-10,2,1,0,0.0,4,0.018605,4,4,2,2,0,0,0.0,0.0,0.0,0,0,0,0,appeared historically but not in the latest annual recruitment cycle; government metrics use observed annual recruitment cycles,2026-08-06T03:30:35+00:00
2025-10,政府信息化建设与管理岗,数据科学与大数据技术,数据与统计,活跃技能,2023-10,2025-10,3,0,10,0.136986,27,0.125581,27,27,3,3,0,0,0.0,0.0,0.0,0,0,0,0,appeared in the latest annual recruitment cycle; government metrics use observed annual recruitment cycles,2026-08-06T03:30:35+00:00
2025-10,政府信息化建设与管理岗,数据管理,数据与统计,废弃技能,2023-10,2023-10,1,2,0,0.0,3,0.013953,3,3,1,1,0,0,0.0,0.0,0.0,0,0,0,0,absent for at least two observed annual recruitment cycles; government metrics use observed annual recruitment cycles,2026-08-06T03:30:35+00:00
2025-10,政府信息化建设与管理岗,数据计算及应用,数据与统计,衰退技能,2023-10,2023-10,1,2,0,0.0,2,0.009302,2,2,1,1,0,0,0.0,0.0,0.0,0,0,0,0,appeared historically but not in the latest annual recruitment cycle; government metrics use observed annual recruitment cycles,2026-08-06T03:30:35+00:00
2025-10,政府信息化建设与管理岗,物联网工程,智能化技术,衰退技能,2023-10,2024-10,2,1,0,0.0,7,0.032558,7,7,2,2,0,0,0.0,0.0,0.0,0,0,0,0,appeared historically but not in the latest annual recruitment cycle; government metrics use observed annual recruitment cycles,2026-08-06T03:30:35+00:00
2025-10,政府信息化建设与管理岗,电子信息,通信与电子技术,稳定核心技能,2023-10,2025-10,3,0,62,0.849315,157,0.730233,157,157,3,3,0,0,0.0,0.0,0.0,0,0,0,0,appeared in multiple annual recruitment cycles with sustained cumulative demand; government metrics use observed annual recruitment cycles,2026-08-06T03:30:35+00:00
2025-10,政府信息化建设与管理岗,电子信息工程,通信与电子技术,废弃技能,2023-10,2023-10,1,2,0,0.0,6,0.027907,6,6,1,1,0,0,0.0,0.0,0.0,0,0,0,0,absent for at least two observed annual recruitment cycles; government metrics use observed annual recruitment cycles,2026-08-06T03:30:35+00:00
2025-10,政府信息化建设与管理岗,统计分析,数据与统计,新兴技能,2025-10,2025-10,1,0,1,0.013699,1,0.004651,1,1,1,1,0,0,0.0,0.0,0.0,0,0,0,0,first appeared in the latest annual recruitment cycle; government metrics use observed annual recruitment cycles,2026-08-06T03:30:35+00:00
2025-10,政府信息化建设与管理岗,统计学,数据与统计,活跃技能,2023-10,2025-10,2,0,2,0.027397,7,0.032558,7,7,2,2,0,0,0.0,0.0,0.0,0,0,0,0,appeared in the latest annual recruitment cycle; government metrics use observed annual recruitment cycles,2026-08-06T03:30:35+00:00
2025-10,政府信息化建设与管理岗,网络工程,网络与基础设施,活跃技能,2023-10,2025-10,3,0,1,0.013699,21,0.097674,21,21,3,3,0,0,0.0,0.0,0.0,0,0,0,0,appeared in the latest annual recruitment cycle; government metrics use observed annual recruitment cycles,2026-08-06T03:30:35+00:00
2025-10,政府信息化建设与管理岗,网络空间安全,网络与安全,活跃技能,2023-10,2025-10,3,0,11,0.150685,31,0.144186,31,31,3,3,0,0,0.0,0.0,0.0,0,0,0,0,appeared in the latest annual recruitment cycle; government metrics use observed annual recruitment cycles,2026-08-06T03:30:35+00:00
2025-10,政府信息化建设与管理岗,自动化,智能化技术,活跃技能,2023-10,2025-10,3,0,1,0.013699,15,0.069767,15,15,3,3,0,0,0.0,0.0,0.0,0,0,0,0,appeared in the latest annual recruitment cycle; government metrics use observed annual recruitment cycles,2026-08-06T03:30:35+00:00
2025-10,政府信息化建设与管理岗,计算机科学与技术,计算机基础,稳定核心技能,2023-10,2025-10,3,0,72,0.986301,191,0.888372,191,191,3,3,0,0,0.0,0.0,0.0,0,0,0,0,appeared in multiple annual recruitment cycles with sustained cumulative demand; government metrics use observed annual recruitment cycles,2026-08-06T03:30:35+00:00
2025-10,政府信息化建设与管理岗,软件工程,软件工程,稳定核心技能,2023-10,2025-10,3,0,19,0.260274,62,0.288372,62,62,3,3,0,0,0.0,0.0,0.0,0,0,0,0,appeared in multiple annual recruitment cycles with sustained cumulative demand; government metrics use observed annual recruitment cycles,2026-08-06T03:30:35+00:00
2025-10,政府信息化建设与管理岗,通信工程,通信与电子技术,活跃技能,2023-10,2025-10,3,0,5,0.068493,26,0.12093,26,26,3,3,0,0,0.0,0.0,0.0,0,0,0,0,appeared in the latest annual recruitment cycle; government metrics use observed annual recruitment cycles,2026-08-06T03:30:35+00:00
2025-10,政府信息化建设与管理岗,遥感技术,空间信息技术,活跃技能,2024-10,2025-10,2,0,1,0.013699,2,0.009302,2,2,2,2,0,0,0.0,0.0,0.0,0,0,0,0,appeared in the latest annual recruitment cycle; government metrics use observed annual recruitment cycles,2026-08-06T03:30:35+00:00
2025-10,政府信息系统开发岗,人工智能,智能化技术,新兴技能,2025-10,2025-10,1,0,1,0.25,1,0.045455,1,1,1,1,0,0,0.0,0.0,0.0,0,0,0,0,first appeared in the latest annual recruitment cycle; government metrics use observed annual recruitment cycles,2026-08-06T03:30:35+00:00
2025-10,政府信息系统开发岗,信息安全,网络与安全,活跃技能,2024-10,2025-10,2,0,1,0.25,2,0.090909,2,2,2,2,0,0,0.0,0.0,0.0,0,0,0,0,appeared in the latest annual recruitment cycle; government metrics use observed annual recruitment cycles,2026-08-06T03:30:35+00:00
2025-10,政府信息系统开发岗,信息管理与信息系统,政务信息化,衰退技能,2024-10,2024-10,1,1,0,0.0,1,0.045455,1,1,1,1,0,0,0.0,0.0,0.0,0,0,0,0,appeared historically but not in the latest annual recruitment cycle; government metrics use observed annual recruitment cycles,2026-08-06T03:30:35+00:00
2025-10,政府信息系统开发岗,信息系统,政务信息化,衰退技能,2023-10,2024-10,2,1,0,0.0,5,0.227273,5,5,2,2,0,0,0.0,0.0,0.0,0,0,0,0,appeared historically but not in the latest annual recruitment cycle; government metrics use observed annual recruitment cycles,2026-08-06T03:30:35+00:00
2025-10,政府信息系统开发岗,大数据管理与应用,政务信息化,衰退技能,2024-10,2024-10,1,1,0,0.0,1,0.045455,1,1,1,1,0,0,0.0,0.0,0.0,0,0,0,0,appeared historically but not in the latest annual recruitment cycle; government metrics use observed annual recruitment cycles,2026-08-06T03:30:35+00:00
2025-10,政府信息系统开发岗,数据分析,数据与统计,衰退技能,2024-10,2024-10,1,1,0,0.0,1,0.045455,1,1,1,1,0,0,0.0,0.0,0.0,0,0,0,0,appeared historically but not in the latest annual recruitment cycle; government metrics use observed annual recruitment cycles,2026-08-06T03:30:35+00:00
2025-10,政府信息系统开发岗,数据科学与大数据技术,数据与统计,新兴技能,2025-10,2025-10,1,0,1,0.25,1,0.045455,1,1,1,1,0,0,0.0,0.0,0.0,0,0,0,0,first appeared in the latest annual recruitment cycle; government metrics use observed annual recruitment cycles,2026-08-06T03:30:35+00:00
2025-10,政府信息系统开发岗,数据管理,数据与统计,衰退技能,2024-10,2024-10,1,1,0,0.0,1,0.045455,1,1,1,1,0,0,0.0,0.0,0.0,0,0,0,0,appeared historically but not in the latest annual recruitment cycle; government metrics use observed annual recruitment cycles,2026-08-06T03:30:35+00:00
2025-10,政府信息系统开发岗,电子信息,通信与电子技术,稳定核心技能,2023-10,2025-10,3,0,3,0.75,18,0.818182,18,18,3,3,0,0,0.0,0.0,0.0,0,0,0,0,appeared in multiple annual recruitment cycles with sustained cumulative demand; government metrics use observed annual recruitment cycles,2026-08-06T03:30:35+00:00
2025-10,政府信息系统开发岗,电子信息工程,通信与电子技术,活跃技能,2024-10,2025-10,2,0,1,0.25,2,0.090909,2,2,2,2,0,0,0.0,0.0,0.0,0,0,0,0,appeared in the latest annual recruitment cycle; government metrics use observed annual recruitment cycles,2026-08-06T03:30:35+00:00
2025-10,政府信息系统开发岗,系统运维,网络与基础设施,新兴技能,2025-10,2025-10,1,0,1,0.25,1,0.045455,1,1,1,1,0,0,0.0,0.0,0.0,0,0,0,0,first appeared in the latest annual recruitment cycle; government metrics use observed annual recruitment cycles,2026-08-06T03:30:35+00:00
2025-10,政府信息系统开发岗,统计学,数据与统计,衰退技能,2024-10,2024-10,1,1,0,0.0,1,0.045455,1,1,1,1,0,0,0.0,0.0,0.0,0,0,0,0,appeared historically but not in the latest annual recruitment cycle; government metrics use observed annual recruitment cycles,2026-08-06T03:30:35+00:00
2025-10,政府信息系统开发岗,网络空间安全,网络与安全,稳定核心技能,2023-10,2025-10,3,0,2,0.5,9,0.409091,9,9,3,3,0,0,0.0,0.0,0.0,0,0,0,0,appeared in multiple annual recruitment cycles with sustained cumulative demand; government metrics use observed annual recruitment cycles,2026-08-06T03:30:35+00:00
2025-10,政府信息系统开发岗,自动化,智能化技术,稳定核心技能,2023-10,2025-10,3,0,1,0.25,11,0.5,11,11,3,3,0,0,0.0,0.0,0.0,0,0,0,0,appeared in multiple annual recruitment cycles with sustained cumulative demand; government metrics use observed annual recruitment cycles,2026-08-06T03:30:35+00:00
2025-10,政府信息系统开发岗,计算机科学与技术,计算机基础,稳定核心技能,2023-10,2025-10,3,0,3,0.75,19,0.863636,19,19,3,3,0,0,0.0,0.0,0.0,0,0,0,0,appeared in multiple annual recruitment cycles with sustained cumulative demand; government metrics use observed annual recruitment cycles,2026-08-06T03:30:35+00:00
2025-10,政府信息系统开发岗,软件工程,软件工程,稳定核心技能,2023-10,2025-10,3,0,3,0.75,20,0.909091,20,20,3,3,0,0,0.0,0.0,0.0,0,0,0,0,appeared in multiple annual recruitment cycles with sustained cumulative demand; government metrics use observed annual recruitment cycles,2026-08-06T03:30:35+00:00
2025-10,政府信息系统开发岗,通信工程,通信与电子技术,稳定核心技能,2023-10,2025-10,3,0,3,0.75,18,0.818182,18,18,3,3,0,0,0.0,0.0,0.0,0,0,0,0,appeared in multiple annual recruitment cycles with sustained cumulative demand; government metrics use observed annual recruitment cycles,2026-08-06T03:30:35+00:00
2025-10,政府信息系统运维岗,人工智能,智能化技术,活跃技能,2023-10,2025-10,3,0,23,0.1,26,0.044444,26,26,3,3,0,0,0.0,0.0,0.0,0,0,0,0,appeared in the latest annual recruitment cycle; government metrics use observed annual recruitment cycles,2026-08-06T03:30:35+00:00
2025-10,政府信息系统运维岗,信息化建设,政务信息化,新兴技能,2025-10,2025-10,1,0,1,0.004348,1,0.001709,1,1,1,1,0,0,0.0,0.0,0.0,0,0,0,0,first appeared in the latest annual recruitment cycle; government metrics use observed annual recruitment cycles,2026-08-06T03:30:35+00:00
2025-10,政府信息系统运维岗,信息安全,网络与安全,稳定核心技能,2023-10,2025-10,3,0,98,0.426087,211,0.360684,211,211,3,3,0,0,0.0,0.0,0.0,0,0,0,0,appeared in multiple annual recruitment cycles with sustained cumulative demand; government metrics use observed annual recruitment cycles,2026-08-06T03:30:35+00:00
2025-10,政府信息系统运维岗,信息管理与信息系统,政务信息化,新兴技能,2025-10,2025-10,1,0,27,0.117391,27,0.046154,27,27,1,1,0,0,0.0,0.0,0.0,0,0,0,0,first appeared in the latest annual recruitment cycle; government metrics use observed annual recruitment cycles,2026-08-06T03:30:35+00:00
2025-10,政府信息系统运维岗,信息系统,政务信息化,稳定核心技能,2023-10,2025-10,3,0,222,0.965217,565,0.965812,565,565,3,3,0,0,0.0,0.0,0.0,0,0,0,0,appeared in multiple annual recruitment cycles with sustained cumulative demand; government metrics use observed annual recruitment cycles,2026-08-06T03:30:35+00:00
2025-10,政府信息系统运维岗,大数据管理与应用,政务信息化,新兴技能,2025-10,2025-10,1,0,27,0.117391,27,0.046154,27,27,1,1,0,0,0.0,0.0,0.0,0,0,0,0,first appeared in the latest annual recruitment cycle; government metrics use observed annual recruitment cycles,2026-08-06T03:30:35+00:00
2025-10,政府信息系统运维岗,数据分析,数据与统计,新兴技能,2025-10,2025-10,1,0,2,0.008696,2,0.003419,2,2,1,1,0,0,0.0,0.0,0.0,0,0,0,0,first appeared in the latest annual recruitment cycle; government metrics use observed annual recruitment cycles,2026-08-06T03:30:35+00:00
2025-10,政府信息系统运维岗,数据科学与大数据技术,数据与统计,活跃技能,2023-10,2025-10,3,0,87,0.378261,130,0.222222,130,130,3,3,0,0,0.0,0.0,0.0,0,0,0,0,appeared in the latest annual recruitment cycle; government metrics use observed annual recruitment cycles,2026-08-06T03:30:35+00:00
2025-10,政府信息系统运维岗,数据管理,数据与统计,新兴技能,2025-10,2025-10,1,0,27,0.117391,27,0.046154,27,27,1,1,0,0,0.0,0.0,0.0,0,0,0,0,first appeared in the latest annual recruitment cycle; government metrics use observed annual recruitment cycles,2026-08-06T03:30:35+00:00
2025-10,政府信息系统运维岗,物联网工程,智能化技术,活跃技能,2023-10,2025-10,3,0,41,0.178261,92,0.157265,92,92,3,3,0,0,0.0,0.0,0.0,0,0,0,0,appeared in the latest annual recruitment cycle; government metrics use observed annual recruitment cycles,2026-08-06T03:30:35+00:00
2025-10,政府信息系统运维岗,电子信息,通信与电子技术,稳定核心技能,2023-10,2025-10,3,0,82,0.356522,151,0.25812,151,151,3,3,0,0,0.0,0.0,0.0,0,0,0,0,appeared in multiple annual recruitment cycles with sustained cumulative demand; government metrics use observed annual recruitment cycles,2026-08-06T03:30:35+00:00
2025-10,政府信息系统运维岗,电子信息工程,通信与电子技术,活跃技能,2023-10,2025-10,3,0,5,0.021739,21,0.035897,21,21,3,3,0,0,0.0,0.0,0.0,0,0,0,0,appeared in the latest annual recruitment cycle; government metrics use observed annual recruitment cycles,2026-08-06T03:30:35+00:00
2025-10,政府信息系统运维岗,系统运维,网络与基础设施,稳定核心技能,2023-10,2025-10,3,0,229,0.995652,581,0.993162,581,581,3,3,0,0,0.0,0.0,0.0,0,0,0,0,appeared in multiple annual recruitment cycles with sustained cumulative demand; government metrics use observed annual recruitment cycles,2026-08-06T03:30:35+00:00
2025-10,政府信息系统运维岗,统计学,数据与统计,衰退技能,2023-10,2023-10,1,2,0,0.0,1,0.001709,1,1,1,1,0,0,0.0,0.0,0.0,0,0,0,0,appeared historically but not in the latest annual recruitment cycle; government metrics use observed annual recruitment cycles,2026-08-06T03:30:35+00:00
2025-10,政府信息系统运维岗,网络工程,网络与基础设施,稳定核心技能,2023-10,2025-10,3,0,88,0.382609,192,0.328205,192,192,3,3,0,0,0.0,0.0,0.0,0,0,0,0,appeared in multiple annual recruitment cycles with sustained cumulative demand; government metrics use observed annual recruitment cycles,2026-08-06T03:30:35+00:00
2025-10,政府信息系统运维岗,网络空间安全,网络与安全,活跃技能,2023-10,2025-10,3,0,48,0.208696,142,0.242735,142,142,3,3,0,0,0.0,0.0,0.0,0,0,0,0,appeared in the latest annual recruitment cycle; government metrics use observed annual recruitment cycles,2026-08-06T03:30:35+00:00
2025-10,政府信息系统运维岗,网络运维,网络与基础设施,新兴技能,2025-10,2025-10,1,0,1,0.004348,1,0.001709,1,1,1,1,0,0,0.0,0.0,0.0,0,0,0,0,first appeared in the latest annual recruitment cycle; government metrics use observed annual recruitment cycles,2026-08-06T03:30:35+00:00
2025-10,政府信息系统运维岗,自动化,智能化技术,活跃技能,2023-10,2025-10,3,0,3,0.013043,16,0.02735,16,16,3,3,0,0,0.0,0.0,0.0,0,0,0,0,appeared in the latest annual recruitment cycle; government metrics use observed annual recruitment cycles,2026-08-06T03:30:35+00:00
2025-10,政府信息系统运维岗,计算机科学与技术,计算机基础,稳定核心技能,2023-10,2025-10,3,0,227,0.986957,562,0.960684,562,562,3,3,0,0,0.0,0.0,0.0,0,0,0,0,appeared in multiple annual recruitment cycles with sustained cumulative demand; government metrics use observed annual recruitment cycles,2026-08-06T03:30:35+00:00
2025-10,政府信息系统运维岗,软件工程,软件工程,稳定核心技能,2023-10,2025-10,3,0,136,0.591304,327,0.558974,327,327,3,3,0,0,0.0,0.0,0.0,0,0,0,0,appeared in multiple annual recruitment cycles with sustained cumulative demand; government metrics use observed annual recruitment cycles,2026-08-06T03:30:35+00:00
2025-10,政府信息系统运维岗,通信工程,通信与电子技术,活跃技能,2023-10,2025-10,3,0,47,0.204348,84,0.14359,84,84,3,3,0,0,0.0,0.0,0.0,0,0,0,0,appeared in the latest annual recruitment cycle; government metrics use observed annual recruitment cycles,2026-08-06T03:30:35+00:00
2023-10,政府地理信息与空间数据技术岗,信息系统,政务信息化,新兴技能,2023-10,2023-10,1,0,5,1.0,5,1.0,5,5,1,1,0,0,0.0,0.0,0.0,0,0,0,0,first appeared in the latest annual recruitment cycle; government metrics use observed annual recruitment cycles,2026-08-06T03:30:35+00:00
2023-10,政府地理信息与空间数据技术岗,地理信息系统,空间信息技术,新兴技能,2023-10,2023-10,1,0,5,1.0,5,1.0,5,5,1,1,0,0,0.0,0.0,0.0,0,0,0,0,first appeared in the latest annual recruitment cycle; government metrics use observed annual recruitment cycles,2026-08-06T03:30:35+00:00
2023-10,政府地理信息与空间数据技术岗,统计学,数据与统计,新兴技能,2023-10,2023-10,1,0,1,0.2,1,0.2,1,1,1,1,0,0,0.0,0.0,0.0,0,0,0,0,first appeared in the latest annual recruitment cycle; government metrics use observed annual recruitment cycles,2026-08-06T03:30:35+00:00
2023-10,政府地理信息与空间数据技术岗,计算机科学与技术,计算机基础,新兴技能,2023-10,2023-10,1,0,1,0.2,1,0.2,1,1,1,1,0,0,0.0,0.0,0.0,0,0,0,0,first appeared in the latest annual recruitment cycle; government metrics use observed annual recruitment cycles,2026-08-06T03:30:35+00:00
2023-10,政府地理信息与空间数据技术岗,遥感技术,空间信息技术,新兴技能,2023-10,2023-10,1,0,4,0.8,4,0.8,4,4,1,1,0,0,0.0,0.0,0.0,0,0,0,0,first appeared in the latest annual recruitment cycle; government metrics use observed annual recruitment cycles,2026-08-06T03:30:35+00:00
2025-10,政府数字监管与科技执法岗,人工智能,智能化技术,稳定核心技能,2023-10,2025-10,3,0,26,0.666667,46,0.422018,46,46,3,3,0,0,0.0,0.0,0.0,0,0,0,0,appeared in multiple annual recruitment cycles with sustained cumulative demand; government metrics use observed annual recruitment cycles,2026-08-06T03:30:35+00:00
2025-10,政府数字监管与科技执法岗,信息安全,网络与安全,稳定核心技能,2023-10,2025-10,3,0,27,0.692308,56,0.513761,56,56,3,3,0,0,0.0,0.0,0.0,0,0,0,0,appeared in multiple annual recruitment cycles with sustained cumulative demand; government metrics use observed annual recruitment cycles,2026-08-06T03:30:35+00:00
2025-10,政府数字监管与科技执法岗,信息管理与信息系统,政务信息化,衰退技能,2023-10,2024-10,2,1,0,0.0,5,0.045872,5,5,2,2,0,0,0.0,0.0,0.0,0,0,0,0,appeared historically but not in the latest annual recruitment cycle; government metrics use observed annual recruitment cycles,2026-08-06T03:30:35+00:00
2025-10,政府数字监管与科技执法岗,信息系统,政务信息化,衰退技能,2023-10,2024-10,2,1,0,0.0,6,0.055046,6,6,2,2,0,0,0.0,0.0,0.0,0,0,0,0,appeared historically but not in the latest annual recruitment cycle; government metrics use observed annual recruitment cycles,2026-08-06T03:30:35+00:00
2025-10,政府数字监管与科技执法岗,大数据管理与应用,政务信息化,活跃技能,2023-10,2025-10,3,0,1,0.025641,7,0.06422,7,7,3,3,0,0,0.0,0.0,0.0,0,0,0,0,appeared in the latest annual recruitment cycle; government metrics use observed annual recruitment cycles,2026-08-06T03:30:35+00:00
2025-10,政府数字监管与科技执法岗,密码技术,网络与安全,衰退技能,2023-10,2023-10,1,2,0,0.0,1,0.009174,1,1,1,1,0,0,0.0,0.0,0.0,0,0,0,0,appeared historically but not in the latest annual recruitment cycle; government metrics use observed annual recruitment cycles,2026-08-06T03:30:35+00:00
2025-10,政府数字监管与科技执法岗,数据分析,数据与统计,衰退技能,2023-10,2024-10,2,1,0,0.0,2,0.018349,2,2,2,2,0,0,0.0,0.0,0.0,0,0,0,0,appeared historically but not in the latest annual recruitment cycle; government metrics use observed annual recruitment cycles,2026-08-06T03:30:35+00:00
2025-10,政府数字监管与科技执法岗,数据科学与大数据技术,数据与统计,稳定核心技能,2023-10,2025-10,3,0,26,0.666667,55,0.504587,55,55,3,3,0,0,0.0,0.0,0.0,0,0,0,0,appeared in multiple annual recruitment cycles with sustained cumulative demand; government metrics use observed annual recruitment cycles,2026-08-06T03:30:35+00:00
2025-10,政府数字监管与科技执法岗,数据管理,数据与统计,活跃技能,2023-10,2025-10,3,0,1,0.025641,7,0.06422,7,7,3,3,0,0,0.0,0.0,0.0,0,0,0,0,appeared in the latest annual recruitment cycle; government metrics use observed annual recruitment cycles,2026-08-06T03:30:35+00:00
2025-10,政府数字监管与科技执法岗,数据计算及应用,数据与统计,活跃技能,2023-10,2025-10,3,0,3,0.076923,7,0.06422,7,7,3,3,0,0,0.0,0.0,0.0,0,0,0,0,appeared in the latest annual recruitment cycle; government metrics use observed annual recruitment cycles,2026-08-06T03:30:35+00:00
2025-10,政府数字监管与科技执法岗,物联网工程,智能化技术,活跃技能,2023-10,2025-10,3,0,10,0.25641,23,0.211009,23,23,3,3,0,0,0.0,0.0,0.0,0,0,0,0,appeared in the latest annual recruitment cycle; government metrics use observed annual recruitment cycles,2026-08-06T03:30:35+00:00
2025-10,政府数字监管与科技执法岗,电子信息,通信与电子技术,稳定核心技能,2023-10,2025-10,3,0,35,0.897436,79,0.724771,79,79,3,3,0,0,0.0,0.0,0.0,0,0,0,0,appeared in multiple annual recruitment cycles with sustained cumulative demand; government metrics use observed annual recruitment cycles,2026-08-06T03:30:35+00:00
2025-10,政府数字监管与科技执法岗,电子信息工程,通信与电子技术,活跃技能,2023-10,2025-10,3,0,9,0.230769,13,0.119266,13,13,3,3,0,0,0.0,0.0,0.0,0,0,0,0,appeared in the latest annual recruitment cycle; government metrics use observed annual recruitment cycles,2026-08-06T03:30:35+00:00
2025-10,政府数字监管与科技执法岗,统计分析,数据与统计,活跃技能,2024-10,2025-10,2,0,4,0.102564,7,0.06422,7,7,2,2,0,0,0.0,0.0,0.0,0,0,0,0,appeared in the latest annual recruitment cycle; government metrics use observed annual recruitment cycles,2026-08-06T03:30:35+00:00
2025-10,政府数字监管与科技执法岗,统计学,数据与统计,活跃技能,2023-10,2025-10,3,0,3,0.076923,14,0.12844,14,14,3,3,0,0,0.0,0.0,0.0,0,0,0,0,appeared in the latest annual recruitment cycle; government metrics use observed annual recruitment cycles,2026-08-06T03:30:35+00:00
2025-10,政府数字监管与科技执法岗,网络工程,网络与基础设施,稳定核心技能,2023-10,2025-10,3,0,28,0.717949,55,0.504587,55,55,3,3,0,0,0.0,0.0,0.0,0,0,0,0,appeared in multiple annual recruitment cycles with sustained cumulative demand; government metrics use observed annual recruitment cycles,2026-08-06T03:30:35+00:00
2025-10,政府数字监管与科技执法岗,网络空间安全,网络与安全,稳定核心技能,2023-10,2025-10,3,0,14,0.358974,31,0.284404,31,31,3,3,0,0,0.0,0.0,0.0,0,0,0,0,appeared in multiple annual recruitment cycles with sustained cumulative demand; government metrics use observed annual recruitment cycles,2026-08-06T03:30:35+00:00
2025-10,政府数字监管与科技执法岗,自动化,智能化技术,衰退技能,2023-10,2024-10,2,1,0,0.0,3,0.027523,3,3,2,2,0,0,0.0,0.0,0.0,0,0,0,0,appeared historically but not in the latest annual recruitment cycle; government metrics use observed annual recruitment cycles,2026-08-06T03:30:35+00:00
2025-10,政府数字监管与科技执法岗,计算机科学与技术,计算机基础,稳定核心技能,2023-10,2025-10,3,0,30,0.769231,85,0.779817,85,85,3,3,0,0,0.0,0.0,0.0,0,0,0,0,appeared in multiple annual recruitment cycles with sustained cumulative demand; government metrics use observed annual recruitment cycles,2026-08-06T03:30:35+00:00
2025-10,政府数字监管与科技执法岗,软件工程,软件工程,稳定核心技能,2023-10,2025-10,3,0,31,0.794872,79,0.724771,79,79,3,3,0,0,0.0,0.0,0.0,0,0,0,0,appeared in multiple annual recruitment cycles with sustained cumulative demand; government metrics use observed annual recruitment cycles,2026-08-06T03:30:35+00:00
2025-10,政府数字监管与科技执法岗,通信工程,通信与电子技术,活跃技能,2023-10,2025-10,3,0,8,0.205128,15,0.137615,15,15,3,3,0,0,0.0,0.0,0.0,0,0,0,0,appeared in the latest annual recruitment cycle; government metrics use observed annual recruitment cycles,2026-08-06T03:30:35+00:00
2025-10,政府数据治理与统计分析岗,人工智能,智能化技术,活跃技能,2023-10,2025-10,3,0,26,0.063725,77,0.045915,77,77,3,3,0,0,0.0,0.0,0.0,0,0,0,0,appeared in the latest annual recruitment cycle; government metrics use observed annual recruitment cycles,2026-08-06T03:30:35+00:00
2025-10,政府数据治理与统计分析岗,信息化建设,政务信息化,活跃技能,2023-10,2025-10,3,0,10,0.02451,55,0.032797,55,55,3,3,0,0,0.0,0.0,0.0,0,0,0,0,appeared in the latest annual recruitment cycle; government metrics use observed annual recruitment cycles,2026-08-06T03:30:35+00:00
2025-10,政府数据治理与统计分析岗,信息安全,网络与安全,活跃技能,2023-10,2025-10,3,0,28,0.068627,158,0.094216,158,158,3,3,0,0,0.0,0.0,0.0,0,0,0,0,appeared in the latest annual recruitment cycle; government metrics use observed annual recruitment cycles,2026-08-06T03:30:35+00:00
2025-10,政府数据治理与统计分析岗,信息管理与信息系统,政务信息化,活跃技能,2023-10,2025-10,3,0,1,0.002451,68,0.040549,68,68,3,3,0,0,0.0,0.0,0.0,0,0,0,0,appeared in the latest annual recruitment cycle; government metrics use observed annual recruitment cycles,2026-08-06T03:30:35+00:00
2025-10,政府数据治理与统计分析岗,信息系统,政务信息化,活跃技能,2023-10,2025-10,3,0,8,0.019608,145,0.086464,145,145,3,3,0,0,0.0,0.0,0.0,0,0,0,0,appeared in the latest annual recruitment cycle; government metrics use observed annual recruitment cycles,2026-08-06T03:30:35+00:00
2025-10,政府数据治理与统计分析岗,地理信息系统,空间信息技术,活跃技能,2023-10,2025-10,3,0,6,0.014706,10,0.005963,10,10,3,3,0,0,0.0,0.0,0.0,0,0,0,0,appeared in the latest annual recruitment cycle; government metrics use observed annual recruitment cycles,2026-08-06T03:30:35+00:00
2025-10,政府数据治理与统计分析岗,大数据管理与应用,政务信息化,活跃技能,2023-10,2025-10,3,0,31,0.07598,122,0.072749,122,122,3,3,0,0,0.0,0.0,0.0,0,0,0,0,appeared in the latest annual recruitment cycle; government metrics use observed annual recruitment cycles,2026-08-06T03:30:35+00:00
2025-10,政府数据治理与统计分析岗,密码技术,网络与安全,活跃技能,2023-10,2025-10,3,0,9,0.022059,22,0.013119,22,22,3,3,0,0,0.0,0.0,0.0,0,0,0,0,appeared in the latest annual recruitment cycle; government metrics use observed annual recruitment cycles,2026-08-06T03:30:35+00:00
2025-10,政府数据治理与统计分析岗,情报技术,政法信息技术,活跃技能,2024-10,2025-10,2,0,1,0.002451,2,0.001193,2,2,2,2,0,0,0.0,0.0,0.0,0,0,0,0,appeared in the latest annual recruitment cycle; government metrics use observed annual recruitment cycles,2026-08-06T03:30:35+00:00
2025-10,政府数据治理与统计分析岗,数据分析,数据与统计,活跃技能,2023-10,2025-10,3,0,54,0.132353,318,0.189624,318,318,3,3,0,0,0.0,0.0,0.0,0,0,0,0,appeared in the latest annual recruitment cycle; government metrics use observed annual recruitment cycles,2026-08-06T03:30:35+00:00
2025-10,政府数据治理与统计分析岗,数据处理,数据与统计,稳定核心技能,2023-10,2025-10,3,0,252,0.617647,1107,0.660107,1107,1107,3,3,0,0,0.0,0.0,0.0,0,0,0,0,appeared in multiple annual recruitment cycles with sustained cumulative demand; government metrics use observed annual recruitment cycles,2026-08-06T03:30:35+00:00
2025-10,政府数据治理与统计分析岗,数据安全,网络与安全,新兴技能,2025-10,2025-10,1,0,1,0.002451,1,0.000596,1,1,1,1,0,0,0.0,0.0,0.0,0,0,0,0,first appeared in the latest annual recruitment cycle; government metrics use observed annual recruitment cycles,2026-08-06T03:30:35+00:00
2025-10,政府数据治理与统计分析岗,数据治理,数据与统计,衰退技能,2023-10,2024-10,2,1,0,0.0,4,0.002385,4,4,2,2,0,0,0.0,0.0,0.0,0,0,0,0,appeared historically but not in the latest annual recruitment cycle; government metrics use observed annual recruitment cycles,2026-08-06T03:30:35+00:00
2025-10,政府数据治理与统计分析岗,数据科学与大数据技术,数据与统计,活跃技能,2023-10,2025-10,3,0,107,0.262255,348,0.207513,348,348,3,3,0,0,0.0,0.0,0.0,0,0,0,0,appeared in the latest annual recruitment cycle; government metrics use observed annual recruitment cycles,2026-08-06T03:30:35+00:00
2025-10,政府数据治理与统计分析岗,数据管理,数据与统计,活跃技能,2023-10,2025-10,3,0,31,0.07598,125,0.074538,125,125,3,3,0,0,0.0,0.0,0.0,0,0,0,0,appeared in the latest annual recruitment cycle; government metrics use observed annual recruitment cycles,2026-08-06T03:30:35+00:00
2025-10,政府数据治理与统计分析岗,数据计算及应用,数据与统计,活跃技能,2023-10,2025-10,3,0,32,0.078431,177,0.105546,177,177,3,3,0,0,0.0,0.0,0.0,0,0,0,0,appeared in the latest annual recruitment cycle; government metrics use observed annual recruitment cycles,2026-08-06T03:30:35+00:00
2025-10,政府数据治理与统计分析岗,物联网工程,智能化技术,活跃技能,2023-10,2025-10,3,0,17,0.041667,71,0.042338,71,71,3,3,0,0,0.0,0.0,0.0,0,0,0,0,appeared in the latest annual recruitment cycle; government metrics use observed annual recruitment cycles,2026-08-06T03:30:35+00:00
2025-10,政府数据治理与统计分析岗,电子信息,通信与电子技术,活跃技能,2023-10,2025-10,3,0,68,0.166667,280,0.166965,280,280,3,3,0,0,0.0,0.0,0.0,0,0,0,0,appeared in the latest annual recruitment cycle; government metrics use observed annual recruitment cycles,2026-08-06T03:30:35+00:00
2025-10,政府数据治理与统计分析岗,电子信息工程,通信与电子技术,活跃技能,2024-10,2025-10,2,0,3,0.007353,5,0.002982,5,5,2,2,0,0,0.0,0.0,0.0,0,0,0,0,appeared in the latest annual recruitment cycle; government metrics use observed annual recruitment cycles,2026-08-06T03:30:35+00:00
2025-10,政府数据治理与统计分析岗,系统运维,网络与基础设施,活跃技能,2023-10,2025-10,3,0,1,0.002451,99,0.059034,99,99,3,3,0,0,0.0,0.0,0.0,0,0,0,0,appeared in the latest annual recruitment cycle; government metrics use observed annual recruitment cycles,2026-08-06T03:30:35+00:00
2025-10,政府数据治理与统计分析岗,统计分析,数据与统计,稳定核心技能,2023-10,2025-10,3,0,332,0.813725,1178,0.702445,1178,1178,3,3,0,0,0.0,0.0,0.0,0,0,0,0,appeared in multiple annual recruitment cycles with sustained cumulative demand; government metrics use observed annual recruitment cycles,2026-08-06T03:30:35+00:00
2025-10,政府数据治理与统计分析岗,统计学,数据与统计,稳定核心技能,2023-10,2025-10,3,0,258,0.632353,1181,0.704234,1181,1181,3,3,0,0,0.0,0.0,0.0,0,0,0,0,appeared in multiple annual recruitment cycles with sustained cumulative demand; government metrics use observed annual recruitment cycles,2026-08-06T03:30:35+00:00
2025-10,政府数据治理与统计分析岗,网络工程,网络与基础设施,活跃技能,2023-10,2025-10,3,0,53,0.129902,231,0.137746,231,231,3,3,0,0,0.0,0.0,0.0,0,0,0,0,appeared in the latest annual recruitment cycle; government metrics use observed annual recruitment cycles,2026-08-06T03:30:35+00:00
2025-10,政府数据治理与统计分析岗,网络空间安全,网络与安全,活跃技能,2023-10,2025-10,3,0,33,0.080882,100,0.05963,100,100,3,3,0,0,0.0,0.0,0.0,0,0,0,0,appeared in the latest annual recruitment cycle; government metrics use observed annual recruitment cycles,2026-08-06T03:30:35+00:00
2025-10,政府数据治理与统计分析岗,网络运维,网络与基础设施,活跃技能,2023-10,2025-10,2,0,2,0.004902,3,0.001789,3,3,2,2,0,0,0.0,0.0,0.0,0,0,0,0,appeared in the latest annual recruitment cycle; government metrics use observed annual recruitment cycles,2026-08-06T03:30:35+00:00
2025-10,政府数据治理与统计分析岗,自动化,智能化技术,活跃技能,2023-10,2025-10,3,0,6,0.014706,56,0.033393,56,56,3,3,0,0,0.0,0.0,0.0,0,0,0,0,appeared in the latest annual recruitment cycle; government metrics use observed annual recruitment cycles,2026-08-06T03:30:35+00:00
2025-10,政府数据治理与统计分析岗,计算机科学与技术,计算机基础,稳定核心技能,2023-10,2025-10,3,0,323,0.791667,1349,0.804413,1349,1349,3,3,0,0,0.0,0.0,0.0,0,0,0,0,appeared in multiple annual recruitment cycles with sustained cumulative demand; government metrics use observed annual recruitment cycles,2026-08-06T03:30:35+00:00
2025-10,政府数据治理与统计分析岗,软件工程,软件工程,活跃技能,2023-10,2025-10,3,0,122,0.29902,349,0.20811,349,349,3,3,0,0,0.0,0.0,0.0,0,0,0,0,appeared in the latest annual recruitment cycle; government metrics use observed annual recruitment cycles,2026-08-06T03:30:35+00:00
2025-10,政府数据治理与统计分析岗,通信工程,通信与电子技术,活跃技能,2023-10,2025-10,3,0,20,0.04902,74,0.044126,74,74,3,3,0,0,0.0,0.0,0.0,0,0,0,0,appeared in the latest annual recruitment cycle; government metrics use observed annual recruitment cycles,2026-08-06T03:30:35+00:00
2025-10,政府数据治理与统计分析岗,遥感技术,空间信息技术,活跃技能,2023-10,2025-10,3,0,11,0.026961,20,0.011926,20,20,3,3,0,0,0.0,0.0,0.0,0,0,0,0,appeared in the latest annual recruitment cycle; government metrics use observed annual recruitment cycles,2026-08-06T03:30:35+00:00
2025-10,政府智能化与自动化技术岗,人工智能,智能化技术,稳定核心技能,2024-10,2025-10,2,0,5,0.833333,10,0.625,10,10,2,2,0,0,0.0,0.0,0.0,0,0,0,0,appeared in multiple annual recruitment cycles with sustained cumulative demand; government metrics use observed annual recruitment cycles,2026-08-06T03:30:35+00:00
2025-10,政府智能化与自动化技术岗,信息化建设,政务信息化,衰退技能,2023-10,2023-10,1,2,0,0.0,1,0.0625,1,1,1,1,0,0,0.0,0.0,0.0,0,0,0,0,appeared historically but not in the latest annual recruitment cycle; government metrics use observed annual recruitment cycles,2026-08-06T03:30:35+00:00
2025-10,政府智能化与自动化技术岗,信息安全,网络与安全,新兴技能,2025-10,2025-10,1,0,1,0.166667,1,0.0625,1,1,1,1,0,0,0.0,0.0,0.0,0,0,0,0,first appeared in the latest annual recruitment cycle; government metrics use observed annual recruitment cycles,2026-08-06T03:30:35+00:00
2025-10,政府智能化与自动化技术岗,信息系统,政务信息化,新兴技能,2025-10,2025-10,1,0,1,0.166667,1,0.0625,1,1,1,1,0,0,0.0,0.0,0.0,0,0,0,0,first appeared in the latest annual recruitment cycle; government metrics use observed annual recruitment cycles,2026-08-06T03:30:35+00:00
2025-10,政府智能化与自动化技术岗,地理信息系统,空间信息技术,新兴技能,2025-10,2025-10,1,0,1,0.166667,1,0.0625,1,1,1,1,0,0,0.0,0.0,0.0,0,0,0,0,first appeared in the latest annual recruitment cycle; government metrics use observed annual recruitment cycles,2026-08-06T03:30:35+00:00
2025-10,政府智能化与自动化技术岗,大数据管理与应用,政务信息化,衰退技能,2024-10,2024-10,1,1,0,0.0,1,0.0625,1,1,1,1,0,0,0.0,0.0,0.0,0,0,0,0,appeared historically but not in the latest annual recruitment cycle; government metrics use observed annual recruitment cycles,2026-08-06T03:30:35+00:00
2025-10,政府智能化与自动化技术岗,数据分析,数据与统计,衰退技能,2024-10,2024-10,1,1,0,0.0,1,0.0625,1,1,1,1,0,0,0.0,0.0,0.0,0,0,0,0,appeared historically but not in the latest annual recruitment cycle; government metrics use observed annual recruitment cycles,2026-08-06T03:30:35+00:00
2025-10,政府智能化与自动化技术岗,数据科学与大数据技术,数据与统计,稳定核心技能,2024-10,2025-10,2,0,2,0.333333,5,0.3125,5,5,2,2,0,0,0.0,0.0,0.0,0,0,0,0,appeared in multiple annual recruitment cycles with sustained cumulative demand; government metrics use observed annual recruitment cycles,2026-08-06T03:30:35+00:00
2025-10,政府智能化与自动化技术岗,数据管理,数据与统计,衰退技能,2024-10,2024-10,1,1,0,0.0,1,0.0625,1,1,1,1,0,0,0.0,0.0,0.0,0,0,0,0,appeared historically but not in the latest annual recruitment cycle; government metrics use observed annual recruitment cycles,2026-08-06T03:30:35+00:00
2025-10,政府智能化与自动化技术岗,物联网工程,智能化技术,活跃技能,2024-10,2025-10,2,0,1,0.166667,2,0.125,2,2,2,2,0,0,0.0,0.0,0.0,0,0,0,0,appeared in the latest annual recruitment cycle; government metrics use observed annual recruitment cycles,2026-08-06T03:30:35+00:00
2025-10,政府智能化与自动化技术岗,电子信息,通信与电子技术,稳定核心技能,2024-10,2025-10,2,0,2,0.333333,5,0.3125,5,5,2,2,0,0,0.0,0.0,0.0,0,0,0,0,appeared in multiple annual recruitment cycles with sustained cumulative demand; government metrics use observed annual recruitment cycles,2026-08-06T03:30:35+00:00
2025-10,政府智能化与自动化技术岗,电子信息工程,通信与电子技术,活跃技能,2024-10,2025-10,2,0,1,0.166667,2,0.125,2,2,2,2,0,0,0.0,0.0,0.0,0,0,0,0,appeared in the latest annual recruitment cycle; government metrics use observed annual recruitment cycles,2026-08-06T03:30:35+00:00
2025-10,政府智能化与自动化技术岗,网络工程,网络与基础设施,衰退技能,2024-10,2024-10,1,1,0,0.0,1,0.0625,1,1,1,1,0,0,0.0,0.0,0.0,0,0,0,0,appeared historically but not in the latest annual recruitment cycle; government metrics use observed annual recruitment cycles,2026-08-06T03:30:35+00:00
2025-10,政府智能化与自动化技术岗,网络空间安全,网络与安全,新兴技能,2025-10,2025-10,1,0,1,0.166667,1,0.0625,1,1,1,1,0,0,0.0,0.0,0.0,0,0,0,0,first appeared in the latest annual recruitment cycle; government metrics use observed annual recruitment cycles,2026-08-06T03:30:35+00:00
2025-10,政府智能化与自动化技术岗,自动化,智能化技术,稳定核心技能,2023-10,2025-10,3,0,2,0.333333,6,0.375,6,6,3,3,0,0,0.0,0.0,0.0,0,0,0,0,appeared in multiple annual recruitment cycles with sustained cumulative demand; government metrics use observed annual recruitment cycles,2026-08-06T03:30:35+00:00
2025-10,政府智能化与自动化技术岗,计算机科学与技术,计算机基础,稳定核心技能,2023-10,2025-10,3,0,4,0.666667,13,0.8125,13,13,3,3,0,0,0.0,0.0,0.0,0,0,0,0,appeared in multiple annual recruitment cycles with sustained cumulative demand; government metrics use observed annual recruitment cycles,2026-08-06T03:30:35+00:00
2025-10,政府智能化与自动化技术岗,软件工程,软件工程,稳定核心技能,2023-10,2025-10,3,0,2,0.333333,7,0.4375,7,7,3,3,0,0,0.0,0.0,0.0,0,0,0,0,appeared in multiple annual recruitment cycles with sustained cumulative demand; government metrics use observed annual recruitment cycles,2026-08-06T03:30:35+00:00
2025-10,政府智能化与自动化技术岗,通信工程,通信与电子技术,稳定核心技能,2023-10,2025-10,3,0,1,0.166667,4,0.25,4,4,3,3,0,0,0.0,0.0,0.0,0,0,0,0,appeared in multiple annual recruitment cycles with sustained cumulative demand; government metrics use observed annual recruitment cycles,2026-08-06T03:30:35+00:00
2025-10,政府电子数据取证与情报技术岗,信息安全,网络与安全,新兴技能,2025-10,2025-10,1,0,2,0.4,2,0.2,2,2,1,1,0,0,0.0,0.0,0.0,0,0,0,0,first appeared in the latest annual recruitment cycle; government metrics use observed annual recruitment cycles,2026-08-06T03:30:35+00:00
2025-10,政府电子数据取证与情报技术岗,情报技术,政法信息技术,稳定核心技能,2023-10,2025-10,2,0,2,0.4,3,0.3,3,3,2,2,0,0,0.0,0.0,0.0,0,0,0,0,appeared in multiple annual recruitment cycles with sustained cumulative demand; government metrics use observed annual recruitment cycles,2026-08-06T03:30:35+00:00
2025-10,政府电子数据取证与情报技术岗,数据分析,数据与统计,稳定核心技能,2023-10,2025-10,3,0,4,0.8,6,0.6,6,6,3,3,0,0,0.0,0.0,0.0,0,0,0,0,appeared in multiple annual recruitment cycles with sustained cumulative demand; government metrics use observed annual recruitment cycles,2026-08-06T03:30:35+00:00
2025-10,政府电子数据取证与情报技术岗,数据科学与大数据技术,数据与统计,稳定核心技能,2023-10,2025-10,3,0,3,0.6,5,0.5,5,5,3,3,0,0,0.0,0.0,0.0,0,0,0,0,appeared in multiple annual recruitment cycles with sustained cumulative demand; government metrics use observed annual recruitment cycles,2026-08-06T03:30:35+00:00
2025-10,政府电子数据取证与情报技术岗,数据计算及应用,数据与统计,新兴技能,2025-10,2025-10,1,0,2,0.4,2,0.2,2,2,1,1,0,0,0.0,0.0,0.0,0,0,0,0,first appeared in the latest annual recruitment cycle; government metrics use observed annual recruitment cycles,2026-08-06T03:30:35+00:00
2025-10,政府电子数据取证与情报技术岗,电子信息,通信与电子技术,稳定核心技能,2023-10,2025-10,3,0,3,0.6,6,0.6,6,6,3,3,0,0,0.0,0.0,0.0,0,0,0,0,appeared in multiple annual recruitment cycles with sustained cumulative demand; government metrics use observed annual recruitment cycles,2026-08-06T03:30:35+00:00
2025-10,政府电子数据取证与情报技术岗,系统运维,网络与基础设施,衰退技能,2024-10,2024-10,1,1,0,0.0,1,0.1,1,1,1,1,0,0,0.0,0.0,0.0,0,0,0,0,appeared historically but not in the latest annual recruitment cycle; government metrics use observed annual recruitment cycles,2026-08-06T03:30:35+00:00
2025-10,政府电子数据取证与情报技术岗,统计学,数据与统计,衰退技能,2023-10,2023-10,1,2,0,0.0,1,0.1,1,1,1,1,0,0,0.0,0.0,0.0,0,0,0,0,appeared historically but not in the latest annual recruitment cycle; government metrics use observed annual recruitment cycles,2026-08-06T03:30:35+00:00
2025-10,政府电子数据取证与情报技术岗,网络工程,网络与基础设施,稳定核心技能,2024-10,2025-10,2,0,2,0.4,3,0.3,3,3,2,2,0,0,0.0,0.0,0.0,0,0,0,0,appeared in multiple annual recruitment cycles with sustained cumulative demand; government metrics use observed annual recruitment cycles,2026-08-06T03:30:35+00:00
2025-10,政府电子数据取证与情报技术岗,网络空间安全,网络与安全,稳定核心技能,2023-10,2025-10,2,0,1,0.2,4,0.4,4,4,2,2,0,0,0.0,0.0,0.0,0,0,0,0,appeared in multiple annual recruitment cycles with sustained cumulative demand; government metrics use observed annual recruitment cycles,2026-08-06T03:30:35+00:00
2025-10,政府电子数据取证与情报技术岗,自动化,智能化技术,衰退技能,2023-10,2023-10,1,2,0,0.0,1,0.1,1,1,1,1,0,0,0.0,0.0,0.0,0,0,0,0,appeared historically but not in the latest annual recruitment cycle; government metrics use observed annual recruitment cycles,2026-08-06T03:30:35+00:00
2025-10,政府电子数据取证与情报技术岗,计算机科学与技术,计算机基础,稳定核心技能,2023-10,2025-10,3,0,5,1.0,9,0.9,9,9,3,3,0,0,0.0,0.0,0.0,0,0,0,0,appeared in multiple annual recruitment cycles with sustained cumulative demand; government metrics use observed annual recruitment cycles,2026-08-06T03:30:35+00:00
2025-10,政府电子数据取证与情报技术岗,软件工程,软件工程,稳定核心技能,2023-10,2025-10,3,0,4,0.8,7,0.7,7,7,3,3,0,0,0.0,0.0,0.0,0,0,0,0,appeared in multiple annual recruitment cycles with sustained cumulative demand; government metrics use observed annual recruitment cycles,2026-08-06T03:30:35+00:00
2025-10,政府电子数据取证与情报技术岗,通信工程,通信与电子技术,稳定核心技能,2023-10,2025-10,2,0,2,0.4,5,0.5,5,5,2,2,0,0,0.0,0.0,0.0,0,0,0,0,appeared in multiple annual recruitment cycles with sustained cumulative demand; government metrics use observed annual recruitment cycles,2026-08-06T03:30:35+00:00
2025-10,政府网络与数据安全岗,人工智能,智能化技术,活跃技能,2023-10,2025-10,3,0,2,0.076923,10,0.092593,10,10,3,3,0,0,0.0,0.0,0.0,0,0,0,0,appeared in the latest annual recruitment cycle; government metrics use observed annual recruitment cycles,2026-08-06T03:30:35+00:00
2025-10,政府网络与数据安全岗,信息化建设,政务信息化,衰退技能,2023-10,2024-10,2,1,0,0.0,2,0.018519,2,2,2,2,0,0,0.0,0.0,0.0,0,0,0,0,appeared historically but not in the latest annual recruitment cycle; government metrics use observed annual recruitment cycles,2026-08-06T03:30:35+00:00
2025-10,政府网络与数据安全岗,信息安全,网络与安全,稳定核心技能,2023-10,2025-10,3,0,17,0.653846,88,0.814815,88,88,3,3,0,0,0.0,0.0,0.0,0,0,0,0,appeared in multiple annual recruitment cycles with sustained cumulative demand; government metrics use observed annual recruitment cycles,2026-08-06T03:30:35+00:00
2025-10,政府网络与数据安全岗,信息系统,政务信息化,活跃技能,2023-10,2025-10,3,0,5,0.192308,11,0.101852,11,11,3,3,0,0,0.0,0.0,0.0,0,0,0,0,appeared in the latest annual recruitment cycle; government metrics use observed annual recruitment cycles,2026-08-06T03:30:35+00:00
2025-10,政府网络与数据安全岗,密码技术,网络与安全,活跃技能,2024-10,2025-10,2,0,4,0.153846,6,0.055556,6,6,2,2,0,0,0.0,0.0,0.0,0,0,0,0,appeared in the latest annual recruitment cycle; government metrics use observed annual recruitment cycles,2026-08-06T03:30:35+00:00
2025-10,政府网络与数据安全岗,数据分析,数据与统计,活跃技能,2024-10,2025-10,2,0,1,0.038462,5,0.046296,5,5,2,2,0,0,0.0,0.0,0.0,0,0,0,0,appeared in the latest annual recruitment cycle; government metrics use observed annual recruitment cycles,2026-08-06T03:30:35+00:00
2025-10,政府网络与数据安全岗,数据安全,网络与安全,稳定核心技能,2023-10,2025-10,3,0,15,0.576923,60,0.555556,60,60,3,3,0,0,0.0,0.0,0.0,0,0,0,0,appeared in multiple annual recruitment cycles with sustained cumulative demand; government metrics use observed annual recruitment cycles,2026-08-06T03:30:35+00:00
2025-10,政府网络与数据安全岗,数据科学与大数据技术,数据与统计,活跃技能,2023-10,2025-10,3,0,2,0.076923,7,0.064815,7,7,3,3,0,0,0.0,0.0,0.0,0,0,0,0,appeared in the latest annual recruitment cycle; government metrics use observed annual recruitment cycles,2026-08-06T03:30:35+00:00
2025-10,政府网络与数据安全岗,物联网工程,智能化技术,衰退技能,2023-10,2024-10,2,1,0,0.0,3,0.027778,3,3,2,2,0,0,0.0,0.0,0.0,0,0,0,0,appeared historically but not in the latest annual recruitment cycle; government metrics use observed annual recruitment cycles,2026-08-06T03:30:35+00:00
2025-10,政府网络与数据安全岗,电子信息,通信与电子技术,稳定核心技能,2023-10,2025-10,3,0,9,0.346154,28,0.259259,28,28,3,3,0,0,0.0,0.0,0.0,0,0,0,0,appeared in multiple annual recruitment cycles with sustained cumulative demand; government metrics use observed annual recruitment cycles,2026-08-06T03:30:35+00:00
2025-10,政府网络与数据安全岗,电子信息工程,通信与电子技术,衰退技能,2024-10,2024-10,1,1,0,0.0,1,0.009259,1,1,1,1,0,0,0.0,0.0,0.0,0,0,0,0,appeared historically but not in the latest annual recruitment cycle; government metrics use observed annual recruitment cycles,2026-08-06T03:30:35+00:00
2025-10,政府网络与数据安全岗,系统运维,网络与基础设施,衰退技能,2023-10,2024-10,2,1,0,0.0,3,0.027778,3,3,2,2,0,0,0.0,0.0,0.0,0,0,0,0,appeared historically but not in the latest annual recruitment cycle; government metrics use observed annual recruitment cycles,2026-08-06T03:30:35+00:00
2025-10,政府网络与数据安全岗,网络工程,网络与基础设施,活跃技能,2023-10,2025-10,3,0,2,0.076923,18,0.166667,18,18,3,3,0,0,0.0,0.0,0.0,0,0,0,0,appeared in the latest annual recruitment cycle; government metrics use observed annual recruitment cycles,2026-08-06T03:30:35+00:00
2025-10,政府网络与数据安全岗,网络空间安全,网络与安全,稳定核心技能,2023-10,2025-10,3,0,10,0.384615,47,0.435185,47,47,3,3,0,0,0.0,0.0,0.0,0,0,0,0,appeared in multiple annual recruitment cycles with sustained cumulative demand; government metrics use observed annual recruitment cycles,2026-08-06T03:30:35+00:00
2025-10,政府网络与数据安全岗,网络运维,网络与基础设施,衰退技能,2023-10,2024-10,2,1,0,0.0,2,0.018519,2,2,2,2,0,0,0.0,0.0,0.0,0,0,0,0,appeared historically but not in the latest annual recruitment cycle; government metrics use observed annual recruitment cycles,2026-08-06T03:30:35+00:00
2025-10,政府网络与数据安全岗,自动化,智能化技术,衰退技能,2023-10,2024-10,2,1,0,0.0,4,0.037037,4,4,2,2,0,0,0.0,0.0,0.0,0,0,0,0,appeared historically but not in the latest annual recruitment cycle; government metrics use observed annual recruitment cycles,2026-08-06T03:30:35+00:00
2025-10,政府网络与数据安全岗,计算机科学与技术,计算机基础,稳定核心技能,2023-10,2025-10,3,0,17,0.653846,70,0.648148,70,70,3,3,0,0,0.0,0.0,0.0,0,0,0,0,appeared in multiple annual recruitment cycles with sustained cumulative demand; government metrics use observed annual recruitment cycles,2026-08-06T03:30:35+00:00
2025-10,政府网络与数据安全岗,软件工程,软件工程,稳定核心技能,2023-10,2025-10,3,0,6,0.230769,40,0.37037,40,40,3,3,0,0,0.0,0.0,0.0,0,0,0,0,appeared in multiple annual recruitment cycles with sustained cumulative demand; government metrics use observed annual recruitment cycles,2026-08-06T03:30:35+00:00
2025-10,政府网络与数据安全岗,通信工程,通信与电子技术,稳定核心技能,2023-10,2025-10,3,0,7,0.269231,29,0.268519,29,29,3,3,0,0,0.0,0.0,0.0,0,0,0,0,appeared in multiple annual recruitment cycles with sustained cumulative demand; government metrics use observed annual recruitment cycles,2026-08-06T03:30:35+00:00
2025-10,政府网络与数据安全岗,遥感技术,空间信息技术,新兴技能,2025-10,2025-10,1,0,1,0.038462,1,0.009259,1,1,1,1,0,0,0.0,0.0,0.0,0,0,0,0,first appeared in the latest annual recruitment cycle; government metrics use observed annual recruitment cycles,2026-08-06T03:30:35+00:00
2025-10,政府网络与通信运维岗,人工智能,智能化技术,新兴技能,2025-10,2025-10,1,0,5,0.454545,5,0.15625,5,5,1,1,0,0,0.0,0.0,0.0,0,0,0,0,first appeared in the latest annual recruitment cycle; government metrics use observed annual recruitment cycles,2026-08-06T03:30:35+00:00
2025-10,政府网络与通信运维岗,信息安全,网络与安全,活跃技能,2023-10,2025-10,2,0,1,0.090909,4,0.125,4,4,2,2,0,0,0.0,0.0,0.0,0,0,0,0,appeared in the latest annual recruitment cycle; government metrics use observed annual recruitment cycles,2026-08-06T03:30:35+00:00
2025-10,政府网络与通信运维岗,信息管理与信息系统,政务信息化,衰退技能,2024-10,2024-10,1,1,0,0.0,2,0.0625,2,2,1,1,0,0,0.0,0.0,0.0,0,0,0,0,appeared historically but not in the latest annual recruitment cycle; government metrics use observed annual recruitment cycles,2026-08-06T03:30:35+00:00
2025-10,政府网络与通信运维岗,信息系统,政务信息化,衰退技能,2023-10,2024-10,2,1,0,0.0,5,0.15625,5,5,2,2,0,0,0.0,0.0,0.0,0,0,0,0,appeared historically but not in the latest annual recruitment cycle; government metrics use observed annual recruitment cycles,2026-08-06T03:30:35+00:00
2025-10,政府网络与通信运维岗,大数据管理与应用,政务信息化,衰退技能,2024-10,2024-10,1,1,0,0.0,2,0.0625,2,2,1,1,0,0,0.0,0.0,0.0,0,0,0,0,appeared historically but not in the latest annual recruitment cycle; government metrics use observed annual recruitment cycles,2026-08-06T03:30:35+00:00
2025-10,政府网络与通信运维岗,数据分析,数据与统计,废弃技能,2023-10,2023-10,1,2,0,0.0,3,0.09375,3,3,1,1,0,0,0.0,0.0,0.0,0,0,0,0,absent for at least two observed annual recruitment cycles; government metrics use observed annual recruitment cycles,2026-08-06T03:30:35+00:00
2025-10,政府网络与通信运维岗,数据安全,网络与安全,衰退技能,2023-10,2023-10,1,2,0,0.0,1,0.03125,1,1,1,1,0,0,0.0,0.0,0.0,0,0,0,0,appeared historically but not in the latest annual recruitment cycle; government metrics use observed annual recruitment cycles,2026-08-06T03:30:35+00:00
2025-10,政府网络与通信运维岗,数据科学与大数据技术,数据与统计,活跃技能,2023-10,2025-10,3,0,2,0.181818,4,0.125,4,4,3,3,0,0,0.0,0.0,0.0,0,0,0,0,appeared in the latest annual recruitment cycle; government metrics use observed annual recruitment cycles,2026-08-06T03:30:35+00:00
2025-10,政府网络与通信运维岗,数据管理,数据与统计,衰退技能,2024-10,2024-10,1,1,0,0.0,2,0.0625,2,2,1,1,0,0,0.0,0.0,0.0,0,0,0,0,appeared historically but not in the latest annual recruitment cycle; government metrics use observed annual recruitment cycles,2026-08-06T03:30:35+00:00
2025-10,政府网络与通信运维岗,电子信息,通信与电子技术,稳定核心技能,2023-10,2025-10,3,0,8,0.727273,17,0.53125,17,17,3,3,0,0,0.0,0.0,0.0,0,0,0,0,appeared in multiple annual recruitment cycles with sustained cumulative demand; government metrics use observed annual recruitment cycles,2026-08-06T03:30:35+00:00
2025-10,政府网络与通信运维岗,电子信息工程,通信与电子技术,活跃技能,2023-10,2025-10,2,0,3,0.272727,6,0.1875,6,6,2,2,0,0,0.0,0.0,0.0,0,0,0,0,appeared in the latest annual recruitment cycle; government metrics use observed annual recruitment cycles,2026-08-06T03:30:35+00:00
2025-10,政府网络与通信运维岗,系统运维,网络与基础设施,衰退技能,2023-10,2024-10,2,1,0,0.0,2,0.0625,2,2,2,2,0,0,0.0,0.0,0.0,0,0,0,0,appeared historically but not in the latest annual recruitment cycle; government metrics use observed annual recruitment cycles,2026-08-06T03:30:35+00:00
2025-10,政府网络与通信运维岗,网络工程,网络与基础设施,衰退技能,2023-10,2023-10,1,2,0,0.0,2,0.0625,2,2,1,1,0,0,0.0,0.0,0.0,0,0,0,0,appeared historically but not in the latest annual recruitment cycle; government metrics use observed annual recruitment cycles,2026-08-06T03:30:35+00:00
2025-10,政府网络与通信运维岗,网络空间安全,网络与安全,稳定核心技能,2023-10,2025-10,3,0,4,0.363636,13,0.40625,13,13,3,3,0,0,0.0,0.0,0.0,0,0,0,0,appeared in multiple annual recruitment cycles with sustained cumulative demand; government metrics use observed annual recruitment cycles,2026-08-06T03:30:35+00:00
2025-10,政府网络与通信运维岗,网络运维,网络与基础设施,新兴技能,2025-10,2025-10,1,0,1,0.090909,1,0.03125,1,1,1,1,0,0,0.0,0.0,0.0,0,0,0,0,first appeared in the latest annual recruitment cycle; government metrics use observed annual recruitment cycles,2026-08-06T03:30:35+00:00
2025-10,政府网络与通信运维岗,计算机科学与技术,计算机基础,稳定核心技能,2023-10,2025-10,3,0,11,1.0,31,0.96875,31,31,3,3,0,0,0.0,0.0,0.0,0,0,0,0,appeared in multiple annual recruitment cycles with sustained cumulative demand; government metrics use observed annual recruitment cycles,2026-08-06T03:30:35+00:00
2025-10,政府网络与通信运维岗,软件工程,软件工程,稳定核心技能,2023-10,2025-10,3,0,6,0.545455,18,0.5625,18,18,3,3,0,0,0.0,0.0,0.0,0,0,0,0,appeared in multiple annual recruitment cycles with sustained cumulative demand; government metrics use observed annual recruitment cycles,2026-08-06T03:30:35+00:00
2025-10,政府网络与通信运维岗,通信工程,通信与电子技术,稳定核心技能,2023-10,2025-10,3,0,6,0.545455,22,0.6875,22,22,3,3,0,0,0.0,0.0,0.0,0,0,0,0,appeared in multiple annual recruitment cycles with sustained cumulative demand; government metrics use observed annual recruitment cycles,2026-08-06T03:30:35+00:00
2025-10,政府警务信息技术保障岗,人工智能,智能化技术,活跃技能,2023-10,2025-10,2,0,5,0.208333,6,0.068182,6,6,2,2,0,0,0.0,0.0,0.0,0,0,0,0,appeared in the latest annual recruitment cycle; government metrics use observed annual recruitment cycles,2026-08-06T03:30:35+00:00
2025-10,政府警务信息技术保障岗,信息安全,网络与安全,活跃技能,2023-10,2025-10,3,0,12,0.5,20,0.227273,20,20,3,3,0,0,0.0,0.0,0.0,0,0,0,0,appeared in the latest annual recruitment cycle; government metrics use observed annual recruitment cycles,2026-08-06T03:30:35+00:00
2025-10,政府警务信息技术保障岗,大数据管理与应用,政务信息化,活跃技能,2023-10,2025-10,2,0,1,0.041667,2,0.022727,2,2,2,2,0,0,0.0,0.0,0.0,0,0,0,0,appeared in the latest annual recruitment cycle; government metrics use observed annual recruitment cycles,2026-08-06T03:30:35+00:00
2025-10,政府警务信息技术保障岗,密码技术,网络与安全,新兴技能,2025-10,2025-10,1,0,1,0.041667,1,0.011364,1,1,1,1,0,0,0.0,0.0,0.0,0,0,0,0,first appeared in the latest annual recruitment cycle; government metrics use observed annual recruitment cycles,2026-08-06T03:30:35+00:00
2025-10,政府警务信息技术保障岗,数据分析,数据与统计,活跃技能,2023-10,2025-10,3,0,11,0.458333,20,0.227273,20,20,3,3,0,0,0.0,0.0,0.0,0,0,0,0,appeared in the latest annual recruitment cycle; government metrics use observed annual recruitment cycles,2026-08-06T03:30:35+00:00
2025-10,政府警务信息技术保障岗,数据安全,网络与安全,新兴技能,2025-10,2025-10,1,0,2,0.083333,2,0.022727,2,2,1,1,0,0,0.0,0.0,0.0,0,0,0,0,first appeared in the latest annual recruitment cycle; government metrics use observed annual recruitment cycles,2026-08-06T03:30:35+00:00
2025-10,政府警务信息技术保障岗,数据科学与大数据技术,数据与统计,活跃技能,2023-10,2025-10,3,0,5,0.208333,14,0.159091,14,14,3,3,0,0,0.0,0.0,0.0,0,0,0,0,appeared in the latest annual recruitment cycle; government metrics use observed annual recruitment cycles,2026-08-06T03:30:35+00:00
2025-10,政府警务信息技术保障岗,数据管理,数据与统计,活跃技能,2023-10,2025-10,2,0,1,0.041667,2,0.022727,2,2,2,2,0,0,0.0,0.0,0.0,0,0,0,0,appeared in the latest annual recruitment cycle; government metrics use observed annual recruitment cycles,2026-08-06T03:30:35+00:00
2025-10,政府警务信息技术保障岗,物联网工程,智能化技术,衰退技能,2023-10,2023-10,1,2,0,0.0,1,0.011364,1,1,1,1,0,0,0.0,0.0,0.0,0,0,0,0,appeared historically but not in the latest annual recruitment cycle; government metrics use observed annual recruitment cycles,2026-08-06T03:30:35+00:00
2025-10,政府警务信息技术保障岗,电子信息,通信与电子技术,稳定核心技能,2023-10,2025-10,3,0,17,0.708333,30,0.340909,30,30,3,3,0,0,0.0,0.0,0.0,0,0,0,0,appeared in multiple annual recruitment cycles with sustained cumulative demand; government metrics use observed annual recruitment cycles,2026-08-06T03:30:35+00:00
2025-10,政府警务信息技术保障岗,电子信息工程,通信与电子技术,衰退技能,2023-10,2024-10,2,1,0,0.0,3,0.034091,3,3,2,2,0,0,0.0,0.0,0.0,0,0,0,0,appeared historically but not in the latest annual recruitment cycle; government metrics use observed annual recruitment cycles,2026-08-06T03:30:35+00:00
2025-10,政府警务信息技术保障岗,系统运维,网络与基础设施,衰退技能,2024-10,2024-10,1,1,0,0.0,2,0.022727,2,2,1,1,0,0,0.0,0.0,0.0,0,0,0,0,appeared historically but not in the latest annual recruitment cycle; government metrics use observed annual recruitment cycles,2026-08-06T03:30:35+00:00
2025-10,政府警务信息技术保障岗,统计学,数据与统计,衰退技能,2023-10,2023-10,1,2,0,0.0,1,0.011364,1,1,1,1,0,0,0.0,0.0,0.0,0,0,0,0,appeared historically but not in the latest annual recruitment cycle; government metrics use observed annual recruitment cycles,2026-08-06T03:30:35+00:00
2025-10,政府警务信息技术保障岗,网络工程,网络与基础设施,活跃技能,2023-10,2025-10,2,0,4,0.166667,9,0.102273,9,9,2,2,0,0,0.0,0.0,0.0,0,0,0,0,appeared in the latest annual recruitment cycle; government metrics use observed annual recruitment cycles,2026-08-06T03:30:35+00:00
2025-10,政府警务信息技术保障岗,网络空间安全,网络与安全,活跃技能,2023-10,2025-10,3,0,13,0.541667,16,0.181818,16,16,3,3,0,0,0.0,0.0,0.0,0,0,0,0,appeared in the latest annual recruitment cycle; government metrics use observed annual recruitment cycles,2026-08-06T03:30:35+00:00
2025-10,政府警务信息技术保障岗,网络运维,网络与基础设施,新兴技能,2025-10,2025-10,1,0,3,0.125,3,0.034091,3,3,1,1,0,0,0.0,0.0,0.0,0,0,0,0,first appeared in the latest annual recruitment cycle; government metrics use observed annual recruitment cycles,2026-08-06T03:30:35+00:00
2025-10,政府警务信息技术保障岗,自动化,智能化技术,活跃技能,2024-10,2025-10,2,0,10,0.416667,11,0.125,11,11,2,2,0,0,0.0,0.0,0.0,0,0,0,0,appeared in the latest annual recruitment cycle; government metrics use observed annual recruitment cycles,2026-08-06T03:30:35+00:00
2025-10,政府警务信息技术保障岗,计算机科学与技术,计算机基础,稳定核心技能,2023-10,2025-10,3,0,19,0.791667,80,0.909091,80,80,3,3,0,0,0.0,0.0,0.0,0,0,0,0,appeared in multiple annual recruitment cycles with sustained cumulative demand; government metrics use observed annual recruitment cycles,2026-08-06T03:30:35+00:00
2025-10,政府警务信息技术保障岗,软件工程,软件工程,稳定核心技能,2023-10,2025-10,3,0,17,0.708333,37,0.420455,37,37,3,3,0,0,0.0,0.0,0.0,0,0,0,0,appeared in multiple annual recruitment cycles with sustained cumulative demand; government metrics use observed annual recruitment cycles,2026-08-06T03:30:35+00:00
2025-10,政府警务信息技术保障岗,通信工程,通信与电子技术,稳定核心技能,2023-10,2025-10,3,0,12,0.5,28,0.318182,28,28,3,3,0,0,0.0,0.0,0.0,0,0,0,0,appeared in multiple annual recruitment cycles with sustained cumulative demand; government metrics use observed annual recruitment cycles,2026-08-06T03:30:35+00:00
2025-10,政府通信电子技术岗,人工智能,智能化技术,活跃技能,2024-10,2025-10,2,0,1,0.5,2,0.1,2,2,2,2,0,0,0.0,0.0,0.0,0,0,0,0,appeared in the latest annual recruitment cycle; government metrics use observed annual recruitment cycles,2026-08-06T03:30:35+00:00
2025-10,政府通信电子技术岗,信息安全,网络与安全,衰退技能,2024-10,2024-10,1,1,0,0.0,3,0.15,3,3,1,1,0,0,0.0,0.0,0.0,0,0,0,0,appeared historically but not in the latest annual recruitment cycle; government metrics use observed annual recruitment cycles,2026-08-06T03:30:35+00:00
2025-10,政府通信电子技术岗,信息系统,政务信息化,衰退技能,2023-10,2023-10,1,2,0,0.0,1,0.05,1,1,1,1,0,0,0.0,0.0,0.0,0,0,0,0,appeared historically but not in the latest annual recruitment cycle; government metrics use observed annual recruitment cycles,2026-08-06T03:30:35+00:00
2025-10,政府通信电子技术岗,地理信息系统,空间信息技术,衰退技能,2023-10,2023-10,1,2,0,0.0,1,0.05,1,1,1,1,0,0,0.0,0.0,0.0,0,0,0,0,appeared historically but not in the latest annual recruitment cycle; government metrics use observed annual recruitment cycles,2026-08-06T03:30:35+00:00
2025-10,政府通信电子技术岗,数据科学与大数据技术,数据与统计,衰退技能,2024-10,2024-10,1,1,0,0.0,3,0.15,3,3,1,1,0,0,0.0,0.0,0.0,0,0,0,0,appeared historically but not in the latest annual recruitment cycle; government metrics use observed annual recruitment cycles,2026-08-06T03:30:35+00:00
2025-10,政府通信电子技术岗,物联网工程,智能化技术,衰退技能,2024-10,2024-10,1,1,0,0.0,1,0.05,1,1,1,1,0,0,0.0,0.0,0.0,0,0,0,0,appeared historically but not in the latest annual recruitment cycle; government metrics use observed annual recruitment cycles,2026-08-06T03:30:35+00:00
2025-10,政府通信电子技术岗,电子信息,通信与电子技术,稳定核心技能,2023-10,2025-10,3,0,1,0.5,13,0.65,13,13,3,3,0,0,0.0,0.0,0.0,0,0,0,0,appeared in multiple annual recruitment cycles with sustained cumulative demand; government metrics use observed annual recruitment cycles,2026-08-06T03:30:35+00:00
2025-10,政府通信电子技术岗,电子信息工程,通信与电子技术,衰退技能,2024-10,2024-10,1,1,0,0.0,4,0.2,4,4,1,1,0,0,0.0,0.0,0.0,0,0,0,0,appeared historically but not in the latest annual recruitment cycle; government metrics use observed annual recruitment cycles,2026-08-06T03:30:35+00:00
2025-10,政府通信电子技术岗,网络工程,网络与基础设施,衰退技能,2024-10,2024-10,1,1,0,0.0,2,0.1,2,2,1,1,0,0,0.0,0.0,0.0,0,0,0,0,appeared historically but not in the latest annual recruitment cycle; government metrics use observed annual recruitment cycles,2026-08-06T03:30:35+00:00
2025-10,政府通信电子技术岗,网络空间安全,网络与安全,活跃技能,2023-10,2025-10,2,0,2,1.0,4,0.2,4,4,2,2,0,0,0.0,0.0,0.0,0,0,0,0,appeared in the latest annual recruitment cycle; government metrics use observed annual recruitment cycles,2026-08-06T03:30:35+00:00
2025-10,政府通信电子技术岗,自动化,智能化技术,衰退技能,2023-10,2023-10,1,2,0,0.0,1,0.05,1,1,1,1,0,0,0.0,0.0,0.0,0,0,0,0,appeared historically but not in the latest annual recruitment cycle; government metrics use observed annual recruitment cycles,2026-08-06T03:30:35+00:00
2025-10,政府通信电子技术岗,计算机科学与技术,计算机基础,稳定核心技能,2023-10,2025-10,3,0,2,1.0,18,0.9,18,18,3,3,0,0,0.0,0.0,0.0,0,0,0,0,appeared in multiple annual recruitment cycles with sustained cumulative demand; government metrics use observed annual recruitment cycles,2026-08-06T03:30:35+00:00
2025-10,政府通信电子技术岗,软件工程,软件工程,稳定核心技能,2023-10,2025-10,3,0,2,1.0,9,0.45,9,9,3,3,0,0,0.0,0.0,0.0,0,0,0,0,appeared in multiple annual recruitment cycles with sustained cumulative demand; government metrics use observed annual recruitment cycles,2026-08-06T03:30:35+00:00
2025-10,政府通信电子技术岗,通信工程,通信与电子技术,稳定核心技能,2023-10,2025-10,3,0,2,1.0,12,0.6,12,12,3,3,0,0,0.0,0.0,0.0,0,0,0,0,appeared in multiple annual recruitment cycles with sustained cumulative demand; government metrics use observed annual recruitment cycles,2026-08-06T03:30:35+00:00
2025-10,政府通用计算机技术岗,人工智能,智能化技术,活跃技能,2023-10,2025-10,3,0,7,0.2,14,0.127273,14,14,3,3,0,0,0.0,0.0,0.0,0,0,0,0,appeared in the latest annual recruitment cycle; government metrics use observed annual recruitment cycles,2026-08-06T03:30:35+00:00
2025-10,政府通用计算机技术岗,信息化建设,政务信息化,衰退技能,2023-10,2023-10,1,2,0,0.0,1,0.009091,1,1,1,1,0,0,0.0,0.0,0.0,0,0,0,0,appeared historically but not in the latest annual recruitment cycle; government metrics use observed annual recruitment cycles,2026-08-06T03:30:35+00:00
2025-10,政府通用计算机技术岗,信息安全,网络与安全,稳定核心技能,2023-10,2025-10,3,0,12,0.342857,41,0.372727,41,41,3,3,0,0,0.0,0.0,0.0,0,0,0,0,appeared in multiple annual recruitment cycles with sustained cumulative demand; government metrics use observed annual recruitment cycles,2026-08-06T03:30:35+00:00
2025-10,政府通用计算机技术岗,信息管理与信息系统,政务信息化,衰退技能,2023-10,2024-10,2,1,0,0.0,2,0.018182,2,2,2,2,0,0,0.0,0.0,0.0,0,0,0,0,appeared historically but not in the latest annual recruitment cycle; government metrics use observed annual recruitment cycles,2026-08-06T03:30:35+00:00
2025-10,政府通用计算机技术岗,信息系统,政务信息化,活跃技能,2023-10,2025-10,3,0,1,0.028571,9,0.081818,9,9,3,3,0,0,0.0,0.0,0.0,0,0,0,0,appeared in the latest annual recruitment cycle; government metrics use observed annual recruitment cycles,2026-08-06T03:30:35+00:00
2025-10,政府通用计算机技术岗,密码技术,网络与安全,活跃技能,2024-10,2025-10,2,0,1,0.028571,2,0.018182,2,2,2,2,0,0,0.0,0.0,0.0,0,0,0,0,appeared in the latest annual recruitment cycle; government metrics use observed annual recruitment cycles,2026-08-06T03:30:35+00:00
2025-10,政府通用计算机技术岗,数据分析,数据与统计,活跃技能,2024-10,2025-10,2,0,2,0.057143,3,0.027273,3,3,2,2,0,0,0.0,0.0,0.0,0,0,0,0,appeared in the latest annual recruitment cycle; government metrics use observed annual recruitment cycles,2026-08-06T03:30:35+00:00
2025-10,政府通用计算机技术岗,数据处理,数据与统计,衰退技能,2023-10,2024-10,2,1,0,0.0,3,0.027273,3,3,2,2,0,0,0.0,0.0,0.0,0,0,0,0,appeared historically but not in the latest annual recruitment cycle; government metrics use observed annual recruitment cycles,2026-08-06T03:30:35+00:00
2025-10,政府通用计算机技术岗,数据安全,网络与安全,衰退技能,2024-10,2024-10,1,1,0,0.0,1,0.009091,1,1,1,1,0,0,0.0,0.0,0.0,0,0,0,0,appeared historically but not in the latest annual recruitment cycle; government metrics use observed annual recruitment cycles,2026-08-06T03:30:35+00:00
2025-10,政府通用计算机技术岗,数据科学与大数据技术,数据与统计,稳定核心技能,2023-10,2025-10,3,0,9,0.257143,34,0.309091,34,34,3,3,0,0,0.0,0.0,0.0,0,0,0,0,appeared in multiple annual recruitment cycles with sustained cumulative demand; government metrics use observed annual recruitment cycles,2026-08-06T03:30:35+00:00
2025-10,政府通用计算机技术岗,数据管理,数据与统计,活跃技能,2024-10,2025-10,2,0,1,0.028571,2,0.018182,2,2,2,2,0,0,0.0,0.0,0.0,0,0,0,0,appeared in the latest annual recruitment cycle; government metrics use observed annual recruitment cycles,2026-08-06T03:30:35+00:00
2025-10,政府通用计算机技术岗,数据计算及应用,数据与统计,活跃技能,2023-10,2025-10,3,0,1,0.028571,6,0.054545,6,6,3,3,0,0,0.0,0.0,0.0,0,0,0,0,appeared in the latest annual recruitment cycle; government metrics use observed annual recruitment cycles,2026-08-06T03:30:35+00:00
2025-10,政府通用计算机技术岗,物联网工程,智能化技术,衰退技能,2023-10,2023-10,1,2,0,0.0,2,0.018182,2,2,1,1,0,0,0.0,0.0,0.0,0,0,0,0,appeared historically but not in the latest annual recruitment cycle; government metrics use observed annual recruitment cycles,2026-08-06T03:30:35+00:00
2025-10,政府通用计算机技术岗,电子信息,通信与电子技术,活跃技能,2023-10,2025-10,3,0,10,0.285714,22,0.2,22,22,3,3,0,0,0.0,0.0,0.0,0,0,0,0,appeared in the latest annual recruitment cycle; government metrics use observed annual recruitment cycles,2026-08-06T03:30:35+00:00
2025-10,政府通用计算机技术岗,电子信息工程,通信与电子技术,衰退技能,2023-10,2024-10,2,1,0,0.0,3,0.027273,3,3,2,2,0,0,0.0,0.0,0.0,0,0,0,0,appeared historically but not in the latest annual recruitment cycle; government metrics use observed annual recruitment cycles,2026-08-06T03:30:35+00:00
2025-10,政府通用计算机技术岗,系统运维,网络与基础设施,活跃技能,2023-10,2025-10,2,0,1,0.028571,2,0.018182,2,2,2,2,0,0,0.0,0.0,0.0,0,0,0,0,appeared in the latest annual recruitment cycle; government metrics use observed annual recruitment cycles,2026-08-06T03:30:35+00:00
2025-10,政府通用计算机技术岗,统计学,数据与统计,活跃技能,2023-10,2025-10,3,0,5,0.142857,8,0.072727,8,8,3,3,0,0,0.0,0.0,0.0,0,0,0,0,appeared in the latest annual recruitment cycle; government metrics use observed annual recruitment cycles,2026-08-06T03:30:35+00:00
2025-10,政府通用计算机技术岗,网络工程,网络与基础设施,稳定核心技能,2023-10,2025-10,3,0,13,0.371429,39,0.354545,39,39,3,3,0,0,0.0,0.0,0.0,0,0,0,0,appeared in multiple annual recruitment cycles with sustained cumulative demand; government metrics use observed annual recruitment cycles,2026-08-06T03:30:35+00:00
2025-10,政府通用计算机技术岗,网络空间安全,网络与安全,活跃技能,2023-10,2025-10,3,0,11,0.314286,24,0.218182,24,24,3,3,0,0,0.0,0.0,0.0,0,0,0,0,appeared in the latest annual recruitment cycle; government metrics use observed annual recruitment cycles,2026-08-06T03:30:35+00:00
2025-10,政府通用计算机技术岗,网络运维,网络与基础设施,衰退技能,2023-10,2024-10,2,1,0,0.0,10,0.090909,10,10,2,2,0,0,0.0,0.0,0.0,0,0,0,0,appeared historically but not in the latest annual recruitment cycle; government metrics use observed annual recruitment cycles,2026-08-06T03:30:35+00:00
2025-10,政府通用计算机技术岗,自动化,智能化技术,活跃技能,2023-10,2025-10,3,0,1,0.028571,3,0.027273,3,3,3,3,0,0,0.0,0.0,0.0,0,0,0,0,appeared in the latest annual recruitment cycle; government metrics use observed annual recruitment cycles,2026-08-06T03:30:35+00:00
2025-10,政府通用计算机技术岗,计算机科学与技术,计算机基础,稳定核心技能,2023-10,2025-10,3,0,32,0.914286,99,0.9,99,99,3,3,0,0,0.0,0.0,0.0,0,0,0,0,appeared in multiple annual recruitment cycles with sustained cumulative demand; government metrics use observed annual recruitment cycles,2026-08-06T03:30:35+00:00
2025-10,政府通用计算机技术岗,软件工程,软件工程,稳定核心技能,2023-10,2025-10,3,0,20,0.571429,53,0.481818,53,53,3,3,0,0,0.0,0.0,0.0,0,0,0,0,appeared in multiple annual recruitment cycles with sustained cumulative demand; government metrics use observed annual recruitment cycles,2026-08-06T03:30:35+00:00
2025-10,政府通用计算机技术岗,通信工程,通信与电子技术,活跃技能,2023-10,2025-10,3,0,3,0.085714,6,0.054545,6,6,3,3,0,0,0.0,0.0,0.0,0,0,0,0,appeared in the latest annual recruitment cycle; government metrics use observed annual recruitment cycles,2026-08-06T03:30:35+00:00
