standard_job,from_month,to_month,skill,kg_display_skill,change_type,from_monthly_jd_count,to_monthly_jd_count,from_monthly_skill_count,to_monthly_skill_count,from_monthly_skill_frequency,to_monthly_skill_frequency,frequency_delta,frequency_delta_ratio,from_cumulative_skill_count,to_cumulative_skill_count,from_cumulative_skill_frequency,to_cumulative_skill_frequency,is_stable_core,updated_at
政府信息化审计岗,2023-10,2025-10,数据科学与大数据技术,数据与统计,新增技能,1,1,0,1,0.0,1.0,1.0,1.0,0,1,0.0,0.5,0,2026-08-06T03:30:35+00:00
政府信息化审计岗,2023-10,2025-10,电子信息,通信与电子技术,新增技能,1,1,0,1,0.0,1.0,1.0,1.0,0,1,0.0,0.5,0,2026-08-06T03:30:35+00:00
政府信息化审计岗,2023-10,2025-10,统计学,数据与统计,新增技能,1,1,0,1,0.0,1.0,1.0,1.0,0,1,0.0,0.5,0,2026-08-06T03:30:35+00:00
政府信息化审计岗,2023-10,2025-10,计算机科学与技术,计算机基础,消失技能,1,1,1,0,1.0,0.0,-1.0,-1.0,1,1,1.0,0.5,0,2026-08-06T03:30:35+00:00
政府信息化建设与管理岗,2023-10,2024-10,遥感技术,空间信息技术,新增技能,86,56,0,1,0.0,0.017857,0.017857,1.0,0,1,0.0,0.007042,0,2026-08-06T03:30:35+00:00
政府信息化建设与管理岗,2023-10,2024-10,信息管理与信息系统,政务信息化,消失技能,86,56,4,0,0.046512,0.0,-0.046512,-1.0,4,4,0.046512,0.028169,0,2026-08-06T03:30:35+00:00
政府信息化建设与管理岗,2023-10,2024-10,信息系统,政务信息化,消失技能,86,56,8,0,0.093023,0.0,-0.093023,-1.0,8,8,0.093023,0.056338,0,2026-08-06T03:30:35+00:00
政府信息化建设与管理岗,2023-10,2024-10,大数据管理与应用,政务信息化,消失技能,86,56,3,0,0.034884,0.0,-0.034884,-1.0,3,3,0.034884,0.021127,0,2026-08-06T03:30:35+00:00
政府信息化建设与管理岗,2023-10,2024-10,数据管理,数据与统计,消失技能,86,56,3,0,0.034884,0.0,-0.034884,-1.0,3,3,0.034884,0.021127,0,2026-08-06T03:30:35+00:00
政府信息化建设与管理岗,2023-10,2024-10,数据计算及应用,数据与统计,消失技能,86,56,2,0,0.023256,0.0,-0.023256,-1.0,2,2,0.023256,0.014085,0,2026-08-06T03:30:35+00:00
政府信息化建设与管理岗,2023-10,2024-10,电子信息工程,通信与电子技术,消失技能,86,56,6,0,0.069767,0.0,-0.069767,-1.0,6,6,0.069767,0.042254,0,2026-08-06T03:30:35+00:00
政府信息化建设与管理岗,2023-10,2024-10,统计学,数据与统计,消失技能,86,56,5,0,0.05814,0.0,-0.05814,-1.0,5,5,0.05814,0.035211,0,2026-08-06T03:30:35+00:00
政府信息化建设与管理岗,2023-10,2024-10,信息化建设,政务信息化,频率上升技能,86,56,6,14,0.069767,0.25,0.180233,2.583356,6,20,0.069767,0.140845,0,2026-08-06T03:30:35+00:00
政府信息化建设与管理岗,2023-10,2024-10,电子信息,通信与电子技术,频率上升技能,86,56,49,46,0.569767,0.821429,0.251662,0.441693,49,95,0.569767,0.669014,0,2026-08-06T03:30:35+00:00
政府信息化建设与管理岗,2023-10,2024-10,计算机科学与技术,计算机基础,频率上升技能,86,56,68,51,0.790698,0.910714,0.120016,0.151785,68,119,0.790698,0.838028,0,2026-08-06T03:30:35+00:00
政府信息化建设与管理岗,2023-10,2024-10,信息安全,网络与安全,频率下降技能,86,56,18,3,0.209302,0.053571,-0.155731,-0.744049,18,21,0.209302,0.147887,0,2026-08-06T03:30:35+00:00
政府信息化建设与管理岗,2023-10,2024-10,网络工程,网络与基础设施,频率下降技能,86,56,17,3,0.197674,0.053571,-0.144103,-0.728993,17,20,0.197674,0.140845,0,2026-08-06T03:30:35+00:00
政府信息化建设与管理岗,2023-10,2025-10,统计分析,数据与统计,新增技能,86,73,0,1,0.0,0.013699,0.013699,1.0,0,1,0.0,0.004651,0,2026-08-06T03:30:35+00:00
政府信息化建设与管理岗,2023-10,2025-10,遥感技术,空间信息技术,新增技能,86,73,0,1,0.0,0.013699,0.013699,1.0,0,2,0.0,0.009302,0,2026-08-06T03:30:35+00:00
政府信息化建设与管理岗,2023-10,2025-10,信息管理与信息系统,政务信息化,消失技能,86,73,4,0,0.046512,0.0,-0.046512,-1.0,4,4,0.046512,0.018605,0,2026-08-06T03:30:35+00:00
政府信息化建设与管理岗,2023-10,2025-10,大数据管理与应用,政务信息化,消失技能,86,73,3,0,0.034884,0.0,-0.034884,-1.0,3,3,0.034884,0.013953,0,2026-08-06T03:30:35+00:00
政府信息化建设与管理岗,2023-10,2025-10,密码技术,网络与安全,消失技能,86,73,3,0,0.034884,0.0,-0.034884,-1.0,3,4,0.034884,0.018605,0,2026-08-06T03:30:35+00:00
政府信息化建设与管理岗,2023-10,2025-10,数据管理,数据与统计,消失技能,86,73,3,0,0.034884,0.0,-0.034884,-1.0,3,3,0.034884,0.013953,0,2026-08-06T03:30:35+00:00
政府信息化建设与管理岗,2023-10,2025-10,数据计算及应用,数据与统计,消失技能,86,73,2,0,0.023256,0.0,-0.023256,-1.0,2,2,0.023256,0.009302,0,2026-08-06T03:30:35+00:00
政府信息化建设与管理岗,2023-10,2025-10,物联网工程,智能化技术,消失技能,86,73,6,0,0.069767,0.0,-0.069767,-1.0,6,7,0.069767,0.032558,0,2026-08-06T03:30:35+00:00
政府信息化建设与管理岗,2023-10,2025-10,电子信息工程,通信与电子技术,消失技能,86,73,6,0,0.069767,0.0,-0.069767,-1.0,6,6,0.069767,0.027907,0,2026-08-06T03:30:35+00:00
政府信息化建设与管理岗,2023-10,2025-10,信息化建设,政务信息化,频率上升技能,86,73,6,19,0.069767,0.260274,0.190507,2.730618,6,39,0.069767,0.181395,0,2026-08-06T03:30:35+00:00
政府信息化建设与管理岗,2023-10,2025-10,电子信息,通信与电子技术,频率上升技能,86,73,49,62,0.569767,0.849315,0.279548,0.490636,49,157,0.569767,0.730233,0,2026-08-06T03:30:35+00:00
政府信息化建设与管理岗,2023-10,2025-10,计算机科学与技术,计算机基础,频率上升技能,86,73,68,72,0.790698,0.986301,0.195603,0.24738,68,191,0.790698,0.888372,0,2026-08-06T03:30:35+00:00
政府信息化建设与管理岗,2023-10,2025-10,信息安全,网络与安全,频率下降技能,86,73,18,8,0.209302,0.109589,-0.099713,-0.476407,18,29,0.209302,0.134884,0,2026-08-06T03:30:35+00:00
政府信息化建设与管理岗,2023-10,2025-10,网络工程,网络与基础设施,频率下降技能,86,73,17,1,0.197674,0.013699,-0.183975,-0.930699,17,21,0.197674,0.097674,0,2026-08-06T03:30:35+00:00
政府信息化建设与管理岗,2023-10,2025-10,自动化,智能化技术,频率下降技能,86,73,10,1,0.116279,0.013699,-0.10258,-0.882189,10,15,0.116279,0.069767,0,2026-08-06T03:30:35+00:00
政府信息化建设与管理岗,2023-10,2025-10,通信工程,通信与电子技术,频率下降技能,86,73,13,5,0.151163,0.068493,-0.08267,-0.546893,13,26,0.151163,0.12093,0,2026-08-06T03:30:35+00:00
政府信息化建设与管理岗,2024-10,2025-10,统计分析,数据与统计,新增技能,56,73,0,1,0.0,0.013699,0.013699,1.0,0,1,0.0,0.004651,0,2026-08-06T03:30:35+00:00
政府信息化建设与管理岗,2024-10,2025-10,密码技术,网络与安全,消失技能,56,73,1,0,0.017857,0.0,-0.017857,-1.0,4,4,0.028169,0.018605,0,2026-08-06T03:30:35+00:00
政府信息化建设与管理岗,2024-10,2025-10,物联网工程,智能化技术,消失技能,56,73,1,0,0.017857,0.0,-0.017857,-1.0,7,7,0.049296,0.032558,0,2026-08-06T03:30:35+00:00
政府信息化建设与管理岗,2024-10,2025-10,电子信息,通信与电子技术,稳定核心技能,56,73,46,62,0.821429,0.849315,0.027886,0.033948,95,157,0.669014,0.730233,1,2026-08-06T03:30:35+00:00
政府信息化建设与管理岗,2024-10,2025-10,软件工程,软件工程,稳定核心技能,56,73,15,19,0.267857,0.260274,-0.007583,-0.02831,43,62,0.302817,0.288372,1,2026-08-06T03:30:35+00:00
政府信息系统开发岗,2023-10,2024-10,信息安全,网络与安全,新增技能,5,13,0,1,0.0,0.076923,0.076923,1.0,0,1,0.0,0.055556,0,2026-08-06T03:30:35+00:00
政府信息系统开发岗,2023-10,2024-10,信息管理与信息系统,政务信息化,新增技能,5,13,0,1,0.0,0.076923,0.076923,1.0,0,1,0.0,0.055556,0,2026-08-06T03:30:35+00:00
政府信息系统开发岗,2023-10,2024-10,大数据管理与应用,政务信息化,新增技能,5,13,0,1,0.0,0.076923,0.076923,1.0,0,1,0.0,0.055556,0,2026-08-06T03:30:35+00:00
政府信息系统开发岗,2023-10,2024-10,数据分析,数据与统计,新增技能,5,13,0,1,0.0,0.076923,0.076923,1.0,0,1,0.0,0.055556,0,2026-08-06T03:30:35+00:00
政府信息系统开发岗,2023-10,2024-10,数据管理,数据与统计,新增技能,5,13,0,1,0.0,0.076923,0.076923,1.0,0,1,0.0,0.055556,0,2026-08-06T03:30:35+00:00
政府信息系统开发岗,2023-10,2024-10,电子信息工程,通信与电子技术,新增技能,5,13,0,1,0.0,0.076923,0.076923,1.0,0,1,0.0,0.055556,0,2026-08-06T03:30:35+00:00
政府信息系统开发岗,2023-10,2024-10,统计学,数据与统计,新增技能,5,13,0,1,0.0,0.076923,0.076923,1.0,0,1,0.0,0.055556,0,2026-08-06T03:30:35+00:00
政府信息系统开发岗,2023-10,2024-10,信息系统,政务信息化,频率下降技能,5,13,2,3,0.4,0.230769,-0.169231,-0.423078,2,5,0.4,0.277778,0,2026-08-06T03:30:35+00:00
政府信息系统开发岗,2023-10,2024-10,电子信息,通信与电子技术,频率下降技能,5,13,5,10,1.0,0.769231,-0.230769,-0.230769,5,15,1.0,0.833333,0,2026-08-06T03:30:35+00:00
政府信息系统开发岗,2023-10,2024-10,网络空间安全,网络与安全,频率下降技能,5,13,4,3,0.8,0.230769,-0.569231,-0.711539,4,7,0.8,0.388889,0,2026-08-06T03:30:35+00:00
政府信息系统开发岗,2023-10,2024-10,计算机科学与技术,计算机基础,频率下降技能,5,13,5,11,1.0,0.846154,-0.153846,-0.153846,5,16,1.0,0.888889,0,2026-08-06T03:30:35+00:00
政府信息系统开发岗,2023-10,2024-10,通信工程,通信与电子技术,频率下降技能,5,13,5,10,1.0,0.769231,-0.230769,-0.230769,5,15,1.0,0.833333,0,2026-08-06T03:30:35+00:00
政府信息系统开发岗,2023-10,2025-10,人工智能,智能化技术,新增技能,5,4,0,1,0.0,0.25,0.25,1.0,0,1,0.0,0.045455,0,2026-08-06T03:30:35+00:00
政府信息系统开发岗,2023-10,2025-10,信息安全,网络与安全,新增技能,5,4,0,1,0.0,0.25,0.25,1.0,0,2,0.0,0.090909,0,2026-08-06T03:30:35+00:00
政府信息系统开发岗,2023-10,2025-10,数据科学与大数据技术,数据与统计,新增技能,5,4,0,1,0.0,0.25,0.25,1.0,0,1,0.0,0.045455,0,2026-08-06T03:30:35+00:00
政府信息系统开发岗,2023-10,2025-10,电子信息工程,通信与电子技术,新增技能,5,4,0,1,0.0,0.25,0.25,1.0,0,2,0.0,0.090909,0,2026-08-06T03:30:35+00:00
政府信息系统开发岗,2023-10,2025-10,系统运维,网络与基础设施,新增技能,5,4,0,1,0.0,0.25,0.25,1.0,0,1,0.0,0.045455,0,2026-08-06T03:30:35+00:00
政府信息系统开发岗,2023-10,2025-10,信息系统,政务信息化,消失技能,5,4,2,0,0.4,0.0,-0.4,-1.0,2,5,0.4,0.227273,0,2026-08-06T03:30:35+00:00
政府信息系统开发岗,2023-10,2025-10,电子信息,通信与电子技术,频率下降技能,5,4,5,3,1.0,0.75,-0.25,-0.25,5,18,1.0,0.818182,0,2026-08-06T03:30:35+00:00
政府信息系统开发岗,2023-10,2025-10,网络空间安全,网络与安全,频率下降技能,5,4,4,2,0.8,0.5,-0.3,-0.375,4,9,0.8,0.409091,0,2026-08-06T03:30:35+00:00
政府信息系统开发岗,2023-10,2025-10,自动化,智能化技术,频率下降技能,5,4,3,1,0.6,0.25,-0.35,-0.583333,3,11,0.6,0.5,0,2026-08-06T03:30:35+00:00
政府信息系统开发岗,2023-10,2025-10,计算机科学与技术,计算机基础,频率下降技能,5,4,5,3,1.0,0.75,-0.25,-0.25,5,19,1.0,0.863636,0,2026-08-06T03:30:35+00:00
政府信息系统开发岗,2023-10,2025-10,软件工程,软件工程,频率下降技能,5,4,5,3,1.0,0.75,-0.25,-0.25,5,20,1.0,0.909091,0,2026-08-06T03:30:35+00:00
政府信息系统开发岗,2023-10,2025-10,通信工程,通信与电子技术,频率下降技能,5,4,5,3,1.0,0.75,-0.25,-0.25,5,18,1.0,0.818182,0,2026-08-06T03:30:35+00:00
政府信息系统开发岗,2024-10,2025-10,人工智能,智能化技术,新增技能,13,4,0,1,0.0,0.25,0.25,1.0,0,1,0.0,0.045455,0,2026-08-06T03:30:35+00:00
政府信息系统开发岗,2024-10,2025-10,数据科学与大数据技术,数据与统计,新增技能,13,4,0,1,0.0,0.25,0.25,1.0,0,1,0.0,0.045455,0,2026-08-06T03:30:35+00:00
政府信息系统开发岗,2024-10,2025-10,系统运维,网络与基础设施,新增技能,13,4,0,1,0.0,0.25,0.25,1.0,0,1,0.0,0.045455,0,2026-08-06T03:30:35+00:00
政府信息系统开发岗,2024-10,2025-10,信息管理与信息系统,政务信息化,消失技能,13,4,1,0,0.076923,0.0,-0.076923,-1.0,1,1,0.055556,0.045455,0,2026-08-06T03:30:35+00:00
政府信息系统开发岗,2024-10,2025-10,信息系统,政务信息化,消失技能,13,4,3,0,0.230769,0.0,-0.230769,-1.0,5,5,0.277778,0.227273,0,2026-08-06T03:30:35+00:00
政府信息系统开发岗,2024-10,2025-10,大数据管理与应用,政务信息化,消失技能,13,4,1,0,0.076923,0.0,-0.076923,-1.0,1,1,0.055556,0.045455,0,2026-08-06T03:30:35+00:00
政府信息系统开发岗,2024-10,2025-10,数据分析,数据与统计,消失技能,13,4,1,0,0.076923,0.0,-0.076923,-1.0,1,1,0.055556,0.045455,0,2026-08-06T03:30:35+00:00
政府信息系统开发岗,2024-10,2025-10,数据管理,数据与统计,消失技能,13,4,1,0,0.076923,0.0,-0.076923,-1.0,1,1,0.055556,0.045455,0,2026-08-06T03:30:35+00:00
政府信息系统开发岗,2024-10,2025-10,统计学,数据与统计,消失技能,13,4,1,0,0.076923,0.0,-0.076923,-1.0,1,1,0.055556,0.045455,0,2026-08-06T03:30:35+00:00
政府信息系统开发岗,2024-10,2025-10,电子信息,通信与电子技术,稳定核心技能,13,4,10,3,0.769231,0.75,-0.019231,-0.025,15,18,0.833333,0.818182,1,2026-08-06T03:30:35+00:00
政府信息系统开发岗,2024-10,2025-10,通信工程,通信与电子技术,稳定核心技能,13,4,10,3,0.769231,0.75,-0.019231,-0.025,15,18,0.833333,0.818182,1,2026-08-06T03:30:35+00:00
政府信息系统开发岗,2024-10,2025-10,信息安全,网络与安全,频率上升技能,13,4,1,1,0.076923,0.25,0.173077,2.250003,1,2,0.055556,0.090909,0,2026-08-06T03:30:35+00:00
政府信息系统开发岗,2024-10,2025-10,电子信息工程,通信与电子技术,频率上升技能,13,4,1,1,0.076923,0.25,0.173077,2.250003,1,2,0.055556,0.090909,0,2026-08-06T03:30:35+00:00
政府信息系统开发岗,2024-10,2025-10,网络空间安全,网络与安全,频率上升技能,13,4,3,2,0.230769,0.5,0.269231,1.166669,7,9,0.388889,0.409091,0,2026-08-06T03:30:35+00:00
政府信息系统开发岗,2024-10,2025-10,自动化,智能化技术,频率下降技能,13,4,7,1,0.538462,0.25,-0.288462,-0.535715,10,11,0.555556,0.5,0,2026-08-06T03:30:35+00:00
政府信息系统开发岗,2024-10,2025-10,计算机科学与技术,计算机基础,频率下降技能,13,4,11,3,0.846154,0.75,-0.096154,-0.113637,16,19,0.888889,0.863636,0,2026-08-06T03:30:35+00:00
政府信息系统开发岗,2024-10,2025-10,软件工程,软件工程,频率下降技能,13,4,12,3,0.923077,0.75,-0.173077,-0.1875,17,20,0.944444,0.909091,0,2026-08-06T03:30:35+00:00
政府信息系统运维岗,2023-10,2024-10,统计学,数据与统计,消失技能,109,246,1,0,0.009174,0.0,-0.009174,-1.0,1,1,0.009174,0.002817,0,2026-08-06T03:30:35+00:00
政府信息系统运维岗,2023-10,2024-10,系统运维,网络与基础设施,稳定核心技能,109,246,107,245,0.981651,0.995935,0.014284,0.014551,107,352,0.981651,0.991549,1,2026-08-06T03:30:35+00:00
政府信息系统运维岗,2023-10,2024-10,信息安全,网络与安全,频率上升技能,109,246,19,94,0.174312,0.382114,0.207802,1.192127,19,113,0.174312,0.31831,0,2026-08-06T03:30:35+00:00
政府信息系统运维岗,2023-10,2024-10,数据科学与大数据技术,数据与统计,频率上升技能,109,246,2,41,0.018349,0.166667,0.148318,8.083165,2,43,0.018349,0.121127,0,2026-08-06T03:30:35+00:00
政府信息系统运维岗,2023-10,2024-10,电子信息,通信与电子技术,频率上升技能,109,246,12,57,0.110092,0.231707,0.121615,1.104667,12,69,0.110092,0.194366,0,2026-08-06T03:30:35+00:00
政府信息系统运维岗,2023-10,2024-10,网络工程,网络与基础设施,频率上升技能,109,246,24,80,0.220183,0.325203,0.10502,0.476967,24,104,0.220183,0.292958,0,2026-08-06T03:30:35+00:00
政府信息系统运维岗,2023-10,2024-10,网络空间安全,网络与安全,频率上升技能,109,246,5,89,0.045872,0.361789,0.315917,6.886924,5,94,0.045872,0.264789,0,2026-08-06T03:30:35+00:00
政府信息系统运维岗,2023-10,2024-10,计算机科学与技术,计算机基础,频率上升技能,109,246,90,245,0.825688,0.995935,0.170247,0.206188,90,335,0.825688,0.943662,0,2026-08-06T03:30:35+00:00
政府信息系统运维岗,2023-10,2024-10,软件工程,软件工程,频率上升技能,109,246,36,155,0.330275,0.630081,0.299806,0.907747,36,191,0.330275,0.538028,0,2026-08-06T03:30:35+00:00
政府信息系统运维岗,2023-10,2024-10,电子信息工程,通信与电子技术,频率下降技能,109,246,12,4,0.110092,0.01626,-0.093832,-0.852305,12,16,0.110092,0.04507,0,2026-08-06T03:30:35+00:00
政府信息系统运维岗,2023-10,2024-10,自动化,智能化技术,频率下降技能,109,246,12,1,0.110092,0.004065,-0.106027,-0.963076,12,13,0.110092,0.03662,0,2026-08-06T03:30:35+00:00
政府信息系统运维岗,2023-10,2024-10,通信工程,通信与电子技术,频率下降技能,109,246,18,19,0.165138,0.077236,-0.087902,-0.532294,18,37,0.165138,0.104225,0,2026-08-06T03:30:35+00:00
政府信息系统运维岗,2023-10,2025-10,信息化建设,政务信息化,新增技能,109,230,0,1,0.0,0.004348,0.004348,1.0,0,1,0.0,0.001709,0,2026-08-06T03:30:35+00:00
政府信息系统运维岗,2023-10,2025-10,信息管理与信息系统,政务信息化,新增技能,109,230,0,27,0.0,0.117391,0.117391,1.0,0,27,0.0,0.046154,0,2026-08-06T03:30:35+00:00
政府信息系统运维岗,2023-10,2025-10,大数据管理与应用,政务信息化,新增技能,109,230,0,27,0.0,0.117391,0.117391,1.0,0,27,0.0,0.046154,0,2026-08-06T03:30:35+00:00
政府信息系统运维岗,2023-10,2025-10,数据分析,数据与统计,新增技能,109,230,0,2,0.0,0.008696,0.008696,1.0,0,2,0.0,0.003419,0,2026-08-06T03:30:35+00:00
政府信息系统运维岗,2023-10,2025-10,数据管理,数据与统计,新增技能,109,230,0,27,0.0,0.117391,0.117391,1.0,0,27,0.0,0.046154,0,2026-08-06T03:30:35+00:00
政府信息系统运维岗,2023-10,2025-10,网络运维,网络与基础设施,新增技能,109,230,0,1,0.0,0.004348,0.004348,1.0,0,1,0.0,0.001709,0,2026-08-06T03:30:35+00:00
政府信息系统运维岗,2023-10,2025-10,统计学,数据与统计,消失技能,109,230,1,0,0.009174,0.0,-0.009174,-1.0,1,1,0.009174,0.001709,0,2026-08-06T03:30:35+00:00
政府信息系统运维岗,2023-10,2025-10,信息系统,政务信息化,稳定核心技能,109,230,100,222,0.917431,0.965217,0.047786,0.052087,100,565,0.917431,0.965812,1,2026-08-06T03:30:35+00:00
政府信息系统运维岗,2023-10,2025-10,系统运维,网络与基础设施,稳定核心技能,109,230,107,229,0.981651,0.995652,0.014001,0.014263,107,581,0.981651,0.993162,1,2026-08-06T03:30:35+00:00
政府信息系统运维岗,2023-10,2025-10,人工智能,智能化技术,频率上升技能,109,230,2,23,0.018349,0.1,0.081651,4.449888,2,26,0.018349,0.044444,0,2026-08-06T03:30:35+00:00
政府信息系统运维岗,2023-10,2025-10,信息安全,网络与安全,频率上升技能,109,230,19,98,0.174312,0.426087,0.251775,1.444393,19,211,0.174312,0.360684,0,2026-08-06T03:30:35+00:00
政府信息系统运维岗,2023-10,2025-10,数据科学与大数据技术,数据与统计,频率上升技能,109,230,2,87,0.018349,0.378261,0.359912,19.614802,2,130,0.018349,0.222222,0,2026-08-06T03:30:35+00:00
政府信息系统运维岗,2023-10,2025-10,电子信息,通信与电子技术,频率上升技能,109,230,12,82,0.110092,0.356522,0.24643,2.238401,12,151,0.110092,0.25812,0,2026-08-06T03:30:35+00:00
政府信息系统运维岗,2023-10,2025-10,网络工程,网络与基础设施,频率上升技能,109,230,24,88,0.220183,0.382609,0.162426,0.737686,24,192,0.220183,0.328205,0,2026-08-06T03:30:35+00:00
政府信息系统运维岗,2023-10,2025-10,网络空间安全,网络与安全,频率上升技能,109,230,5,48,0.045872,0.208696,0.162824,3.549529,5,142,0.045872,0.242735,0,2026-08-06T03:30:35+00:00
政府信息系统运维岗,2023-10,2025-10,计算机科学与技术,计算机基础,频率上升技能,109,230,90,227,0.825688,0.986957,0.161269,0.195315,90,562,0.825688,0.960684,0,2026-08-06T03:30:35+00:00
政府信息系统运维岗,2023-10,2025-10,软件工程,软件工程,频率上升技能,109,230,36,136,0.330275,0.591304,0.261029,0.790338,36,327,0.330275,0.558974,0,2026-08-06T03:30:35+00:00
政府信息系统运维岗,2023-10,2025-10,电子信息工程,通信与电子技术,频率下降技能,109,230,12,5,0.110092,0.021739,-0.088353,-0.802538,12,21,0.110092,0.035897,0,2026-08-06T03:30:35+00:00
政府信息系统运维岗,2023-10,2025-10,自动化,智能化技术,频率下降技能,109,230,12,3,0.110092,0.013043,-0.097049,-0.881526,12,16,0.110092,0.02735,0,2026-08-06T03:30:35+00:00
政府信息系统运维岗,2024-10,2025-10,信息化建设,政务信息化,新增技能,246,230,0,1,0.0,0.004348,0.004348,1.0,0,1,0.0,0.001709,0,2026-08-06T03:30:35+00:00
政府信息系统运维岗,2024-10,2025-10,信息管理与信息系统,政务信息化,新增技能,246,230,0,27,0.0,0.117391,0.117391,1.0,0,27,0.0,0.046154,0,2026-08-06T03:30:35+00:00
政府信息系统运维岗,2024-10,2025-10,大数据管理与应用,政务信息化,新增技能,246,230,0,27,0.0,0.117391,0.117391,1.0,0,27,0.0,0.046154,0,2026-08-06T03:30:35+00:00
政府信息系统运维岗,2024-10,2025-10,数据分析,数据与统计,新增技能,246,230,0,2,0.0,0.008696,0.008696,1.0,0,2,0.0,0.003419,0,2026-08-06T03:30:35+00:00
政府信息系统运维岗,2024-10,2025-10,数据管理,数据与统计,新增技能,246,230,0,27,0.0,0.117391,0.117391,1.0,0,27,0.0,0.046154,0,2026-08-06T03:30:35+00:00
政府信息系统运维岗,2024-10,2025-10,网络运维,网络与基础设施,新增技能,246,230,0,1,0.0,0.004348,0.004348,1.0,0,1,0.0,0.001709,0,2026-08-06T03:30:35+00:00
政府信息系统运维岗,2024-10,2025-10,信息安全,网络与安全,稳定核心技能,246,230,94,98,0.382114,0.426087,0.043973,0.115078,113,211,0.31831,0.360684,1,2026-08-06T03:30:35+00:00
政府信息系统运维岗,2024-10,2025-10,信息系统,政务信息化,稳定核心技能,246,230,243,222,0.987805,0.965217,-0.022588,-0.022867,343,565,0.966197,0.965812,1,2026-08-06T03:30:35+00:00
政府信息系统运维岗,2024-10,2025-10,系统运维,网络与基础设施,稳定核心技能,246,230,245,229,0.995935,0.995652,-0.000283,-0.000284,352,581,0.991549,0.993162,1,2026-08-06T03:30:35+00:00
政府信息系统运维岗,2024-10,2025-10,计算机科学与技术,计算机基础,稳定核心技能,246,230,245,227,0.995935,0.986957,-0.008978,-0.009015,335,562,0.943662,0.960684,1,2026-08-06T03:30:35+00:00
政府信息系统运维岗,2024-10,2025-10,软件工程,软件工程,稳定核心技能,246,230,155,136,0.630081,0.591304,-0.038777,-0.061543,191,327,0.538028,0.558974,1,2026-08-06T03:30:35+00:00
政府信息系统运维岗,2024-10,2025-10,人工智能,智能化技术,频率上升技能,246,230,1,23,0.004065,0.1,0.095935,23.600246,3,26,0.008451,0.044444,0,2026-08-06T03:30:35+00:00
政府信息系统运维岗,2024-10,2025-10,数据科学与大数据技术,数据与统计,频率上升技能,246,230,41,87,0.166667,0.378261,0.211594,1.269561,43,130,0.121127,0.222222,0,2026-08-06T03:30:35+00:00
政府信息系统运维岗,2024-10,2025-10,电子信息,通信与电子技术,频率上升技能,246,230,57,82,0.231707,0.356522,0.124815,0.538676,69,151,0.194366,0.25812,0,2026-08-06T03:30:35+00:00
政府信息系统运维岗,2024-10,2025-10,通信工程,通信与电子技术,频率上升技能,246,230,19,47,0.077236,0.204348,0.127112,1.645761,37,84,0.104225,0.14359,0,2026-08-06T03:30:35+00:00
政府信息系统运维岗,2024-10,2025-10,网络空间安全,网络与安全,频率下降技能,246,230,89,48,0.361789,0.208696,-0.153093,-0.423155,94,142,0.264789,0.242735,0,2026-08-06T03:30:35+00:00
政府数字监管与科技执法岗,2023-10,2024-10,统计分析,数据与统计,新增技能,34,36,0,3,0.0,0.083333,0.083333,1.0,0,3,0.0,0.042857,0,2026-08-06T03:30:35+00:00
政府数字监管与科技执法岗,2023-10,2024-10,密码技术,网络与安全,消失技能,34,36,1,0,0.029412,0.0,-0.029412,-1.0,1,1,0.029412,0.014286,0,2026-08-06T03:30:35+00:00
政府数字监管与科技执法岗,2023-10,2024-10,人工智能,智能化技术,频率上升技能,34,36,8,12,0.235294,0.333333,0.098039,0.416666,8,20,0.235294,0.285714,0,2026-08-06T03:30:35+00:00
政府数字监管与科技执法岗,2023-10,2024-10,信息安全,网络与安全,频率上升技能,34,36,10,19,0.294118,0.527778,0.23366,0.794443,10,29,0.294118,0.414286,0,2026-08-06T03:30:35+00:00
政府数字监管与科技执法岗,2023-10,2024-10,数据科学与大数据技术,数据与统计,频率上升技能,34,36,12,17,0.352941,0.472222,0.119281,0.337963,12,29,0.352941,0.414286,0,2026-08-06T03:30:35+00:00
政府数字监管与科技执法岗,2023-10,2024-10,电子信息,通信与电子技术,频率上升技能,34,36,11,33,0.323529,0.916667,0.593138,1.833338,11,44,0.323529,0.628571,0,2026-08-06T03:30:35+00:00
政府数字监管与科技执法岗,2023-10,2024-10,网络工程,网络与基础设施,频率上升技能,34,36,8,19,0.235294,0.527778,0.292484,1.243058,8,27,0.235294,0.385714,0,2026-08-06T03:30:35+00:00
政府数字监管与科技执法岗,2023-10,2024-10,网络空间安全,网络与安全,频率上升技能,34,36,5,12,0.147059,0.333333,0.186274,1.266662,5,17,0.147059,0.242857,0,2026-08-06T03:30:35+00:00
政府数字监管与科技执法岗,2023-10,2024-10,计算机科学与技术,计算机基础,频率上升技能,34,36,24,31,0.705882,0.861111,0.155229,0.219908,24,55,0.705882,0.785714,0,2026-08-06T03:30:35+00:00
政府数字监管与科技执法岗,2023-10,2024-10,软件工程,软件工程,频率上升技能,34,36,17,31,0.5,0.861111,0.361111,0.722222,17,48,0.5,0.685714,0,2026-08-06T03:30:35+00:00
政府数字监管与科技执法岗,2023-10,2024-10,信息管理与信息系统,政务信息化,频率下降技能,34,36,4,1,0.117647,0.027778,-0.089869,-0.763887,4,5,0.117647,0.071429,0,2026-08-06T03:30:35+00:00
政府数字监管与科技执法岗,2023-10,2024-10,大数据管理与应用,政务信息化,频率下降技能,34,36,5,1,0.147059,0.027778,-0.119281,-0.81111,5,6,0.147059,0.085714,0,2026-08-06T03:30:35+00:00
政府数字监管与科技执法岗,2023-10,2024-10,数据管理,数据与统计,频率下降技能,34,36,5,1,0.147059,0.027778,-0.119281,-0.81111,5,6,0.147059,0.085714,0,2026-08-06T03:30:35+00:00
政府数字监管与科技执法岗,2023-10,2024-10,统计学,数据与统计,频率下降技能,34,36,9,2,0.264706,0.055556,-0.20915,-0.790122,9,11,0.264706,0.157143,0,2026-08-06T03:30:35+00:00
政府数字监管与科技执法岗,2023-10,2025-10,统计分析,数据与统计,新增技能,34,39,0,4,0.0,0.102564,0.102564,1.0,0,7,0.0,0.06422,0,2026-08-06T03:30:35+00:00
政府数字监管与科技执法岗,2023-10,2025-10,信息管理与信息系统,政务信息化,消失技能,34,39,4,0,0.117647,0.0,-0.117647,-1.0,4,5,0.117647,0.045872,0,2026-08-06T03:30:35+00:00
政府数字监管与科技执法岗,2023-10,2025-10,信息系统,政务信息化,消失技能,34,39,4,0,0.117647,0.0,-0.117647,-1.0,4,6,0.117647,0.055046,0,2026-08-06T03:30:35+00:00
政府数字监管与科技执法岗,2023-10,2025-10,密码技术,网络与安全,消失技能,34,39,1,0,0.029412,0.0,-0.029412,-1.0,1,1,0.029412,0.009174,0,2026-08-06T03:30:35+00:00
政府数字监管与科技执法岗,2023-10,2025-10,数据分析,数据与统计,消失技能,34,39,1,0,0.029412,0.0,-0.029412,-1.0,1,2,0.029412,0.018349,0,2026-08-06T03:30:35+00:00
政府数字监管与科技执法岗,2023-10,2025-10,自动化,智能化技术,消失技能,34,39,2,0,0.058824,0.0,-0.058824,-1.0,2,3,0.058824,0.027523,0,2026-08-06T03:30:35+00:00
政府数字监管与科技执法岗,2023-10,2025-10,人工智能,智能化技术,频率上升技能,34,39,8,26,0.235294,0.666667,0.431373,1.833336,8,46,0.235294,0.422018,0,2026-08-06T03:30:35+00:00
政府数字监管与科技执法岗,2023-10,2025-10,信息安全,网络与安全,频率上升技能,34,39,10,27,0.294118,0.692308,0.39819,1.353844,10,56,0.294118,0.513761,0,2026-08-06T03:30:35+00:00
政府数字监管与科技执法岗,2023-10,2025-10,数据科学与大数据技术,数据与统计,频率上升技能,34,39,12,26,0.352941,0.666667,0.313726,0.888891,12,55,0.352941,0.504587,0,2026-08-06T03:30:35+00:00
政府数字监管与科技执法岗,2023-10,2025-10,电子信息,通信与电子技术,频率上升技能,34,39,11,35,0.323529,0.897436,0.573907,1.773897,11,79,0.323529,0.724771,0,2026-08-06T03:30:35+00:00
政府数字监管与科技执法岗,2023-10,2025-10,电子信息工程,通信与电子技术,频率上升技能,34,39,2,9,0.058824,0.230769,0.171945,2.923042,2,13,0.058824,0.119266,0,2026-08-06T03:30:35+00:00
政府数字监管与科技执法岗,2023-10,2025-10,网络工程,网络与基础设施,频率上升技能,34,39,8,28,0.235294,0.717949,0.482655,2.051285,8,55,0.235294,0.504587,0,2026-08-06T03:30:35+00:00
政府数字监管与科技执法岗,2023-10,2025-10,网络空间安全,网络与安全,频率上升技能,34,39,5,14,0.147059,0.358974,0.211915,1.44102,5,31,0.147059,0.284404,0,2026-08-06T03:30:35+00:00
政府数字监管与科技执法岗,2023-10,2025-10,软件工程,软件工程,频率上升技能,34,39,17,31,0.5,0.794872,0.294872,0.589744,17,79,0.5,0.724771,0,2026-08-06T03:30:35+00:00
政府数字监管与科技执法岗,2023-10,2025-10,通信工程,通信与电子技术,频率上升技能,34,39,3,8,0.088235,0.205128,0.116893,1.324792,3,15,0.088235,0.137615,0,2026-08-06T03:30:35+00:00
政府数字监管与科技执法岗,2023-10,2025-10,大数据管理与应用,政务信息化,频率下降技能,34,39,5,1,0.147059,0.025641,-0.121418,-0.825641,5,7,0.147059,0.06422,0,2026-08-06T03:30:35+00:00
政府数字监管与科技执法岗,2023-10,2025-10,数据管理,数据与统计,频率下降技能,34,39,5,1,0.147059,0.025641,-0.121418,-0.825641,5,7,0.147059,0.06422,0,2026-08-06T03:30:35+00:00
政府数字监管与科技执法岗,2023-10,2025-10,统计学,数据与统计,频率下降技能,34,39,9,3,0.264706,0.076923,-0.187783,-0.709402,9,14,0.264706,0.12844,0,2026-08-06T03:30:35+00:00
政府数字监管与科技执法岗,2024-10,2025-10,信息管理与信息系统,政务信息化,消失技能,36,39,1,0,0.027778,0.0,-0.027778,-1.0,5,5,0.071429,0.045872,0,2026-08-06T03:30:35+00:00
政府数字监管与科技执法岗,2024-10,2025-10,信息系统,政务信息化,消失技能,36,39,2,0,0.055556,0.0,-0.055556,-1.0,6,6,0.085714,0.055046,0,2026-08-06T03:30:35+00:00
政府数字监管与科技执法岗,2024-10,2025-10,数据分析,数据与统计,消失技能,36,39,1,0,0.027778,0.0,-0.027778,-1.0,2,2,0.028571,0.018349,0,2026-08-06T03:30:35+00:00
政府数字监管与科技执法岗,2024-10,2025-10,自动化,智能化技术,消失技能,36,39,1,0,0.027778,0.0,-0.027778,-1.0,3,3,0.042857,0.027523,0,2026-08-06T03:30:35+00:00
政府数字监管与科技执法岗,2024-10,2025-10,电子信息,通信与电子技术,稳定核心技能,36,39,33,35,0.916667,0.897436,-0.019231,-0.020979,44,79,0.628571,0.724771,1,2026-08-06T03:30:35+00:00
政府数字监管与科技执法岗,2024-10,2025-10,人工智能,智能化技术,频率上升技能,36,39,12,26,0.333333,0.666667,0.333334,1.000003,20,46,0.285714,0.422018,0,2026-08-06T03:30:35+00:00
政府数字监管与科技执法岗,2024-10,2025-10,信息安全,网络与安全,频率上升技能,36,39,19,27,0.527778,0.692308,0.16453,0.311741,29,56,0.414286,0.513761,0,2026-08-06T03:30:35+00:00
政府数字监管与科技执法岗,2024-10,2025-10,数据科学与大数据技术,数据与统计,频率上升技能,36,39,17,26,0.472222,0.666667,0.194445,0.411766,29,55,0.414286,0.504587,0,2026-08-06T03:30:35+00:00
政府数字监管与科技执法岗,2024-10,2025-10,电子信息工程,通信与电子技术,频率上升技能,36,39,2,9,0.055556,0.230769,0.175213,3.153809,4,13,0.057143,0.119266,0,2026-08-06T03:30:35+00:00
政府数字监管与科技执法岗,2024-10,2025-10,网络工程,网络与基础设施,频率上升技能,36,39,19,28,0.527778,0.717949,0.190171,0.360324,27,55,0.385714,0.504587,0,2026-08-06T03:30:35+00:00
政府数字监管与科技执法岗,2024-10,2025-10,通信工程,通信与电子技术,频率上升技能,36,39,4,8,0.111111,0.205128,0.094017,0.846154,7,15,0.1,0.137615,0,2026-08-06T03:30:35+00:00
政府数字监管与科技执法岗,2024-10,2025-10,计算机科学与技术,计算机基础,频率下降技能,36,39,31,30,0.861111,0.769231,-0.09188,-0.106699,55,85,0.785714,0.779817,0,2026-08-06T03:30:35+00:00
政府数据治理与统计分析岗,2023-10,2024-10,情报技术,政法信息技术,新增技能,631,638,0,1,0.0,0.001567,0.001567,1.0,0,1,0.0,0.000788,0,2026-08-06T03:30:35+00:00
政府数据治理与统计分析岗,2023-10,2024-10,电子信息工程,通信与电子技术,新增技能,631,638,0,2,0.0,0.003135,0.003135,1.0,0,2,0.0,0.001576,0,2026-08-06T03:30:35+00:00
政府数据治理与统计分析岗,2023-10,2024-10,网络运维,网络与基础设施,消失技能,631,638,1,0,0.001585,0.0,-0.001585,-1.0,1,1,0.001585,0.000788,0,2026-08-06T03:30:35+00:00
政府数据治理与统计分析岗,2023-10,2024-10,数据处理,数据与统计,稳定核心技能,631,638,416,439,0.659271,0.688088,0.028817,0.04371,416,855,0.659271,0.673759,1,2026-08-06T03:30:35+00:00
政府数据治理与统计分析岗,2023-10,2024-10,统计学,数据与统计,稳定核心技能,631,638,474,449,0.751189,0.703762,-0.047427,-0.063136,474,923,0.751189,0.727344,1,2026-08-06T03:30:35+00:00
政府数据治理与统计分析岗,2023-10,2024-10,数据科学与大数据技术,数据与统计,频率上升技能,631,638,73,168,0.115689,0.263323,0.147634,1.276128,73,241,0.115689,0.189913,0,2026-08-06T03:30:35+00:00
政府数据治理与统计分析岗,2023-10,2024-10,软件工程,软件工程,频率上升技能,631,638,77,150,0.122029,0.23511,0.113081,0.926673,77,227,0.122029,0.178881,0,2026-08-06T03:30:35+00:00
政府数据治理与统计分析岗,2023-10,2024-10,计算机科学与技术,计算机基础,频率下降技能,631,638,538,488,0.852615,0.76489,-0.087725,-0.102889,538,1026,0.852615,0.808511,0,2026-08-06T03:30:35+00:00
政府数据治理与统计分析岗,2023-10,2025-10,情报技术,政法信息技术,新增技能,631,408,0,1,0.0,0.002451,0.002451,1.0,0,2,0.0,0.001193,0,2026-08-06T03:30:35+00:00
政府数据治理与统计分析岗,2023-10,2025-10,数据安全,网络与安全,新增技能,631,408,0,1,0.0,0.002451,0.002451,1.0,0,1,0.0,0.000596,0,2026-08-06T03:30:35+00:00
政府数据治理与统计分析岗,2023-10,2025-10,电子信息工程,通信与电子技术,新增技能,631,408,0,3,0.0,0.007353,0.007353,1.0,0,5,0.0,0.002982,0,2026-08-06T03:30:35+00:00
政府数据治理与统计分析岗,2023-10,2025-10,数据治理,数据与统计,消失技能,631,408,2,0,0.00317,0.0,-0.00317,-1.0,2,4,0.00317,0.002385,0,2026-08-06T03:30:35+00:00
政府数据治理与统计分析岗,2023-10,2025-10,数据处理,数据与统计,稳定核心技能,631,408,416,252,0.659271,0.617647,-0.041624,-0.063136,416,1107,0.659271,0.660107,1,2026-08-06T03:30:35+00:00
政府数据治理与统计分析岗,2023-10,2025-10,数据科学与大数据技术,数据与统计,频率上升技能,631,408,73,107,0.115689,0.262255,0.146566,1.266897,73,348,0.115689,0.207513,0,2026-08-06T03:30:35+00:00
政府数据治理与统计分析岗,2023-10,2025-10,统计分析,数据与统计,频率上升技能,631,408,397,332,0.62916,0.813725,0.184565,0.293351,397,1178,0.62916,0.702445,0,2026-08-06T03:30:35+00:00
政府数据治理与统计分析岗,2023-10,2025-10,软件工程,软件工程,频率上升技能,631,408,77,122,0.122029,0.29902,0.176991,1.450401,77,349,0.122029,0.20811,0,2026-08-06T03:30:35+00:00
政府数据治理与统计分析岗,2023-10,2025-10,信息系统,政务信息化,频率下降技能,631,408,70,8,0.110935,0.019608,-0.091327,-0.823248,70,145,0.110935,0.086464,0,2026-08-06T03:30:35+00:00
政府数据治理与统计分析岗,2023-10,2025-10,数据分析,数据与统计,频率下降技能,631,408,151,54,0.239303,0.132353,-0.10695,-0.446923,151,318,0.239303,0.189624,0,2026-08-06T03:30:35+00:00
政府数据治理与统计分析岗,2023-10,2025-10,统计学,数据与统计,频率下降技能,631,408,474,258,0.751189,0.632353,-0.118836,-0.158197,474,1181,0.751189,0.704234,0,2026-08-06T03:30:35+00:00
政府数据治理与统计分析岗,2024-10,2025-10,数据安全,网络与安全,新增技能,638,408,0,1,0.0,0.002451,0.002451,1.0,0,1,0.0,0.000596,0,2026-08-06T03:30:35+00:00
政府数据治理与统计分析岗,2024-10,2025-10,数据治理,数据与统计,消失技能,638,408,2,0,0.003135,0.0,-0.003135,-1.0,4,4,0.003152,0.002385,0,2026-08-06T03:30:35+00:00
政府数据治理与统计分析岗,2024-10,2025-10,计算机科学与技术,计算机基础,稳定核心技能,638,408,488,323,0.76489,0.791667,0.026777,0.035008,1026,1349,0.808511,0.804413,1,2026-08-06T03:30:35+00:00
政府数据治理与统计分析岗,2024-10,2025-10,统计分析,数据与统计,频率上升技能,638,408,449,332,0.703762,0.813725,0.109963,0.15625,846,1178,0.666667,0.702445,0,2026-08-06T03:30:35+00:00
政府数据治理与统计分析岗,2024-10,2025-10,信息系统,政务信息化,频率下降技能,638,408,67,8,0.105016,0.019608,-0.085408,-0.813286,137,145,0.107959,0.086464,0,2026-08-06T03:30:35+00:00
政府数据治理与统计分析岗,2024-10,2025-10,系统运维,网络与基础设施,频率下降技能,638,408,59,1,0.092476,0.002451,-0.090025,-0.973496,98,99,0.077226,0.059034,0,2026-08-06T03:30:35+00:00
政府智能化与自动化技术岗,2023-10,2024-10,人工智能,智能化技术,新增技能,4,6,0,5,0.0,0.833333,0.833333,1.0,0,5,0.0,0.5,0,2026-08-06T03:30:35+00:00
政府智能化与自动化技术岗,2023-10,2024-10,大数据管理与应用,政务信息化,新增技能,4,6,0,1,0.0,0.166667,0.166667,1.0,0,1,0.0,0.1,0,2026-08-06T03:30:35+00:00
政府智能化与自动化技术岗,2023-10,2024-10,数据分析,数据与统计,新增技能,4,6,0,1,0.0,0.166667,0.166667,1.0,0,1,0.0,0.1,0,2026-08-06T03:30:35+00:00
政府智能化与自动化技术岗,2023-10,2024-10,数据科学与大数据技术,数据与统计,新增技能,4,6,0,3,0.0,0.5,0.5,1.0,0,3,0.0,0.3,0,2026-08-06T03:30:35+00:00
政府智能化与自动化技术岗,2023-10,2024-10,数据管理,数据与统计,新增技能,4,6,0,1,0.0,0.166667,0.166667,1.0,0,1,0.0,0.1,0,2026-08-06T03:30:35+00:00
政府智能化与自动化技术岗,2023-10,2024-10,物联网工程,智能化技术,新增技能,4,6,0,1,0.0,0.166667,0.166667,1.0,0,1,0.0,0.1,0,2026-08-06T03:30:35+00:00
政府智能化与自动化技术岗,2023-10,2024-10,电子信息,通信与电子技术,新增技能,4,6,0,3,0.0,0.5,0.5,1.0,0,3,0.0,0.3,0,2026-08-06T03:30:35+00:00
政府智能化与自动化技术岗,2023-10,2024-10,电子信息工程,通信与电子技术,新增技能,4,6,0,1,0.0,0.166667,0.166667,1.0,0,1,0.0,0.1,0,2026-08-06T03:30:35+00:00
政府智能化与自动化技术岗,2023-10,2024-10,网络工程,网络与基础设施,新增技能,4,6,0,1,0.0,0.166667,0.166667,1.0,0,1,0.0,0.1,0,2026-08-06T03:30:35+00:00
政府智能化与自动化技术岗,2023-10,2024-10,信息化建设,政务信息化,消失技能,4,6,1,0,0.25,0.0,-0.25,-1.0,1,1,0.25,0.1,0,2026-08-06T03:30:35+00:00
政府智能化与自动化技术岗,2023-10,2024-10,软件工程,软件工程,频率上升技能,4,6,1,4,0.25,0.666667,0.416667,1.666668,1,5,0.25,0.5,0,2026-08-06T03:30:35+00:00
政府智能化与自动化技术岗,2023-10,2024-10,通信工程,通信与电子技术,频率上升技能,4,6,1,2,0.25,0.333333,0.083333,0.333332,1,3,0.25,0.3,0,2026-08-06T03:30:35+00:00
政府智能化与自动化技术岗,2023-10,2024-10,自动化,智能化技术,频率下降技能,4,6,3,1,0.75,0.166667,-0.583333,-0.777777,3,4,0.75,0.4,0,2026-08-06T03:30:35+00:00
政府智能化与自动化技术岗,2023-10,2024-10,计算机科学与技术,计算机基础,频率下降技能,4,6,4,5,1.0,0.833333,-0.166667,-0.166667,4,9,1.0,0.9,0,2026-08-06T03:30:35+00:00
政府智能化与自动化技术岗,2023-10,2025-10,人工智能,智能化技术,新增技能,4,6,0,5,0.0,0.833333,0.833333,1.0,0,10,0.0,0.625,0,2026-08-06T03:30:35+00:00
政府智能化与自动化技术岗,2023-10,2025-10,信息安全,网络与安全,新增技能,4,6,0,1,0.0,0.166667,0.166667,1.0,0,1,0.0,0.0625,0,2026-08-06T03:30:35+00:00
政府智能化与自动化技术岗,2023-10,2025-10,信息系统,政务信息化,新增技能,4,6,0,1,0.0,0.166667,0.166667,1.0,0,1,0.0,0.0625,0,2026-08-06T03:30:35+00:00
政府智能化与自动化技术岗,2023-10,2025-10,地理信息系统,空间信息技术,新增技能,4,6,0,1,0.0,0.166667,0.166667,1.0,0,1,0.0,0.0625,0,2026-08-06T03:30:35+00:00
政府智能化与自动化技术岗,2023-10,2025-10,数据科学与大数据技术,数据与统计,新增技能,4,6,0,2,0.0,0.333333,0.333333,1.0,0,5,0.0,0.3125,0,2026-08-06T03:30:35+00:00
政府智能化与自动化技术岗,2023-10,2025-10,物联网工程,智能化技术,新增技能,4,6,0,1,0.0,0.166667,0.166667,1.0,0,2,0.0,0.125,0,2026-08-06T03:30:35+00:00
政府智能化与自动化技术岗,2023-10,2025-10,电子信息,通信与电子技术,新增技能,4,6,0,2,0.0,0.333333,0.333333,1.0,0,5,0.0,0.3125,0,2026-08-06T03:30:35+00:00
政府智能化与自动化技术岗,2023-10,2025-10,电子信息工程,通信与电子技术,新增技能,4,6,0,1,0.0,0.166667,0.166667,1.0,0,2,0.0,0.125,0,2026-08-06T03:30:35+00:00
政府智能化与自动化技术岗,2023-10,2025-10,网络空间安全,网络与安全,新增技能,4,6,0,1,0.0,0.166667,0.166667,1.0,0,1,0.0,0.0625,0,2026-08-06T03:30:35+00:00
政府智能化与自动化技术岗,2023-10,2025-10,信息化建设,政务信息化,消失技能,4,6,1,0,0.25,0.0,-0.25,-1.0,1,1,0.25,0.0625,0,2026-08-06T03:30:35+00:00
政府智能化与自动化技术岗,2023-10,2025-10,软件工程,软件工程,频率上升技能,4,6,1,2,0.25,0.333333,0.083333,0.333332,1,7,0.25,0.4375,0,2026-08-06T03:30:35+00:00
政府智能化与自动化技术岗,2023-10,2025-10,自动化,智能化技术,频率下降技能,4,6,3,2,0.75,0.333333,-0.416667,-0.555556,3,6,0.75,0.375,0,2026-08-06T03:30:35+00:00
政府智能化与自动化技术岗,2023-10,2025-10,计算机科学与技术,计算机基础,频率下降技能,4,6,4,4,1.0,0.666667,-0.333333,-0.333333,4,13,1.0,0.8125,0,2026-08-06T03:30:35+00:00
政府智能化与自动化技术岗,2023-10,2025-10,通信工程,通信与电子技术,频率下降技能,4,6,1,1,0.25,0.166667,-0.083333,-0.333332,1,4,0.25,0.25,0,2026-08-06T03:30:35+00:00
政府智能化与自动化技术岗,2024-10,2025-10,信息安全,网络与安全,新增技能,6,6,0,1,0.0,0.166667,0.166667,1.0,0,1,0.0,0.0625,0,2026-08-06T03:30:35+00:00
政府智能化与自动化技术岗,2024-10,2025-10,信息系统,政务信息化,新增技能,6,6,0,1,0.0,0.166667,0.166667,1.0,0,1,0.0,0.0625,0,2026-08-06T03:30:35+00:00
政府智能化与自动化技术岗,2024-10,2025-10,地理信息系统,空间信息技术,新增技能,6,6,0,1,0.0,0.166667,0.166667,1.0,0,1,0.0,0.0625,0,2026-08-06T03:30:35+00:00
政府智能化与自动化技术岗,2024-10,2025-10,网络空间安全,网络与安全,新增技能,6,6,0,1,0.0,0.166667,0.166667,1.0,0,1,0.0,0.0625,0,2026-08-06T03:30:35+00:00
政府智能化与自动化技术岗,2024-10,2025-10,大数据管理与应用,政务信息化,消失技能,6,6,1,0,0.166667,0.0,-0.166667,-1.0,1,1,0.1,0.0625,0,2026-08-06T03:30:35+00:00
政府智能化与自动化技术岗,2024-10,2025-10,数据分析,数据与统计,消失技能,6,6,1,0,0.166667,0.0,-0.166667,-1.0,1,1,0.1,0.0625,0,2026-08-06T03:30:35+00:00
政府智能化与自动化技术岗,2024-10,2025-10,数据管理,数据与统计,消失技能,6,6,1,0,0.166667,0.0,-0.166667,-1.0,1,1,0.1,0.0625,0,2026-08-06T03:30:35+00:00
政府智能化与自动化技术岗,2024-10,2025-10,网络工程,网络与基础设施,消失技能,6,6,1,0,0.166667,0.0,-0.166667,-1.0,1,1,0.1,0.0625,0,2026-08-06T03:30:35+00:00
政府智能化与自动化技术岗,2024-10,2025-10,人工智能,智能化技术,稳定核心技能,6,6,5,5,0.833333,0.833333,0.0,0.0,5,10,0.5,0.625,1,2026-08-06T03:30:35+00:00
政府智能化与自动化技术岗,2024-10,2025-10,自动化,智能化技术,频率上升技能,6,6,1,2,0.166667,0.333333,0.166666,0.999994,4,6,0.4,0.375,0,2026-08-06T03:30:35+00:00
政府智能化与自动化技术岗,2024-10,2025-10,数据科学与大数据技术,数据与统计,频率下降技能,6,6,3,2,0.5,0.333333,-0.166667,-0.333334,3,5,0.3,0.3125,0,2026-08-06T03:30:35+00:00
政府智能化与自动化技术岗,2024-10,2025-10,电子信息,通信与电子技术,频率下降技能,6,6,3,2,0.5,0.333333,-0.166667,-0.333334,3,5,0.3,0.3125,0,2026-08-06T03:30:35+00:00
政府智能化与自动化技术岗,2024-10,2025-10,计算机科学与技术,计算机基础,频率下降技能,6,6,5,4,0.833333,0.666667,-0.166666,-0.199999,9,13,0.9,0.8125,0,2026-08-06T03:30:35+00:00
政府智能化与自动化技术岗,2024-10,2025-10,软件工程,软件工程,频率下降技能,6,6,4,2,0.666667,0.333333,-0.333334,-0.500001,5,7,0.5,0.4375,0,2026-08-06T03:30:35+00:00
政府智能化与自动化技术岗,2024-10,2025-10,通信工程,通信与电子技术,频率下降技能,6,6,2,1,0.333333,0.166667,-0.166666,-0.499998,3,4,0.3,0.25,0,2026-08-06T03:30:35+00:00
政府电子数据取证与情报技术岗,2023-10,2024-10,系统运维,网络与基础设施,新增技能,4,1,0,1,0.0,1.0,1.0,1.0,0,1,0.0,0.2,0,2026-08-06T03:30:35+00:00
政府电子数据取证与情报技术岗,2023-10,2024-10,网络工程,网络与基础设施,新增技能,4,1,0,1,0.0,1.0,1.0,1.0,0,1,0.0,0.2,0,2026-08-06T03:30:35+00:00
政府电子数据取证与情报技术岗,2023-10,2024-10,情报技术,政法信息技术,消失技能,4,1,1,0,0.25,0.0,-0.25,-1.0,1,1,0.25,0.2,0,2026-08-06T03:30:35+00:00
政府电子数据取证与情报技术岗,2023-10,2024-10,统计学,数据与统计,消失技能,4,1,1,0,0.25,0.0,-0.25,-1.0,1,1,0.25,0.2,0,2026-08-06T03:30:35+00:00
政府电子数据取证与情报技术岗,2023-10,2024-10,网络空间安全,网络与安全,消失技能,4,1,3,0,0.75,0.0,-0.75,-1.0,3,3,0.75,0.6,0,2026-08-06T03:30:35+00:00
政府电子数据取证与情报技术岗,2023-10,2024-10,自动化,智能化技术,消失技能,4,1,1,0,0.25,0.0,-0.25,-1.0,1,1,0.25,0.2,0,2026-08-06T03:30:35+00:00
政府电子数据取证与情报技术岗,2023-10,2024-10,通信工程,通信与电子技术,消失技能,4,1,3,0,0.75,0.0,-0.75,-1.0,3,3,0.75,0.6,0,2026-08-06T03:30:35+00:00
政府电子数据取证与情报技术岗,2023-10,2024-10,数据分析,数据与统计,频率上升技能,4,1,1,1,0.25,1.0,0.75,3.0,1,2,0.25,0.4,0,2026-08-06T03:30:35+00:00
政府电子数据取证与情报技术岗,2023-10,2024-10,数据科学与大数据技术,数据与统计,频率上升技能,4,1,1,1,0.25,1.0,0.75,3.0,1,2,0.25,0.4,0,2026-08-06T03:30:35+00:00
政府电子数据取证与情报技术岗,2023-10,2024-10,电子信息,通信与电子技术,频率上升技能,4,1,2,1,0.5,1.0,0.5,1.0,2,3,0.5,0.6,0,2026-08-06T03:30:35+00:00
政府电子数据取证与情报技术岗,2023-10,2024-10,计算机科学与技术,计算机基础,频率上升技能,4,1,3,1,0.75,1.0,0.25,0.333333,3,4,0.75,0.8,0,2026-08-06T03:30:35+00:00
政府电子数据取证与情报技术岗,2023-10,2024-10,软件工程,软件工程,频率上升技能,4,1,2,1,0.5,1.0,0.5,1.0,2,3,0.5,0.6,0,2026-08-06T03:30:35+00:00
政府电子数据取证与情报技术岗,2023-10,2025-10,信息安全,网络与安全,新增技能,4,5,0,2,0.0,0.4,0.4,1.0,0,2,0.0,0.2,0,2026-08-06T03:30:35+00:00
政府电子数据取证与情报技术岗,2023-10,2025-10,数据计算及应用,数据与统计,新增技能,4,5,0,2,0.0,0.4,0.4,1.0,0,2,0.0,0.2,0,2026-08-06T03:30:35+00:00
政府电子数据取证与情报技术岗,2023-10,2025-10,网络工程,网络与基础设施,新增技能,4,5,0,2,0.0,0.4,0.4,1.0,0,3,0.0,0.3,0,2026-08-06T03:30:35+00:00
政府电子数据取证与情报技术岗,2023-10,2025-10,统计学,数据与统计,消失技能,4,5,1,0,0.25,0.0,-0.25,-1.0,1,1,0.25,0.1,0,2026-08-06T03:30:35+00:00
政府电子数据取证与情报技术岗,2023-10,2025-10,自动化,智能化技术,消失技能,4,5,1,0,0.25,0.0,-0.25,-1.0,1,1,0.25,0.1,0,2026-08-06T03:30:35+00:00
政府电子数据取证与情报技术岗,2023-10,2025-10,情报技术,政法信息技术,频率上升技能,4,5,1,2,0.25,0.4,0.15,0.6,1,3,0.25,0.3,0,2026-08-06T03:30:35+00:00
政府电子数据取证与情报技术岗,2023-10,2025-10,数据分析,数据与统计,频率上升技能,4,5,1,4,0.25,0.8,0.55,2.2,1,6,0.25,0.6,0,2026-08-06T03:30:35+00:00
政府电子数据取证与情报技术岗,2023-10,2025-10,数据科学与大数据技术,数据与统计,频率上升技能,4,5,1,3,0.25,0.6,0.35,1.4,1,5,0.25,0.5,0,2026-08-06T03:30:35+00:00
政府电子数据取证与情报技术岗,2023-10,2025-10,电子信息,通信与电子技术,频率上升技能,4,5,2,3,0.5,0.6,0.1,0.2,2,6,0.5,0.6,0,2026-08-06T03:30:35+00:00
政府电子数据取证与情报技术岗,2023-10,2025-10,计算机科学与技术,计算机基础,频率上升技能,4,5,3,5,0.75,1.0,0.25,0.333333,3,9,0.75,0.9,0,2026-08-06T03:30:35+00:00
政府电子数据取证与情报技术岗,2023-10,2025-10,软件工程,软件工程,频率上升技能,4,5,2,4,0.5,0.8,0.3,0.6,2,7,0.5,0.7,0,2026-08-06T03:30:35+00:00
政府电子数据取证与情报技术岗,2023-10,2025-10,网络空间安全,网络与安全,频率下降技能,4,5,3,1,0.75,0.2,-0.55,-0.733333,3,4,0.75,0.4,0,2026-08-06T03:30:35+00:00
政府电子数据取证与情报技术岗,2023-10,2025-10,通信工程,通信与电子技术,频率下降技能,4,5,3,2,0.75,0.4,-0.35,-0.466667,3,5,0.75,0.5,0,2026-08-06T03:30:35+00:00
政府电子数据取证与情报技术岗,2024-10,2025-10,信息安全,网络与安全,新增技能,1,5,0,2,0.0,0.4,0.4,1.0,0,2,0.0,0.2,0,2026-08-06T03:30:35+00:00
政府电子数据取证与情报技术岗,2024-10,2025-10,数据计算及应用,数据与统计,新增技能,1,5,0,2,0.0,0.4,0.4,1.0,0,2,0.0,0.2,0,2026-08-06T03:30:35+00:00
政府电子数据取证与情报技术岗,2024-10,2025-10,系统运维,网络与基础设施,消失技能,1,5,1,0,1.0,0.0,-1.0,-1.0,1,1,0.2,0.1,0,2026-08-06T03:30:35+00:00
政府电子数据取证与情报技术岗,2024-10,2025-10,计算机科学与技术,计算机基础,稳定核心技能,1,5,1,5,1.0,1.0,0.0,0.0,4,9,0.8,0.9,1,2026-08-06T03:30:35+00:00
政府电子数据取证与情报技术岗,2024-10,2025-10,情报技术,政法信息技术,频率上升技能,1,5,0,2,0.0,0.4,0.4,1.0,1,3,0.2,0.3,0,2026-08-06T03:30:35+00:00
政府电子数据取证与情报技术岗,2024-10,2025-10,网络空间安全,网络与安全,频率上升技能,1,5,0,1,0.0,0.2,0.2,1.0,3,4,0.6,0.4,0,2026-08-06T03:30:35+00:00
政府电子数据取证与情报技术岗,2024-10,2025-10,通信工程,通信与电子技术,频率上升技能,1,5,0,2,0.0,0.4,0.4,1.0,3,5,0.6,0.5,0,2026-08-06T03:30:35+00:00
政府电子数据取证与情报技术岗,2024-10,2025-10,数据分析,数据与统计,频率下降技能,1,5,1,4,1.0,0.8,-0.2,-0.2,2,6,0.4,0.6,0,2026-08-06T03:30:35+00:00
政府电子数据取证与情报技术岗,2024-10,2025-10,数据科学与大数据技术,数据与统计,频率下降技能,1,5,1,3,1.0,0.6,-0.4,-0.4,2,5,0.4,0.5,0,2026-08-06T03:30:35+00:00
政府电子数据取证与情报技术岗,2024-10,2025-10,电子信息,通信与电子技术,频率下降技能,1,5,1,3,1.0,0.6,-0.4,-0.4,3,6,0.6,0.6,0,2026-08-06T03:30:35+00:00
政府电子数据取证与情报技术岗,2024-10,2025-10,网络工程,网络与基础设施,频率下降技能,1,5,1,2,1.0,0.4,-0.6,-0.6,1,3,0.2,0.3,0,2026-08-06T03:30:35+00:00
政府电子数据取证与情报技术岗,2024-10,2025-10,软件工程,软件工程,频率下降技能,1,5,1,4,1.0,0.8,-0.2,-0.2,3,7,0.6,0.7,0,2026-08-06T03:30:35+00:00
政府网络与数据安全岗,2023-10,2024-10,密码技术,网络与安全,新增技能,38,44,0,2,0.0,0.045455,0.045455,1.0,0,2,0.0,0.02439,0,2026-08-06T03:30:35+00:00
政府网络与数据安全岗,2023-10,2024-10,数据分析,数据与统计,新增技能,38,44,0,4,0.0,0.090909,0.090909,1.0,0,4,0.0,0.04878,0,2026-08-06T03:30:35+00:00
政府网络与数据安全岗,2023-10,2024-10,电子信息工程,通信与电子技术,新增技能,38,44,0,1,0.0,0.022727,0.022727,1.0,0,1,0.0,0.012195,0,2026-08-06T03:30:35+00:00
政府网络与数据安全岗,2023-10,2024-10,数据安全,网络与安全,稳定核心技能,38,44,21,24,0.552632,0.545455,-0.007177,-0.012987,21,45,0.552632,0.54878,1,2026-08-06T03:30:35+00:00
政府网络与数据安全岗,2023-10,2024-10,网络空间安全,网络与安全,稳定核心技能,38,44,17,20,0.447368,0.454545,0.007177,0.016043,17,37,0.447368,0.45122,1,2026-08-06T03:30:35+00:00
政府网络与数据安全岗,2023-10,2024-10,软件工程,软件工程,稳定核心技能,38,44,15,19,0.394737,0.431818,0.037081,0.093938,15,34,0.394737,0.414634,1,2026-08-06T03:30:35+00:00
政府网络与数据安全岗,2023-10,2024-10,人工智能,智能化技术,频率上升技能,38,44,2,6,0.052632,0.136364,0.083732,1.590895,2,8,0.052632,0.097561,0,2026-08-06T03:30:35+00:00
政府网络与数据安全岗,2023-10,2024-10,电子信息,通信与电子技术,频率上升技能,38,44,5,14,0.131579,0.318182,0.186603,1.418182,5,19,0.131579,0.231707,0,2026-08-06T03:30:35+00:00
政府网络与数据安全岗,2023-10,2024-10,通信工程,通信与电子技术,频率上升技能,38,44,7,15,0.184211,0.340909,0.156698,0.850644,7,22,0.184211,0.268293,0,2026-08-06T03:30:35+00:00
政府网络与数据安全岗,2023-10,2024-10,信息安全,网络与安全,频率下降技能,38,44,35,36,0.921053,0.818182,-0.102871,-0.111688,35,71,0.921053,0.865854,0,2026-08-06T03:30:35+00:00
政府网络与数据安全岗,2023-10,2025-10,密码技术,网络与安全,新增技能,38,26,0,4,0.0,0.153846,0.153846,1.0,0,6,0.0,0.055556,0,2026-08-06T03:30:35+00:00
政府网络与数据安全岗,2023-10,2025-10,数据分析,数据与统计,新增技能,38,26,0,1,0.0,0.038462,0.038462,1.0,0,5,0.0,0.046296,0,2026-08-06T03:30:35+00:00
政府网络与数据安全岗,2023-10,2025-10,遥感技术,空间信息技术,新增技能,38,26,0,1,0.0,0.038462,0.038462,1.0,0,1,0.0,0.009259,0,2026-08-06T03:30:35+00:00
政府网络与数据安全岗,2023-10,2025-10,信息化建设,政务信息化,消失技能,38,26,1,0,0.026316,0.0,-0.026316,-1.0,1,2,0.026316,0.018519,0,2026-08-06T03:30:35+00:00
政府网络与数据安全岗,2023-10,2025-10,物联网工程,智能化技术,消失技能,38,26,2,0,0.052632,0.0,-0.052632,-1.0,2,3,0.052632,0.027778,0,2026-08-06T03:30:35+00:00
政府网络与数据安全岗,2023-10,2025-10,系统运维,网络与基础设施,消失技能,38,26,1,0,0.026316,0.0,-0.026316,-1.0,1,3,0.026316,0.027778,0,2026-08-06T03:30:35+00:00
政府网络与数据安全岗,2023-10,2025-10,网络运维,网络与基础设施,消失技能,38,26,1,0,0.026316,0.0,-0.026316,-1.0,1,2,0.026316,0.018519,0,2026-08-06T03:30:35+00:00
政府网络与数据安全岗,2023-10,2025-10,自动化,智能化技术,消失技能,38,26,2,0,0.052632,0.0,-0.052632,-1.0,2,4,0.052632,0.037037,0,2026-08-06T03:30:35+00:00
政府网络与数据安全岗,2023-10,2025-10,数据安全,网络与安全,稳定核心技能,38,26,21,15,0.552632,0.576923,0.024291,0.043955,21,60,0.552632,0.555556,1,2026-08-06T03:30:35+00:00
政府网络与数据安全岗,2023-10,2025-10,计算机科学与技术,计算机基础,稳定核心技能,38,26,26,17,0.684211,0.653846,-0.030365,-0.04438,26,70,0.684211,0.648148,1,2026-08-06T03:30:35+00:00
政府网络与数据安全岗,2023-10,2025-10,信息系统,政务信息化,频率上升技能,38,26,4,5,0.105263,0.192308,0.087045,0.826929,4,11,0.105263,0.101852,0,2026-08-06T03:30:35+00:00
政府网络与数据安全岗,2023-10,2025-10,电子信息,通信与电子技术,频率上升技能,38,26,5,9,0.131579,0.346154,0.214575,1.630769,5,28,0.131579,0.259259,0,2026-08-06T03:30:35+00:00
政府网络与数据安全岗,2023-10,2025-10,通信工程,通信与电子技术,频率上升技能,38,26,7,7,0.184211,0.269231,0.08502,0.461536,7,29,0.184211,0.268519,0,2026-08-06T03:30:35+00:00
政府网络与数据安全岗,2023-10,2025-10,信息安全,网络与安全,频率下降技能,38,26,35,17,0.921053,0.653846,-0.267207,-0.29011,35,88,0.921053,0.814815,0,2026-08-06T03:30:35+00:00
政府网络与数据安全岗,2023-10,2025-10,网络工程,网络与基础设施,频率下降技能,38,26,7,2,0.184211,0.076923,-0.107288,-0.582419,7,18,0.184211,0.166667,0,2026-08-06T03:30:35+00:00
政府网络与数据安全岗,2023-10,2025-10,软件工程,软件工程,频率下降技能,38,26,15,6,0.394737,0.230769,-0.163968,-0.415385,15,40,0.394737,0.37037,0,2026-08-06T03:30:35+00:00
政府网络与数据安全岗,2024-10,2025-10,遥感技术,空间信息技术,新增技能,44,26,0,1,0.0,0.038462,0.038462,1.0,0,1,0.0,0.009259,0,2026-08-06T03:30:35+00:00
政府网络与数据安全岗,2024-10,2025-10,信息化建设,政务信息化,消失技能,44,26,1,0,0.022727,0.0,-0.022727,-1.0,2,2,0.02439,0.018519,0,2026-08-06T03:30:35+00:00
政府网络与数据安全岗,2024-10,2025-10,物联网工程,智能化技术,消失技能,44,26,1,0,0.022727,0.0,-0.022727,-1.0,3,3,0.036585,0.027778,0,2026-08-06T03:30:35+00:00
政府网络与数据安全岗,2024-10,2025-10,电子信息工程,通信与电子技术,消失技能,44,26,1,0,0.022727,0.0,-0.022727,-1.0,1,1,0.012195,0.009259,0,2026-08-06T03:30:35+00:00
政府网络与数据安全岗,2024-10,2025-10,系统运维,网络与基础设施,消失技能,44,26,2,0,0.045455,0.0,-0.045455,-1.0,3,3,0.036585,0.027778,0,2026-08-06T03:30:35+00:00
政府网络与数据安全岗,2024-10,2025-10,网络运维,网络与基础设施,消失技能,44,26,1,0,0.022727,0.0,-0.022727,-1.0,2,2,0.02439,0.018519,0,2026-08-06T03:30:35+00:00
政府网络与数据安全岗,2024-10,2025-10,自动化,智能化技术,消失技能,44,26,2,0,0.045455,0.0,-0.045455,-1.0,4,4,0.04878,0.037037,0,2026-08-06T03:30:35+00:00
政府网络与数据安全岗,2024-10,2025-10,数据安全,网络与安全,稳定核心技能,44,26,24,15,0.545455,0.576923,0.031468,0.057691,45,60,0.54878,0.555556,1,2026-08-06T03:30:35+00:00
政府网络与数据安全岗,2024-10,2025-10,计算机科学与技术,计算机基础,稳定核心技能,44,26,27,17,0.613636,0.653846,0.04021,0.065527,53,70,0.646341,0.648148,1,2026-08-06T03:30:35+00:00
政府网络与数据安全岗,2024-10,2025-10,信息系统,政务信息化,频率上升技能,44,26,2,5,0.045455,0.192308,0.146853,3.230734,6,11,0.073171,0.101852,0,2026-08-06T03:30:35+00:00
政府网络与数据安全岗,2024-10,2025-10,密码技术,网络与安全,频率上升技能,44,26,2,4,0.045455,0.153846,0.108391,2.384578,2,6,0.02439,0.055556,0,2026-08-06T03:30:35+00:00
政府网络与数据安全岗,2024-10,2025-10,信息安全,网络与安全,频率下降技能,44,26,36,17,0.818182,0.653846,-0.164336,-0.200855,71,88,0.865854,0.814815,0,2026-08-06T03:30:35+00:00
政府网络与数据安全岗,2024-10,2025-10,网络工程,网络与基础设施,频率下降技能,44,26,9,2,0.204545,0.076923,-0.127622,-0.623931,16,18,0.195122,0.166667,0,2026-08-06T03:30:35+00:00
政府网络与数据安全岗,2024-10,2025-10,软件工程,软件工程,频率下降技能,44,26,19,6,0.431818,0.230769,-0.201049,-0.465587,34,40,0.414634,0.37037,0,2026-08-06T03:30:35+00:00
政府网络与通信运维岗,2023-10,2024-10,信息管理与信息系统,政务信息化,新增技能,13,8,0,2,0.0,0.25,0.25,1.0,0,2,0.0,0.095238,0,2026-08-06T03:30:35+00:00
政府网络与通信运维岗,2023-10,2024-10,大数据管理与应用,政务信息化,新增技能,13,8,0,2,0.0,0.25,0.25,1.0,0,2,0.0,0.095238,0,2026-08-06T03:30:35+00:00
政府网络与通信运维岗,2023-10,2024-10,数据管理,数据与统计,新增技能,13,8,0,2,0.0,0.25,0.25,1.0,0,2,0.0,0.095238,0,2026-08-06T03:30:35+00:00
政府网络与通信运维岗,2023-10,2024-10,信息安全,网络与安全,消失技能,13,8,3,0,0.230769,0.0,-0.230769,-1.0,3,3,0.230769,0.142857,0,2026-08-06T03:30:35+00:00
政府网络与通信运维岗,2023-10,2024-10,数据分析,数据与统计,消失技能,13,8,3,0,0.230769,0.0,-0.230769,-1.0,3,3,0.230769,0.142857,0,2026-08-06T03:30:35+00:00
政府网络与通信运维岗,2023-10,2024-10,数据安全,网络与安全,消失技能,13,8,1,0,0.076923,0.0,-0.076923,-1.0,1,1,0.076923,0.047619,0,2026-08-06T03:30:35+00:00
政府网络与通信运维岗,2023-10,2024-10,电子信息工程,通信与电子技术,消失技能,13,8,3,0,0.230769,0.0,-0.230769,-1.0,3,3,0.230769,0.142857,0,2026-08-06T03:30:35+00:00
政府网络与通信运维岗,2023-10,2024-10,网络工程,网络与基础设施,消失技能,13,8,2,0,0.153846,0.0,-0.153846,-1.0,2,2,0.153846,0.095238,0,2026-08-06T03:30:35+00:00
政府网络与通信运维岗,2023-10,2024-10,网络空间安全,网络与安全,频率上升技能,13,8,5,4,0.384615,0.5,0.115385,0.300001,5,9,0.384615,0.428571,0,2026-08-06T03:30:35+00:00
政府网络与通信运维岗,2023-10,2024-10,软件工程,软件工程,频率上升技能,13,8,7,5,0.538462,0.625,0.086538,0.160713,7,12,0.538462,0.571429,0,2026-08-06T03:30:35+00:00
政府网络与通信运维岗,2023-10,2024-10,电子信息,通信与电子技术,频率下降技能,13,8,6,3,0.461538,0.375,-0.086538,-0.187499,6,9,0.461538,0.428571,0,2026-08-06T03:30:35+00:00
政府网络与通信运维岗,2023-10,2024-10,通信工程,通信与电子技术,频率下降技能,13,8,11,5,0.846154,0.625,-0.221154,-0.261364,11,16,0.846154,0.761905,0,2026-08-06T03:30:35+00:00
政府网络与通信运维岗,2023-10,2025-10,人工智能,智能化技术,新增技能,13,11,0,5,0.0,0.454545,0.454545,1.0,0,5,0.0,0.15625,0,2026-08-06T03:30:35+00:00
政府网络与通信运维岗,2023-10,2025-10,网络运维,网络与基础设施,新增技能,13,11,0,1,0.0,0.090909,0.090909,1.0,0,1,0.0,0.03125,0,2026-08-06T03:30:35+00:00
政府网络与通信运维岗,2023-10,2025-10,信息系统,政务信息化,消失技能,13,11,3,0,0.230769,0.0,-0.230769,-1.0,3,5,0.230769,0.15625,0,2026-08-06T03:30:35+00:00
政府网络与通信运维岗,2023-10,2025-10,数据分析,数据与统计,消失技能,13,11,3,0,0.230769,0.0,-0.230769,-1.0,3,3,0.230769,0.09375,0,2026-08-06T03:30:35+00:00
政府网络与通信运维岗,2023-10,2025-10,数据安全,网络与安全,消失技能,13,11,1,0,0.076923,0.0,-0.076923,-1.0,1,1,0.076923,0.03125,0,2026-08-06T03:30:35+00:00
政府网络与通信运维岗,2023-10,2025-10,系统运维,网络与基础设施,消失技能,13,11,1,0,0.076923,0.0,-0.076923,-1.0,1,2,0.076923,0.0625,0,2026-08-06T03:30:35+00:00
政府网络与通信运维岗,2023-10,2025-10,网络工程,网络与基础设施,消失技能,13,11,2,0,0.153846,0.0,-0.153846,-1.0,2,2,0.153846,0.0625,0,2026-08-06T03:30:35+00:00
政府网络与通信运维岗,2023-10,2025-10,网络空间安全,网络与安全,稳定核心技能,13,11,5,4,0.384615,0.363636,-0.020979,-0.054545,5,13,0.384615,0.40625,1,2026-08-06T03:30:35+00:00
政府网络与通信运维岗,2023-10,2025-10,软件工程,软件工程,稳定核心技能,13,11,7,6,0.538462,0.545455,0.006993,0.012987,7,18,0.538462,0.5625,1,2026-08-06T03:30:35+00:00
政府网络与通信运维岗,2023-10,2025-10,数据科学与大数据技术,数据与统计,频率上升技能,13,11,1,2,0.076923,0.181818,0.104895,1.363636,1,4,0.076923,0.125,0,2026-08-06T03:30:35+00:00
政府网络与通信运维岗,2023-10,2025-10,电子信息,通信与电子技术,频率上升技能,13,11,6,8,0.461538,0.727273,0.265735,0.57576,6,17,0.461538,0.53125,0,2026-08-06T03:30:35+00:00
政府网络与通信运维岗,2023-10,2025-10,信息安全,网络与安全,频率下降技能,13,11,3,1,0.230769,0.090909,-0.13986,-0.606061,3,4,0.230769,0.125,0,2026-08-06T03:30:35+00:00
政府网络与通信运维岗,2023-10,2025-10,通信工程,通信与电子技术,频率下降技能,13,11,11,6,0.846154,0.545455,-0.300699,-0.355371,11,22,0.846154,0.6875,0,2026-08-06T03:30:35+00:00
政府网络与通信运维岗,2024-10,2025-10,人工智能,智能化技术,新增技能,8,11,0,5,0.0,0.454545,0.454545,1.0,0,5,0.0,0.15625,0,2026-08-06T03:30:35+00:00
政府网络与通信运维岗,2024-10,2025-10,网络运维,网络与基础设施,新增技能,8,11,0,1,0.0,0.090909,0.090909,1.0,0,1,0.0,0.03125,0,2026-08-06T03:30:35+00:00
政府网络与通信运维岗,2024-10,2025-10,信息管理与信息系统,政务信息化,消失技能,8,11,2,0,0.25,0.0,-0.25,-1.0,2,2,0.095238,0.0625,0,2026-08-06T03:30:35+00:00
政府网络与通信运维岗,2024-10,2025-10,信息系统,政务信息化,消失技能,8,11,2,0,0.25,0.0,-0.25,-1.0,5,5,0.238095,0.15625,0,2026-08-06T03:30:35+00:00
政府网络与通信运维岗,2024-10,2025-10,大数据管理与应用,政务信息化,消失技能,8,11,2,0,0.25,0.0,-0.25,-1.0,2,2,0.095238,0.0625,0,2026-08-06T03:30:35+00:00
政府网络与通信运维岗,2024-10,2025-10,数据管理,数据与统计,消失技能,8,11,2,0,0.25,0.0,-0.25,-1.0,2,2,0.095238,0.0625,0,2026-08-06T03:30:35+00:00
政府网络与通信运维岗,2024-10,2025-10,系统运维,网络与基础设施,消失技能,8,11,1,0,0.125,0.0,-0.125,-1.0,2,2,0.095238,0.0625,0,2026-08-06T03:30:35+00:00
政府网络与通信运维岗,2024-10,2025-10,计算机科学与技术,计算机基础,稳定核心技能,8,11,8,11,1.0,1.0,0.0,0.0,20,31,0.952381,0.96875,1,2026-08-06T03:30:35+00:00
政府网络与通信运维岗,2024-10,2025-10,信息安全,网络与安全,频率上升技能,8,11,0,1,0.0,0.090909,0.090909,1.0,3,4,0.142857,0.125,0,2026-08-06T03:30:35+00:00
政府网络与通信运维岗,2024-10,2025-10,电子信息,通信与电子技术,频率上升技能,8,11,3,8,0.375,0.727273,0.352273,0.939395,9,17,0.428571,0.53125,0,2026-08-06T03:30:35+00:00
政府网络与通信运维岗,2024-10,2025-10,电子信息工程,通信与电子技术,频率上升技能,8,11,0,3,0.0,0.272727,0.272727,1.0,3,6,0.142857,0.1875,0,2026-08-06T03:30:35+00:00
政府网络与通信运维岗,2024-10,2025-10,网络空间安全,网络与安全,频率下降技能,8,11,4,4,0.5,0.363636,-0.136364,-0.272728,9,13,0.428571,0.40625,0,2026-08-06T03:30:35+00:00
政府警务信息技术保障岗,2023-10,2024-10,系统运维,网络与基础设施,新增技能,40,24,0,2,0.0,0.083333,0.083333,1.0,0,2,0.0,0.03125,0,2026-08-06T03:30:35+00:00
政府警务信息技术保障岗,2023-10,2024-10,自动化,智能化技术,新增技能,40,24,0,1,0.0,0.041667,0.041667,1.0,0,1,0.0,0.015625,0,2026-08-06T03:30:35+00:00
政府警务信息技术保障岗,2023-10,2024-10,人工智能,智能化技术,消失技能,40,24,1,0,0.025,0.0,-0.025,-1.0,1,1,0.025,0.015625,0,2026-08-06T03:30:35+00:00
政府警务信息技术保障岗,2023-10,2024-10,大数据管理与应用,政务信息化,消失技能,40,24,1,0,0.025,0.0,-0.025,-1.0,1,1,0.025,0.015625,0,2026-08-06T03:30:35+00:00
政府警务信息技术保障岗,2023-10,2024-10,数据管理,数据与统计,消失技能,40,24,1,0,0.025,0.0,-0.025,-1.0,1,1,0.025,0.015625,0,2026-08-06T03:30:35+00:00
政府警务信息技术保障岗,2023-10,2024-10,物联网工程,智能化技术,消失技能,40,24,1,0,0.025,0.0,-0.025,-1.0,1,1,0.025,0.015625,0,2026-08-06T03:30:35+00:00
政府警务信息技术保障岗,2023-10,2024-10,统计学,数据与统计,消失技能,40,24,1,0,0.025,0.0,-0.025,-1.0,1,1,0.025,0.015625,0,2026-08-06T03:30:35+00:00
政府警务信息技术保障岗,2023-10,2024-10,网络工程,网络与基础设施,消失技能,40,24,5,0,0.125,0.0,-0.125,-1.0,5,5,0.125,0.078125,0,2026-08-06T03:30:35+00:00
政府警务信息技术保障岗,2023-10,2024-10,信息安全,网络与安全,频率下降技能,40,24,7,1,0.175,0.041667,-0.133333,-0.761903,7,8,0.175,0.125,0,2026-08-06T03:30:35+00:00
政府警务信息技术保障岗,2023-10,2024-10,电子信息,通信与电子技术,频率下降技能,40,24,10,3,0.25,0.125,-0.125,-0.5,10,13,0.25,0.203125,0,2026-08-06T03:30:35+00:00
政府警务信息技术保障岗,2023-10,2024-10,软件工程,软件工程,频率下降技能,40,24,17,3,0.425,0.125,-0.3,-0.705882,17,20,0.425,0.3125,0,2026-08-06T03:30:35+00:00
政府警务信息技术保障岗,2023-10,2024-10,通信工程,通信与电子技术,频率下降技能,40,24,12,4,0.3,0.166667,-0.133333,-0.444443,12,16,0.3,0.25,0,2026-08-06T03:30:35+00:00
政府警务信息技术保障岗,2023-10,2025-10,密码技术,网络与安全,新增技能,40,24,0,1,0.0,0.041667,0.041667,1.0,0,1,0.0,0.011364,0,2026-08-06T03:30:35+00:00
政府警务信息技术保障岗,2023-10,2025-10,数据安全,网络与安全,新增技能,40,24,0,2,0.0,0.083333,0.083333,1.0,0,2,0.0,0.022727,0,2026-08-06T03:30:35+00:00
政府警务信息技术保障岗,2023-10,2025-10,网络运维,网络与基础设施,新增技能,40,24,0,3,0.0,0.125,0.125,1.0,0,3,0.0,0.034091,0,2026-08-06T03:30:35+00:00
政府警务信息技术保障岗,2023-10,2025-10,自动化,智能化技术,新增技能,40,24,0,10,0.0,0.416667,0.416667,1.0,0,11,0.0,0.125,0,2026-08-06T03:30:35+00:00
政府警务信息技术保障岗,2023-10,2025-10,物联网工程,智能化技术,消失技能,40,24,1,0,0.025,0.0,-0.025,-1.0,1,1,0.025,0.011364,0,2026-08-06T03:30:35+00:00
政府警务信息技术保障岗,2023-10,2025-10,电子信息工程,通信与电子技术,消失技能,40,24,1,0,0.025,0.0,-0.025,-1.0,1,3,0.025,0.034091,0,2026-08-06T03:30:35+00:00
政府警务信息技术保障岗,2023-10,2025-10,统计学,数据与统计,消失技能,40,24,1,0,0.025,0.0,-0.025,-1.0,1,1,0.025,0.011364,0,2026-08-06T03:30:35+00:00
政府警务信息技术保障岗,2023-10,2025-10,人工智能,智能化技术,频率上升技能,40,24,1,5,0.025,0.208333,0.183333,7.33332,1,6,0.025,0.068182,0,2026-08-06T03:30:35+00:00
政府警务信息技术保障岗,2023-10,2025-10,信息安全,网络与安全,频率上升技能,40,24,7,12,0.175,0.5,0.325,1.857143,7,20,0.175,0.227273,0,2026-08-06T03:30:35+00:00
政府警务信息技术保障岗,2023-10,2025-10,数据分析,数据与统计,频率上升技能,40,24,6,11,0.15,0.458333,0.308333,2.055553,6,20,0.15,0.227273,0,2026-08-06T03:30:35+00:00
政府警务信息技术保障岗,2023-10,2025-10,数据科学与大数据技术,数据与统计,频率上升技能,40,24,5,5,0.125,0.208333,0.083333,0.666664,5,14,0.125,0.159091,0,2026-08-06T03:30:35+00:00
政府警务信息技术保障岗,2023-10,2025-10,电子信息,通信与电子技术,频率上升技能,40,24,10,17,0.25,0.708333,0.458333,1.833332,10,30,0.25,0.340909,0,2026-08-06T03:30:35+00:00
政府警务信息技术保障岗,2023-10,2025-10,网络空间安全,网络与安全,频率上升技能,40,24,2,13,0.05,0.541667,0.491667,9.83334,2,16,0.05,0.181818,0,2026-08-06T03:30:35+00:00
政府警务信息技术保障岗,2023-10,2025-10,软件工程,软件工程,频率上升技能,40,24,17,17,0.425,0.708333,0.283333,0.666666,17,37,0.425,0.420455,0,2026-08-06T03:30:35+00:00
政府警务信息技术保障岗,2023-10,2025-10,通信工程,通信与电子技术,频率上升技能,40,24,12,12,0.3,0.5,0.2,0.666667,12,28,0.3,0.318182,0,2026-08-06T03:30:35+00:00
政府警务信息技术保障岗,2023-10,2025-10,计算机科学与技术,计算机基础,频率下降技能,40,24,37,19,0.925,0.791667,-0.133333,-0.144144,37,80,0.925,0.909091,0,2026-08-06T03:30:35+00:00
政府警务信息技术保障岗,2024-10,2025-10,密码技术,网络与安全,新增技能,24,24,0,1,0.0,0.041667,0.041667,1.0,0,1,0.0,0.011364,0,2026-08-06T03:30:35+00:00
政府警务信息技术保障岗,2024-10,2025-10,数据安全,网络与安全,新增技能,24,24,0,2,0.0,0.083333,0.083333,1.0,0,2,0.0,0.022727,0,2026-08-06T03:30:35+00:00
政府警务信息技术保障岗,2024-10,2025-10,网络运维,网络与基础设施,新增技能,24,24,0,3,0.0,0.125,0.125,1.0,0,3,0.0,0.034091,0,2026-08-06T03:30:35+00:00
政府警务信息技术保障岗,2024-10,2025-10,电子信息工程,通信与电子技术,消失技能,24,24,2,0,0.083333,0.0,-0.083333,-1.0,3,3,0.046875,0.034091,0,2026-08-06T03:30:35+00:00
政府警务信息技术保障岗,2024-10,2025-10,系统运维,网络与基础设施,消失技能,24,24,2,0,0.083333,0.0,-0.083333,-1.0,2,2,0.03125,0.022727,0,2026-08-06T03:30:35+00:00
政府警务信息技术保障岗,2024-10,2025-10,人工智能,智能化技术,频率上升技能,24,24,0,5,0.0,0.208333,0.208333,1.0,1,6,0.015625,0.068182,0,2026-08-06T03:30:35+00:00
政府警务信息技术保障岗,2024-10,2025-10,信息安全,网络与安全,频率上升技能,24,24,1,12,0.041667,0.5,0.458333,10.999904,8,20,0.125,0.227273,0,2026-08-06T03:30:35+00:00
政府警务信息技术保障岗,2024-10,2025-10,数据分析,数据与统计,频率上升技能,24,24,3,11,0.125,0.458333,0.333333,2.666664,9,20,0.140625,0.227273,0,2026-08-06T03:30:35+00:00
政府警务信息技术保障岗,2024-10,2025-10,电子信息,通信与电子技术,频率上升技能,24,24,3,17,0.125,0.708333,0.583333,4.666664,13,30,0.203125,0.340909,0,2026-08-06T03:30:35+00:00
政府警务信息技术保障岗,2024-10,2025-10,网络工程,网络与基础设施,频率上升技能,24,24,0,4,0.0,0.166667,0.166667,1.0,5,9,0.078125,0.102273,0,2026-08-06T03:30:35+00:00
政府警务信息技术保障岗,2024-10,2025-10,网络空间安全,网络与安全,频率上升技能,24,24,1,13,0.041667,0.541667,0.5,11.999904,3,16,0.046875,0.181818,0,2026-08-06T03:30:35+00:00
政府警务信息技术保障岗,2024-10,2025-10,自动化,智能化技术,频率上升技能,24,24,1,10,0.041667,0.416667,0.375,8.999928,1,11,0.015625,0.125,0,2026-08-06T03:30:35+00:00
政府警务信息技术保障岗,2024-10,2025-10,软件工程,软件工程,频率上升技能,24,24,3,17,0.125,0.708333,0.583333,4.666664,20,37,0.3125,0.420455,0,2026-08-06T03:30:35+00:00
政府警务信息技术保障岗,2024-10,2025-10,通信工程,通信与电子技术,频率上升技能,24,24,4,12,0.166667,0.5,0.333333,1.999994,16,28,0.25,0.318182,0,2026-08-06T03:30:35+00:00
政府警务信息技术保障岗,2024-10,2025-10,计算机科学与技术,计算机基础,频率下降技能,24,24,24,19,1.0,0.791667,-0.208333,-0.208333,61,80,0.953125,0.909091,0,2026-08-06T03:30:35+00:00
政府通信电子技术岗,2023-10,2024-10,人工智能,智能化技术,新增技能,7,11,0,1,0.0,0.090909,0.090909,1.0,0,1,0.0,0.055556,0,2026-08-06T03:30:35+00:00
政府通信电子技术岗,2023-10,2024-10,信息安全,网络与安全,新增技能,7,11,0,3,0.0,0.272727,0.272727,1.0,0,3,0.0,0.166667,0,2026-08-06T03:30:35+00:00
政府通信电子技术岗,2023-10,2024-10,数据科学与大数据技术,数据与统计,新增技能,7,11,0,3,0.0,0.272727,0.272727,1.0,0,3,0.0,0.166667,0,2026-08-06T03:30:35+00:00
政府通信电子技术岗,2023-10,2024-10,物联网工程,智能化技术,新增技能,7,11,0,1,0.0,0.090909,0.090909,1.0,0,1,0.0,0.055556,0,2026-08-06T03:30:35+00:00
政府通信电子技术岗,2023-10,2024-10,电子信息工程,通信与电子技术,新增技能,7,11,0,4,0.0,0.363636,0.363636,1.0,0,4,0.0,0.222222,0,2026-08-06T03:30:35+00:00
政府通信电子技术岗,2023-10,2024-10,网络工程,网络与基础设施,新增技能,7,11,0,2,0.0,0.181818,0.181818,1.0,0,2,0.0,0.111111,0,2026-08-06T03:30:35+00:00
政府通信电子技术岗,2023-10,2024-10,信息系统,政务信息化,消失技能,7,11,1,0,0.142857,0.0,-0.142857,-1.0,1,1,0.142857,0.055556,0,2026-08-06T03:30:35+00:00
政府通信电子技术岗,2023-10,2024-10,地理信息系统,空间信息技术,消失技能,7,11,1,0,0.142857,0.0,-0.142857,-1.0,1,1,0.142857,0.055556,0,2026-08-06T03:30:35+00:00
政府通信电子技术岗,2023-10,2024-10,网络空间安全,网络与安全,消失技能,7,11,2,0,0.285714,0.0,-0.285714,-1.0,2,2,0.285714,0.111111,0,2026-08-06T03:30:35+00:00
政府通信电子技术岗,2023-10,2024-10,自动化,智能化技术,消失技能,7,11,1,0,0.142857,0.0,-0.142857,-1.0,1,1,0.142857,0.055556,0,2026-08-06T03:30:35+00:00
政府通信电子技术岗,2023-10,2024-10,软件工程,软件工程,频率上升技能,7,11,2,5,0.285714,0.454545,0.168831,0.590909,2,7,0.285714,0.388889,0,2026-08-06T03:30:35+00:00
政府通信电子技术岗,2023-10,2024-10,通信工程,通信与电子技术,频率上升技能,7,11,3,7,0.428571,0.636364,0.207793,0.484851,3,10,0.428571,0.555556,0,2026-08-06T03:30:35+00:00
政府通信电子技术岗,2023-10,2025-10,人工智能,智能化技术,新增技能,7,2,0,1,0.0,0.5,0.5,1.0,0,2,0.0,0.1,0,2026-08-06T03:30:35+00:00
政府通信电子技术岗,2023-10,2025-10,信息系统,政务信息化,消失技能,7,2,1,0,0.142857,0.0,-0.142857,-1.0,1,1,0.142857,0.05,0,2026-08-06T03:30:35+00:00
政府通信电子技术岗,2023-10,2025-10,地理信息系统,空间信息技术,消失技能,7,2,1,0,0.142857,0.0,-0.142857,-1.0,1,1,0.142857,0.05,0,2026-08-06T03:30:35+00:00
政府通信电子技术岗,2023-10,2025-10,自动化,智能化技术,消失技能,7,2,1,0,0.142857,0.0,-0.142857,-1.0,1,1,0.142857,0.05,0,2026-08-06T03:30:35+00:00
政府通信电子技术岗,2023-10,2025-10,网络空间安全,网络与安全,频率上升技能,7,2,2,2,0.285714,1.0,0.714286,2.500004,2,4,0.285714,0.2,0,2026-08-06T03:30:35+00:00
政府通信电子技术岗,2023-10,2025-10,计算机科学与技术,计算机基础,频率上升技能,7,2,6,2,0.857143,1.0,0.142857,0.166666,6,18,0.857143,0.9,0,2026-08-06T03:30:35+00:00
政府通信电子技术岗,2023-10,2025-10,软件工程,软件工程,频率上升技能,7,2,2,2,0.285714,1.0,0.714286,2.500004,2,9,0.285714,0.45,0,2026-08-06T03:30:35+00:00
政府通信电子技术岗,2023-10,2025-10,通信工程,通信与电子技术,频率上升技能,7,2,3,2,0.428571,1.0,0.571429,1.333336,3,12,0.428571,0.6,0,2026-08-06T03:30:35+00:00
政府通信电子技术岗,2023-10,2025-10,电子信息,通信与电子技术,频率下降技能,7,2,5,1,0.714286,0.5,-0.214286,-0.3,5,13,0.714286,0.65,0,2026-08-06T03:30:35+00:00
政府通信电子技术岗,2024-10,2025-10,信息安全,网络与安全,消失技能,11,2,3,0,0.272727,0.0,-0.272727,-1.0,3,3,0.166667,0.15,0,2026-08-06T03:30:35+00:00
政府通信电子技术岗,2024-10,2025-10,数据科学与大数据技术,数据与统计,消失技能,11,2,3,0,0.272727,0.0,-0.272727,-1.0,3,3,0.166667,0.15,0,2026-08-06T03:30:35+00:00
政府通信电子技术岗,2024-10,2025-10,物联网工程,智能化技术,消失技能,11,2,1,0,0.090909,0.0,-0.090909,-1.0,1,1,0.055556,0.05,0,2026-08-06T03:30:35+00:00
政府通信电子技术岗,2024-10,2025-10,电子信息工程,通信与电子技术,消失技能,11,2,4,0,0.363636,0.0,-0.363636,-1.0,4,4,0.222222,0.2,0,2026-08-06T03:30:35+00:00
政府通信电子技术岗,2024-10,2025-10,网络工程,网络与基础设施,消失技能,11,2,2,0,0.181818,0.0,-0.181818,-1.0,2,2,0.111111,0.1,0,2026-08-06T03:30:35+00:00
政府通信电子技术岗,2024-10,2025-10,人工智能,智能化技术,频率上升技能,11,2,1,1,0.090909,0.5,0.409091,4.500006,1,2,0.055556,0.1,0,2026-08-06T03:30:35+00:00
政府通信电子技术岗,2024-10,2025-10,网络空间安全,网络与安全,频率上升技能,11,2,0,2,0.0,1.0,1.0,1.0,2,4,0.111111,0.2,0,2026-08-06T03:30:35+00:00
政府通信电子技术岗,2024-10,2025-10,计算机科学与技术,计算机基础,频率上升技能,11,2,10,2,0.909091,1.0,0.090909,0.1,16,18,0.888889,0.9,0,2026-08-06T03:30:35+00:00
政府通信电子技术岗,2024-10,2025-10,软件工程,软件工程,频率上升技能,11,2,5,2,0.454545,1.0,0.545455,1.200002,7,9,0.388889,0.45,0,2026-08-06T03:30:35+00:00
政府通信电子技术岗,2024-10,2025-10,通信工程,通信与电子技术,频率上升技能,11,2,7,2,0.636364,1.0,0.363636,0.571428,10,12,0.555556,0.6,0,2026-08-06T03:30:35+00:00
政府通信电子技术岗,2024-10,2025-10,电子信息,通信与电子技术,频率下降技能,11,2,7,1,0.636364,0.5,-0.136364,-0.214286,12,13,0.666667,0.65,0,2026-08-06T03:30:35+00:00
政府通用计算机技术岗,2023-10,2024-10,密码技术,网络与安全,新增技能,37,38,0,1,0.0,0.026316,0.026316,1.0,0,1,0.0,0.013333,0,2026-08-06T03:30:35+00:00
政府通用计算机技术岗,2023-10,2024-10,数据分析,数据与统计,新增技能,37,38,0,1,0.0,0.026316,0.026316,1.0,0,1,0.0,0.013333,0,2026-08-06T03:30:35+00:00
政府通用计算机技术岗,2023-10,2024-10,数据安全,网络与安全,新增技能,37,38,0,1,0.0,0.026316,0.026316,1.0,0,1,0.0,0.013333,0,2026-08-06T03:30:35+00:00
政府通用计算机技术岗,2023-10,2024-10,数据管理,数据与统计,新增技能,37,38,0,1,0.0,0.026316,0.026316,1.0,0,1,0.0,0.013333,0,2026-08-06T03:30:35+00:00
政府通用计算机技术岗,2023-10,2024-10,信息化建设,政务信息化,消失技能,37,38,1,0,0.027027,0.0,-0.027027,-1.0,1,1,0.027027,0.013333,0,2026-08-06T03:30:35+00:00
政府通用计算机技术岗,2023-10,2024-10,物联网工程,智能化技术,消失技能,37,38,2,0,0.054054,0.0,-0.054054,-1.0,2,2,0.054054,0.026667,0,2026-08-06T03:30:35+00:00
政府通用计算机技术岗,2023-10,2024-10,系统运维,网络与基础设施,消失技能,37,38,1,0,0.027027,0.0,-0.027027,-1.0,1,1,0.027027,0.013333,0,2026-08-06T03:30:35+00:00
政府通用计算机技术岗,2023-10,2024-10,数据科学与大数据技术,数据与统计,稳定核心技能,37,38,12,13,0.324324,0.342105,0.017781,0.054825,12,25,0.324324,0.333333,1,2026-08-06T03:30:35+00:00
政府通用计算机技术岗,2023-10,2024-10,信息安全,网络与安全,频率下降技能,37,38,21,8,0.567568,0.210526,-0.357042,-0.629074,21,29,0.567568,0.386667,0,2026-08-06T03:30:35+00:00
政府通用计算机技术岗,2023-10,2024-10,电子信息,通信与电子技术,频率下降技能,37,38,8,4,0.216216,0.105263,-0.110953,-0.513158,8,12,0.216216,0.16,0,2026-08-06T03:30:35+00:00
政府通用计算机技术岗,2023-10,2024-10,网络工程,网络与基础设施,频率下降技能,37,38,15,11,0.405405,0.289474,-0.115931,-0.285963,15,26,0.405405,0.346667,0,2026-08-06T03:30:35+00:00
政府通用计算机技术岗,2023-10,2024-10,网络运维,网络与基础设施,频率下降技能,37,38,8,2,0.216216,0.052632,-0.163584,-0.756577,8,10,0.216216,0.133333,0,2026-08-06T03:30:35+00:00
政府通用计算机技术岗,2023-10,2024-10,计算机科学与技术,计算机基础,频率下降技能,37,38,36,31,0.972973,0.815789,-0.157184,-0.16155,36,67,0.972973,0.893333,0,2026-08-06T03:30:35+00:00
政府通用计算机技术岗,2023-10,2024-10,软件工程,软件工程,频率下降技能,37,38,22,11,0.594595,0.289474,-0.305121,-0.513158,22,33,0.594595,0.44,0,2026-08-06T03:30:35+00:00
政府通用计算机技术岗,2023-10,2025-10,密码技术,网络与安全,新增技能,37,35,0,1,0.0,0.028571,0.028571,1.0,0,2,0.0,0.018182,0,2026-08-06T03:30:35+00:00
政府通用计算机技术岗,2023-10,2025-10,数据分析,数据与统计,新增技能,37,35,0,2,0.0,0.057143,0.057143,1.0,0,3,0.0,0.027273,0,2026-08-06T03:30:35+00:00
政府通用计算机技术岗,2023-10,2025-10,数据管理,数据与统计,新增技能,37,35,0,1,0.0,0.028571,0.028571,1.0,0,2,0.0,0.018182,0,2026-08-06T03:30:35+00:00
政府通用计算机技术岗,2023-10,2025-10,信息化建设,政务信息化,消失技能,37,35,1,0,0.027027,0.0,-0.027027,-1.0,1,1,0.027027,0.009091,0,2026-08-06T03:30:35+00:00
政府通用计算机技术岗,2023-10,2025-10,信息管理与信息系统,政务信息化,消失技能,37,35,1,0,0.027027,0.0,-0.027027,-1.0,1,2,0.027027,0.018182,0,2026-08-06T03:30:35+00:00
政府通用计算机技术岗,2023-10,2025-10,数据处理,数据与统计,消失技能,37,35,1,0,0.027027,0.0,-0.027027,-1.0,1,3,0.027027,0.027273,0,2026-08-06T03:30:35+00:00
政府通用计算机技术岗,2023-10,2025-10,物联网工程,智能化技术,消失技能,37,35,2,0,0.054054,0.0,-0.054054,-1.0,2,2,0.054054,0.018182,0,2026-08-06T03:30:35+00:00
政府通用计算机技术岗,2023-10,2025-10,电子信息工程,通信与电子技术,消失技能,37,35,2,0,0.054054,0.0,-0.054054,-1.0,2,3,0.054054,0.027273,0,2026-08-06T03:30:35+00:00
政府通用计算机技术岗,2023-10,2025-10,网络运维,网络与基础设施,消失技能,37,35,8,0,0.216216,0.0,-0.216216,-1.0,8,10,0.216216,0.090909,0,2026-08-06T03:30:35+00:00
政府通用计算机技术岗,2023-10,2025-10,网络工程,网络与基础设施,稳定核心技能,37,35,15,13,0.405405,0.371429,-0.033976,-0.083808,15,39,0.405405,0.354545,1,2026-08-06T03:30:35+00:00
政府通用计算机技术岗,2023-10,2025-10,软件工程,软件工程,稳定核心技能,37,35,22,20,0.594595,0.571429,-0.023166,-0.038961,22,53,0.594595,0.481818,1,2026-08-06T03:30:35+00:00
政府通用计算机技术岗,2023-10,2025-10,人工智能,智能化技术,频率上升技能,37,35,3,7,0.081081,0.2,0.118919,1.466669,3,14,0.081081,0.127273,0,2026-08-06T03:30:35+00:00
政府通用计算机技术岗,2023-10,2025-10,统计学,数据与统计,频率上升技能,37,35,2,5,0.054054,0.142857,0.088803,1.642857,2,8,0.054054,0.072727,0,2026-08-06T03:30:35+00:00
政府通用计算机技术岗,2023-10,2025-10,网络空间安全,网络与安全,频率上升技能,37,35,5,11,0.135135,0.314286,0.179151,1.325719,5,24,0.135135,0.218182,0,2026-08-06T03:30:35+00:00
政府通用计算机技术岗,2023-10,2025-10,信息安全,网络与安全,频率下降技能,37,35,21,12,0.567568,0.342857,-0.224711,-0.395919,21,41,0.567568,0.372727,0,2026-08-06T03:30:35+00:00
政府通用计算机技术岗,2023-10,2025-10,信息系统,政务信息化,频率下降技能,37,35,5,1,0.135135,0.028571,-0.106564,-0.788574,5,9,0.135135,0.081818,0,2026-08-06T03:30:35+00:00
政府通用计算机技术岗,2024-10,2025-10,信息管理与信息系统,政务信息化,消失技能,38,35,1,0,0.026316,0.0,-0.026316,-1.0,2,2,0.026667,0.018182,0,2026-08-06T03:30:35+00:00
政府通用计算机技术岗,2024-10,2025-10,数据处理,数据与统计,消失技能,38,35,2,0,0.052632,0.0,-0.052632,-1.0,3,3,0.04,0.027273,0,2026-08-06T03:30:35+00:00
政府通用计算机技术岗,2024-10,2025-10,数据安全,网络与安全,消失技能,38,35,1,0,0.026316,0.0,-0.026316,-1.0,1,1,0.013333,0.009091,0,2026-08-06T03:30:35+00:00
政府通用计算机技术岗,2024-10,2025-10,电子信息工程,通信与电子技术,消失技能,38,35,1,0,0.026316,0.0,-0.026316,-1.0,3,3,0.04,0.027273,0,2026-08-06T03:30:35+00:00
政府通用计算机技术岗,2024-10,2025-10,网络运维,网络与基础设施,消失技能,38,35,2,0,0.052632,0.0,-0.052632,-1.0,10,10,0.133333,0.090909,0,2026-08-06T03:30:35+00:00
政府通用计算机技术岗,2024-10,2025-10,人工智能,智能化技术,频率上升技能,38,35,4,7,0.105263,0.2,0.094737,0.900003,7,14,0.093333,0.127273,0,2026-08-06T03:30:35+00:00
政府通用计算机技术岗,2024-10,2025-10,信息安全,网络与安全,频率上升技能,38,35,8,12,0.210526,0.342857,0.132331,0.628573,29,41,0.386667,0.372727,0,2026-08-06T03:30:35+00:00
政府通用计算机技术岗,2024-10,2025-10,电子信息,通信与电子技术,频率上升技能,38,35,4,10,0.105263,0.285714,0.180451,1.714287,12,22,0.16,0.2,0,2026-08-06T03:30:35+00:00
政府通用计算机技术岗,2024-10,2025-10,统计学,数据与统计,频率上升技能,38,35,1,5,0.026316,0.142857,0.116541,4.428523,3,8,0.04,0.072727,0,2026-08-06T03:30:35+00:00
政府通用计算机技术岗,2024-10,2025-10,网络工程,网络与基础设施,频率上升技能,38,35,11,13,0.289474,0.371429,0.081955,0.283117,26,39,0.346667,0.354545,0,2026-08-06T03:30:35+00:00
政府通用计算机技术岗,2024-10,2025-10,网络空间安全,网络与安全,频率上升技能,38,35,8,11,0.210526,0.314286,0.10376,0.492861,13,24,0.173333,0.218182,0,2026-08-06T03:30:35+00:00
政府通用计算机技术岗,2024-10,2025-10,计算机科学与技术,计算机基础,频率上升技能,38,35,31,32,0.815789,0.914286,0.098497,0.120738,67,99,0.893333,0.9,0,2026-08-06T03:30:35+00:00
政府通用计算机技术岗,2024-10,2025-10,软件工程,软件工程,频率上升技能,38,35,11,20,0.289474,0.571429,0.281955,0.974025,33,53,0.44,0.481818,0,2026-08-06T03:30:35+00:00
政府通用计算机技术岗,2024-10,2025-10,数据科学与大数据技术,数据与统计,频率下降技能,38,35,13,9,0.342105,0.257143,-0.084962,-0.248351,25,34,0.333333,0.309091,0,2026-08-06T03:30:35+00:00
